IDProductoCM,model,marca,model name,engine,drive,transmission,year,version url,Motor - Combustible,Motor - Cilindrada,Motor - Potencia,Motor - Torque,Motor - Alimentación,Motor - Cilindros,Motor - Válvulas,Motor - Catalítico,Motor - Sistema start / stop,Performance - Aceleración 0-100 km/h,Performance - Rendimiento en ciudad,Performance - Rendimiento en ruta,Performance - Rendimiento mixto,Performance - Velocidad máxima,Transmisión y chasis - Motor - tracción,Transmisión y chasis - Transmisión,Transmisión y chasis - Neumáticos,Transmisión y chasis - Frenos (del. - tras.),Transmisión y chasis - Suspensión delantera,Transmisión y chasis - Suspensión trasera,Medidas y capacidades - Largo,Medidas y capacidades - Ancho sin espejos,Medidas y capacidades - Ancho con espejos,Medidas y capacidades - Alto,Medidas y capacidades - Distancia entre ejes,Medidas y capacidades - Baúl,Medidas y capacidades - Tanque de combustible,Medidas y capacidades - Peso,Medidas y capacidades - Capacidad de carga,Medidas y capacidades - Altura de piso,Medidas y capacidades - Capacidad de vadeo,Medidas y capacidades - Ángulo de ataque,Medidas y capacidades - Ángulo de partida,Medidas y capacidades - Ángulo ventral,Medidas y capacidades - Remolque con frenos,Medidas y capacidades - Remolque sin frenos,Medidas y capacidades - Capacidad de pendiente,Medidas y capacidades - Escalonamiento vertical,Medidas y capacidades - Inclinación lateral,Confort - Aire acondicionado,Confort - Alarma de luces encendidas,Confort - Asientos delanteros,Confort - Asientos traseros,Confort - Tapizados,Confort - Cierre de puertas,Confort - Vidrios (del. - tras.),Confort - Espejos exteriores,Confort - Espejo interior,Confort - Faros delanteros,Confort - Faros antiniebla,Confort - Computadora de a bordo,Confort - Dirección asistida,Confort - Llantas,Confort - Techo solar,Confort - Volante,Confort - Apertura de baúl y tapa de combustible,Confort - Sensores de estacionamiento,Seguridad - ABS,Seguridad - Distribución electrónica de frenado,Seguridad - Airbags,Seguridad - Alarma e inmovilizador de motor,Seguridad - Anclaje para asientos infantiles,Seguridad - Cinturones de seguridad,Seguridad - Tercera luz de stop,Seguridad - Control de tracción,Comunicación y entretenimiento - Equipo de música,Comunicación y entretenimiento - Parlantes,Comunicación y entretenimiento - Conexión auxiliar (iPod y Mp3),Comunicación y entretenimiento - Interfaz bluetooth,Comunicación y entretenimiento - Pantalla,Seguridad - Otros,Seguridad - Autobloqueo de puertas con velocidad,Confort - Control de velocidad crucero,Confort - Encendido del motor,Seguridad - Control de estabilidad,Comunicación y entretenimiento - Apple Carplay / Android Auto,Comunicación y entretenimiento - Conexión USB,Confort - Limpialuneta,Confort - Cámara de visión,Seguridad - Asistencia en frenada de emergencia,Comunicación y entretenimiento - Reproducción de audio vía bluetooth,Comunicación y entretenimiento - Sistema de control por voz para dispositivos,Comunicación y entretenimiento - MirrorLink,Comunicación y entretenimiento - Recarga inalámbrica del celular,Seguridad - Sensor de lluvia,Confort - Limitador de velocidad,Comunicación y entretenimiento - Wi-Fi,Confort - Puertas,Seguridad - Encendido automático de balizas,Seguridad - Luz de freno variable,Confort - Sistema de estacionamiento asistido,Confort - Palanca de cambios,Seguridad - Cabeceras delanteras activas,Comunicación y entretenimiento - Sistema de video,Comunicación y entretenimiento - Sistema de navegación,Transmisión y chasis - Neumáticos delanteros,Transmisión y chasis - Neumáticos traseros,Batería - Cantidad de celdas,Batería - Cantidad de módulos,Batería - Potencia,Batería - Tipo,Batería - Voltaje,Batería - Ubicación,Motor eléctrico - Potencia,Motor eléctrico - Torque,Motor eléctrico - Voltaje,Comunicación y entretenimiento - Preinstalación teléfono,Motor - Potencia total sistema híbrido,Comunicación y entretenimiento - Disco rígido,Unnamed: 0,Nro Licitación Pública,Id Convenio Marco,Convenio Marco,CodigoOC,NombreOC,Fecha Envío OC,EstadoOC,Proviene de Gran Compra,idGranCompra,Especificación del Comprador,Producto,Nombre Producto ONU,Tipo de Producto,Marca,Modelo,Precio Unitario,Cantidad,TotaLínea(Neto),Moneda,Monto Total OC Neto,Descuento Global OC,Cargos Adicionales OC,Subtotal OC,Impuestos,Monto Total OC,Rut Unidad de Compra,Unidad de Compra,Razón Social Comprador,Dirección Unidad Compra,Comuna Unidad Compra,Región Unidad de Compra,Institución,Sector,Rut Proveedor,Nombre Proveedor Sucursal,Nombre Empresa,Comuna del Proveedor,Región del Proveedor,Observaciones,Forma de Pago,Orgcode_Comprador,Entcode_Comprador,Orgcode_Proveedor,Entcode_Proveedor
2042918,chevrolet colorado lt 4X4 MT 2024.0,chevrolet,colorado lt,,4X4,MT,2024.0,https://www.autocosmos.cl/catalogo/2025/chevrolet/colorado/28l-ltz-awd-aut/178881,diesel,2777 cc,204/3400 cv/rpm,510/2000 N·m/rpm,inyección directa turbo diesel,4 en línea,16.0,sí,no,N/D,N/D,N/D,N/D,N/D,delantero - integral,automática 8 velocidades,265/60/R18,discos ventilados - tambor,"independiente, brazos inferiores articulados y barra estabilizadora",ballesta semielíptica con amortiguadores telescópicos de doble efecto,5344 mm,1871 mm,2132 mm,1845 mm,3095 mm,1061 dm3,76 l,2160 kg,940 kg,211 mm,N/D,N/D,N/D,N/D,2900 kg,N/D,N/D,N/D,N/D,climatizador bizona,sí,con ajuste eléctrico solo conductor,abatibles 60/40,símil cuero,centralizado con comando a distancia,eléctricos - eléctricos,"con función de plegado eléctrico, con luz de giro incorporadas, eléctricos",antideslumbrante automático,"con luces de marcha diurna, con luces led, con regulación y encendido automático",delanteros y traseros,sí,eléctrica,aleación,no tiene,"con ajuste en altura y profundidad, multifunción revestido en cuero",,delanteros y traseros,sí,sí,"conductor y acompañante, de cabeza delanteros y traseros (cortina), laterales delanteros",inmovilizador de motor,sí,"delanteros inerciales, traseros inerciales",sí,sí,"AM - FM con lector MP3, con comandos de audio al volante",6,sí,sí,"táctil de 11""","advertencia de colisión con autofrenado, asistente para arranque en pendientes, asistente para cambio de carril, control de descenso en pendientes, indicador de presión de neumáticos",,sí,"con botón, con sistema remoto",sí,sí,,,trasera,,sí,,,sí,sí,,,,,,,,,,,,,,,,,,,,,,,,,13050,2239-8-LR23,5802342.0,Convenio Marco de  Adquisición de Vehículos,3594-570-CM24,CAMIONETA CHEVROLET COLORADO,2024-08-05,Enviada a Proveedor,No,,(2042918) CAMIONETA CHEVROLET COLORADO LT 4X4 MT 2024 REGIÓN XVI,CAMIONETA CHEVROLET COLORADO LT 4X4 MT 2024 REGIÓN XVI,Automóviles,CAMIONETA,CHEVROLET,COLORADO LT 4X4 MT 2024,28965606,1.0,28965606,CLP,28965606,0,0,28965606,"5503465,14","34469071,14",69.140.200-2,I MUNICIPALIDAD DE PORTEZUELO,I MUNICIPALIDAD DE PORTEZUELO,O'Higgins  403,Portezuelo,Ñuble,I MUNICIPALIDAD DE PORTEZUELO,Municipalidades,91.139.000-0,Automotora Comercial Costabal y Echenique S.A,AUTOMOTORA COMERCIAL COSTABAL Y ECHENIQUE S A,,,Orden de Compra codigo: 3594-570-CM24 dirigida a AUTOMOTORA COMERCIAL COSTABAL Y ECHENIQUE S A,30 dias contra la recepcion conforme de la factura,4514,115299,41210,40543
2048792,jac t8 pro luxury 4X4 MT 2024.0,jac,t8 pro luxury,,4X4,MT,2024.0,https://www.autocosmos.cl/catalogo/2025/jac/t8/20l-advance-4x4/179229,diesel,1999 cc,137/3600 cv/rpm,320/1600-2600 N·m/rpm,inyección directa common rail turbo,4 en línea,16.0,sí,no,N/D,"11,1 km/l","12,9 km/l","12,2 km/l",N/D,delantero - integral,manual 6 velocidades,265/60/R18,discos ventilados - discos sólidos,"independiente con amortiguadores, espirales y barra estabilizadora",eje rígido con resorte,5325 mm,1880 mm,N/D,1830 mm,3090 mm,N/D,76 l,1960 kg,900 kg,220 mm,N/D,N/D,N/D,N/D,N/D,N/D,N/D,N/D,N/D,manual,sí,"con ajuste en altura solo conductor, con ajuste manual",abatibles completo,símil cuero,centralizado con comando a distancia,eléctricos - eléctricos,"con luz de giro incorporadas, eléctricos y térmicos",antideslumbrante manual,"con luces de marcha diurna, con luces de Xenón, con regulación interna",delanteros y traseros,sí,hidráulica,aleación,no tiene,"con ajuste en altura, multifunción revestido en símil cuero",interna solo tapa de combustible,traseros,sí,sí,conductor y acompañante,alarma e inmovilizador de motor,sí,"delanteros inerciales, traseros inerciales",sí,sí,"AM - FM con lector MP3, con comandos de audio al volante",6,sí,sí,táctil de 9'',"asistente para arranque en pendientes, control de ascenso en pendientes, indicador de presión de neumáticos",sí,sí,con botón,sí,sí,sí,,,sí,,,,,,,,,,,,,,,,,,,,,,,,,,,,,,19827,2239-8-LR23,5802342.0,Convenio Marco de  Adquisición de Vehículos,4371-199-CM24,Orden de Compra: 4371-199-CM24,2024-07-11,Aceptada,No,,(2048792) CAMIONETA JAC T8 PRO LUXURY 4X4 MT 2024 REGIÓN VI,CAMIONETA JAC T8 PRO LUXURY 4X4 MT 2024 REGIÓN VI,Automóviles,CAMIONETA,JAC,T8 PRO LUXURY 4X4 MT 2024,18481640,1.0,18481640,CLP,18481640,0,0,18481640,"3511511,6","21993151,6",69.081.000-k,Ilustre Municipalidad de San Vicente de Tagua Tagu,I MUNICIPALIDAD DE SAN VICENTE,Tagua Tagua 222,,Lib. Gral. Bdo. O'Higgins,Ilustre Municipalidad de San Vicente de Tagua Tagua,Municipalidades,86.385.500-4,COMERCIAL ANFRUNS Y COMPAÑIA SPA,COMERCIAL ANFRUNS Y COMPANIA SPA,,,Orden de Compra codigo: 4371-199-CM24 dirigida a COMERCIAL ANFRUNS Y COMPANIA SPA,30 dias contra la recepcion conforme de la factura,5287,135559,976986,184380
2048758,jac t8 xe advance 2.0t 4X4 MT 2024.0,jac,t8 xe advance 2.0t,,4X4,MT,2024.0,https://www.autocosmos.cl/catalogo/2025/jac/t8/20l-advance-4x4/179229,diesel,1999 cc,137/3600 cv/rpm,320/1600-2600 N·m/rpm,inyección directa common rail turbo,4 en línea,16.0,sí,no,N/D,"11,1 km/l","12,9 km/l","12,2 km/l",N/D,delantero - integral,manual 6 velocidades,265/60/R18,discos ventilados - discos sólidos,"independiente con amortiguadores, espirales y barra estabilizadora",eje rígido con resorte,5325 mm,1880 mm,N/D,1830 mm,3090 mm,N/D,76 l,1960 kg,900 kg,220 mm,N/D,N/D,N/D,N/D,N/D,N/D,N/D,N/D,N/D,manual,sí,"con ajuste en altura solo conductor, con ajuste manual",abatibles completo,símil cuero,centralizado con comando a distancia,eléctricos - eléctricos,"con luz de giro incorporadas, eléctricos y térmicos",antideslumbrante manual,"con luces de marcha diurna, con luces de Xenón, con regulación interna",delanteros y traseros,sí,hidráulica,aleación,no tiene,"con ajuste en altura, multifunción revestido en símil cuero",interna solo tapa de combustible,traseros,sí,sí,conductor y acompañante,alarma e inmovilizador de motor,sí,"delanteros inerciales, traseros inerciales",sí,sí,"AM - FM con lector MP3, con comandos de audio al volante",6,sí,sí,táctil de 9'',"asistente para arranque en pendientes, control de ascenso en pendientes, indicador de presión de neumáticos",sí,sí,con botón,sí,sí,sí,,,sí,,,,,,,,,,,,,,,,,,,,,,,,,,,,,,43729,2239-8-LR23,5802342.0,Convenio Marco de  Adquisición de Vehículos,4732-117-CM24,Adquisición de camioneta para la Dirección de Desarrollo Comunitario - presupuesto FIGEM 2023.,2024-04-15,Recepcion Conforme,No,,(2048758) CAMIONETA JAC T8 XE ADVANCE 2.0T 4X4 MT 2024 REGIÓN VI,CAMIONETA JAC T8 XE ADVANCE 2.0T 4X4 MT 2024 REGIÓN VI,Automóviles,CAMIONETA,JAC,T8 XE ADVANCE 2.0T 4X4 MT 2024,17929640,1.0,17929640,CLP,17929640,0,0,17929640,"3406631,6","21336271,6",69.080.400-K,Secpla,I MUNICIPALIDAD DE CODEGUA,"O""higgins 376",Codegua,Lib. Gral. Bdo. O'Higgins,Ilustre Municipalidad de Codegua,Municipalidades,86.385.500-4,COMERCIAL ANFRUNS Y COMPAÑIA SPA,COMERCIAL ANFRUNS Y COMPANIA SPA,,,Orden de Compra codigo: 4732-117-CM24 dirigida a COMERCIAL ANFRUNS Y COMPANIA SPA,30 dias contra la recepcion conforme de la factura,5647,165106,976986,184380
2041516,jmc vigus new work 4X2 MT 2024.0,jmc,vigus new work,,4X2,MT,2024.0,https://www.autocosmos.cl/catalogo/2025/jmc/vigus-work/25l-4x2/179301,diesel,2500 cc,140/3600 cv/rpm,315/1800-2600 N·m/rpm,inyección directa turbo,4 en línea,16.0,sí,no,N/D,"11,4 km/l","14,9 km/l","13,3 km/l",N/D,delantero - trasera,manual 5 velocidades,245/70/R16,discos ventilados - discos ventilados,barra de torsión,resortes helicoidales,5410 mm,1905 mm,N/D,1795 mm,3085 mm,N/D,67 l,2000 kg,820 kg,N/D,,,,,,,,,,manual,sí,con ajuste manual,abatibles 60/40,tela,centralizado con comando a distancia,eléctricos - eléctricos,"con luz de giro incorporadas, eléctricos",antideslumbrante manual,con regulación interna,delanteros,sí,hidráulica,aleación,no tiene,"con ajuste en altura, multifunción",interna solo tapa de combustible,traseros,sí,sí,conductor y acompañante,alarma e inmovilizador de motor,sí,"delanteros inerciales, traseros inerciales",sí,,"AM - FM, con lector de Mp3 y WMA, con comandos de audio al volante",4,sí,sí,"táctil de 10""",,sí,,,,sí,sí,,,,,,,,,,,,,,,,,,,,,,,,,,,,,,,,,10447,2239-8-LR23,5802342.0,Convenio Marco de  Adquisición de Vehículos,3181-205-CM24,"ADQUISICIÓN DE CAMIONETA PARA LABORES DIARIOS DE LA MOVILIDAD DE OPERACIONES, SOLICITADO POR DIMAO, DESDE CONVENIO MARCO.",2024-04-02,Recepcion Conforme,No,,(2041516) CAMIONETA JMC VIGUS NEW WORK 4X2 MT 2024 REGIÓN VI,CAMIONETA JMC VIGUS NEW WORK 4X2 MT 2024 REGIÓN VI,Automóviles,CAMIONETA,JMC,VIGUS NEW WORK 4X2 MT 2024,13941000,1.0,13941000,CLP,13941000,0,0,13941000,2648790,16589790,69.080.200-7,ILUSTRE MUNICIPALIDAD DE MACHALI,ILUSTRE MUNICIPALIDAD DE MACHALI,Plaza de Armas N° 11,Machalí,Lib. Gral. Bdo. O'Higgins,Ilustre Municipalidad de Machali,Municipalidades,79.853.470-K,SALAZAR ISRAEL,AUTOMOTRIZ CORDILLERA S.A.,,,Orden de Compra codigo: 3181-205-CM24 dirigida a AUTOMOTRIZ CORDILLERA S.A.,30 dias contra la recepcion conforme de la factura,4102,113852,32639,32414
2041536,jmc vigus new work 4X4 MT 2024.0,jmc,vigus new work,,4X4,MT,2024.0,https://www.autocosmos.cl/catalogo/2025/jmc/vigus-work/25l-4x4/179302,diesel,2500 cc,140 cv/rpm,315/1800-2600 N·m/rpm,inyección directa turbo,4 en línea,16.0,sí,no,N/D,"11,4 km/l","14,9 km/l","13,3 km/l",N/D,delantero - integral,manual 5 velocidades,245/70/R16,discos ventilados - discos ventilados,barra de torsión,resortes helicoidales,5410 mm,1905 mm,N/D,1795 mm,3085 mm,N/D,67 l,1930 kg,845 kg,N/D,,,,,,,,,,manual,sí,con ajuste manual,abatibles 60/40,tela,centralizado con comando a distancia,eléctricos - eléctricos,"con luz de giro incorporadas, eléctricos",antideslumbrante manual,con regulación interna,delanteros,sí,hidráulica,aleación,no tiene,"con ajuste en altura, multifunción",interna solo tapa de combustible,traseros,sí,sí,conductor y acompañante,alarma e inmovilizador de motor,sí,"delanteros inerciales, traseros inerciales",sí,,"AM - FM, con lector de Mp3 y WMA, con comandos de audio al volante",4,sí,sí,"táctil de 10""",,sí,,,,sí,sí,,,,,,,,,,,,,,,,,,,,,,,,,,,,,,,,,26834,2239-8-LR23,5802342.0,Convenio Marco de  Adquisición de Vehículos,2927-282-CM24,Orden de Compra: 2927-282-CM24,2024-08-14,Aceptada,No,,(2041536) CAMIONETA JMC VIGUS NEW WORK 4X4 MT 2024 REGIÓN X,CAMIONETA JMC VIGUS NEW WORK 4X4 MT 2024 REGIÓN X,Automóviles,CAMIONETA,JMC,VIGUS NEW WORK 4X4 MT 2024,14710800,2.0,29421600,CLP,29421600,0,0,29421600,5590104,35011704,69.230.700-3,ADQUISICIONES,I MUNICIPALIDAD DE QUELLON,22 de Mayo 351,Quellón,Los Lagos,Ilustre Municipalidad De Quellón,Municipalidades,79.853.470-K,SALAZAR ISRAEL,AUTOMOTRIZ CORDILLERA S.A.,,,"Orden de Compra codigo: 2927-282-CM24 dirigida a AUTOMOTRIZ CORDILLERA S.A.
Entregadas En Puerto Montt en local
Sin documentacion (permiso de circulacion, soap e inscripcion)
color blanco o gris plata ",30 dias contra la recepcion conforme de la factura,3913,110102,32639,32414
2043197,kia frontier d/c lx 2.5l av ab MT 2024.0,kia,frontier d/c lx 2.5l av ab,,,MT,2024.0,https://www.autocosmos.cl/catalogo/2025/kia/frontier/25l-deluxe/179347,diesel,2497 cc,129/3800 cv/rpm,255/1500-3500 N·m/rpm,inyección directa common rail turbo intercooler,4 en línea,16.0,sí,no,N/D,N/D,N/D,N/D,N/D,delantero - trasera,manual 6 velocidades,,discos ventilados - tambor,horquilla doble con barra de torsión,resortes helicoidales,5125 mm,1740 mm,N/D,1995 mm,2615 mm,N/A dm3,65 l,1580 kg,1660 kg,355 mm,,,,,N/D,N/D,,,,manual,,con ajuste manual,no tiene,tela,centralizado,eléctricos - no tiene,manuales,antideslumbrante manual,fijos,delanteros,sí,hidráulica,acero,no tiene,con ajuste en altura,,traseros,,,conductor y acompañante,N/D,,delanteros inerciales,sí,,AM - FM,N/D,,sí,táctil de 7'',sistema de bloqueo electrónico diferencial,,,,sí,sí,,,trasera,,,,,,,,,,,,,,,,,195/R15,R12,,,,,,,,,,,,,42815,2239-8-LR23,5802342.0,Convenio Marco de  Adquisición de Vehículos,3597-217-CM24,Orden de Compra: 3597-217-CM24,2024-03-19,Recepcion Conforme,No,,(2043197) CAMIONETA KIA FRONTIER D/C LX 2.5L AV AB MT 2024 REGIÓN RM,CAMIONETA KIA FRONTIER D/C LX 2.5L AV AB MT 2024 REGIÓN RM,Automóviles,CAMIONETA,KIA,FRONTIER D/C LX 2.5L AV AB MT 2024,22412437,1.0,22412437,CLP,22412437,0,0,22412437,"4258363,03","26670800,03",69.040.500-8,Ilustre Municipalidad de Vicuña,I MUNICIPALIDAD DE VICUNA,"San Martín  275, Vicuña",Vicuña,Coquimbo,I MUNICIPALIDAD DE VICUNA,Municipalidades,79.853.470-K,SALAZAR ISRAEL,AUTOMOTRIZ CORDILLERA S.A.,,,"Adquisición de Camioneta Kía Frontier D/C, solicitada por Unidad de Movilización, a través de Convenio Marco.",30 dias contra la recepcion conforme de la factura,4517,115303,32639,32414
2043197,kia frontier d/c lx 2.5l av ab MT 2024.0,kia,frontier d/c lx 2.5l av ab,,,MT,2024.0,https://www.autocosmos.cl/catalogo/2025/kia/frontier/25l-deluxe/179347,diesel,2497 cc,129/3800 cv/rpm,255/1500-3500 N·m/rpm,inyección directa common rail turbo intercooler,4 en línea,16.0,sí,no,N/D,N/D,N/D,N/D,N/D,delantero - trasera,manual 6 velocidades,,discos ventilados - tambor,horquilla doble con barra de torsión,resortes helicoidales,5125 mm,1740 mm,N/D,1995 mm,2615 mm,N/A dm3,65 l,1580 kg,1660 kg,355 mm,,,,,N/D,N/D,,,,manual,,con ajuste manual,no tiene,tela,centralizado,eléctricos - no tiene,manuales,antideslumbrante manual,fijos,delanteros,sí,hidráulica,acero,no tiene,con ajuste en altura,,traseros,,,conductor y acompañante,N/D,,delanteros inerciales,sí,,AM - FM,N/D,,sí,táctil de 7'',sistema de bloqueo electrónico diferencial,,,,sí,sí,,,trasera,,,,,,,,,,,,,,,,,195/R15,R12,,,,,,,,,,,,,678,2239-8-LR23,5802342.0,Convenio Marco de  Adquisición de Vehículos,2483-240-CM24,Orden de Compra: 2483-240-CM24,2024-04-01,Aceptada,No,,(2043197) CAMIONETA KIA FRONTIER D/C LX 2.5L AV AB MT 2024 REGIÓN RM,CAMIONETA KIA FRONTIER D/C LX 2.5L AV AB MT 2024 REGIÓN RM,Automóviles,CAMIONETA,KIA,FRONTIER D/C LX 2.5L AV AB MT 2024,22412437,1.0,22412437,CLP,22412437,0,0,22412437,"4258363,03","26670800,03",69.071.300-4,DEPARTAMENTO COMPRAS PÚBLICAS,I MUNICIPALIDAD DE QUILICURA,"José Francisco Vergara #450, Municipalidad ",Quilicura,Metropolitana,Ilustre Municipalidad de Quilicura,Municipalidades,79.853.470-K,SALAZAR ISRAEL,AUTOMOTRIZ CORDILLERA S.A.,,,"Orden de Compra codigo: 2483-240-CM24 dirigida a AUTOMOTRIZ CORDILLERA S.A.
DECRETO ALCALDICIO E. Nº1300, DEJA SIN EFECTO COMPRA VIA CONVENIO MARCO Y AUTORIZA UNA NUEVA COMPRA 2483-240-CM24
OBLIGACIÓN PRESUPUESTARIA N°1369
ENVIAR FACTURA: facturacionmunic",30 dias contra la recepcion conforme de la factura,3475,88313,32639,32414
2043197,kia frontier d/c lx 2.5l av ab MT 2024.0,kia,frontier d/c lx 2.5l av ab,,,MT,2024.0,https://www.autocosmos.cl/catalogo/2025/kia/frontier/25l-deluxe/179347,diesel,2497 cc,129/3800 cv/rpm,255/1500-3500 N·m/rpm,inyección directa common rail turbo intercooler,4 en línea,16.0,sí,no,N/D,N/D,N/D,N/D,N/D,delantero - trasera,manual 6 velocidades,,discos ventilados - tambor,horquilla doble con barra de torsión,resortes helicoidales,5125 mm,1740 mm,N/D,1995 mm,2615 mm,N/A dm3,65 l,1580 kg,1660 kg,355 mm,,,,,N/D,N/D,,,,manual,,con ajuste manual,no tiene,tela,centralizado,eléctricos - no tiene,manuales,antideslumbrante manual,fijos,delanteros,sí,hidráulica,acero,no tiene,con ajuste en altura,,traseros,,,conductor y acompañante,N/D,,delanteros inerciales,sí,,AM - FM,N/D,,sí,táctil de 7'',sistema de bloqueo electrónico diferencial,,,,sí,sí,,,trasera,,,,,,,,,,,,,,,,,195/R15,R12,,,,,,,,,,,,,64167,2239-8-LR23,5802342.0,Convenio Marco de  Adquisición de Vehículos,3597-335-CM24,Orden de Compra: 3597-335-CM24,2024-04-26,Recepcion Conforme,No,,(2043197) CAMIONETA KIA FRONTIER D/C LX 2.5L AV AB MT 2024 REGIÓN RM,CAMIONETA KIA FRONTIER D/C LX 2.5L AV AB MT 2024 REGIÓN RM,Automóviles,CAMIONETA,KIA,FRONTIER D/C LX 2.5L AV AB MT 2024,22412437,1.0,22412437,CLP,22412437,0,0,22412437,"4258363,03","26670800,03",69.040.500-8,Ilustre Municipalidad de Vicuña,I MUNICIPALIDAD DE VICUNA,"San Martín  275, Vicuña",Vicuña,Coquimbo,I MUNICIPALIDAD DE VICUNA,Municipalidades,79.853.470-K,SALAZAR ISRAEL,AUTOMOTRIZ CORDILLERA S.A.,,,Orden de Compra codigo: 3597-335-CM24 dirigida a AUTOMOTRIZ CORDILLERA S.A.,30 dias contra la recepcion conforme de la factura,4517,115303,32639,32414
2043197,kia frontier d/c lx 2.5l av ab MT 2024.0,kia,frontier d/c lx 2.5l av ab,,,MT,2024.0,https://www.autocosmos.cl/catalogo/2025/kia/frontier/25l-deluxe/179347,diesel,2497 cc,129/3800 cv/rpm,255/1500-3500 N·m/rpm,inyección directa common rail turbo intercooler,4 en línea,16.0,sí,no,N/D,N/D,N/D,N/D,N/D,delantero - trasera,manual 6 velocidades,,discos ventilados - tambor,horquilla doble con barra de torsión,resortes helicoidales,5125 mm,1740 mm,N/D,1995 mm,2615 mm,N/A dm3,65 l,1580 kg,1660 kg,355 mm,,,,,N/D,N/D,,,,manual,,con ajuste manual,no tiene,tela,centralizado,eléctricos - no tiene,manuales,antideslumbrante manual,fijos,delanteros,sí,hidráulica,acero,no tiene,con ajuste en altura,,traseros,,,conductor y acompañante,N/D,,delanteros inerciales,sí,,AM - FM,N/D,,sí,táctil de 7'',sistema de bloqueo electrónico diferencial,,,,sí,sí,,,trasera,,,,,,,,,,,,,,,,,195/R15,R12,,,,,,,,,,,,,29524,2239-8-LR23,5802342.0,Convenio Marco de  Adquisición de Vehículos,3597-406-CM24,Orden de Compra: 3597-406-CM24,2024-05-13,Recepcion Conforme,No,,(2043197) CAMIONETA KIA FRONTIER D/C LX 2.5L AV AB MT 2024 REGIÓN RM,CAMIONETA KIA FRONTIER D/C LX 2.5L AV AB MT 2024 REGIÓN RM,Automóviles,CAMIONETA,KIA,FRONTIER D/C LX 2.5L AV AB MT 2024,22412437,1.0,22412437,CLP,22412437,0,0,22412437,"4258363,03","26670800,03",69.040.500-8,Ilustre Municipalidad de Vicuña,I MUNICIPALIDAD DE VICUNA,"San Martín  275, Vicuña",Vicuña,Coquimbo,I MUNICIPALIDAD DE VICUNA,Municipalidades,79.853.470-K,SALAZAR ISRAEL,AUTOMOTRIZ CORDILLERA S.A.,,,"Adquisición de Camioneta Kia Frontier, solicitada por la unidad de Movilización.",30 dias contra la recepcion conforme de la factura,4517,115303,32639,32414
2043197,kia frontier d/c lx 2.5l av ab MT 2024.0,kia,frontier d/c lx 2.5l av ab,,,MT,2024.0,https://www.autocosmos.cl/catalogo/2025/kia/frontier/25l-deluxe/179347,diesel,2497 cc,129/3800 cv/rpm,255/1500-3500 N·m/rpm,inyección directa common rail turbo intercooler,4 en línea,16.0,sí,no,N/D,N/D,N/D,N/D,N/D,delantero - trasera,manual 6 velocidades,,discos ventilados - tambor,horquilla doble con barra de torsión,resortes helicoidales,5125 mm,1740 mm,N/D,1995 mm,2615 mm,N/A dm3,65 l,1580 kg,1660 kg,355 mm,,,,,N/D,N/D,,,,manual,,con ajuste manual,no tiene,tela,centralizado,eléctricos - no tiene,manuales,antideslumbrante manual,fijos,delanteros,sí,hidráulica,acero,no tiene,con ajuste en altura,,traseros,,,conductor y acompañante,N/D,,delanteros inerciales,sí,,AM - FM,N/D,,sí,táctil de 7'',sistema de bloqueo electrónico diferencial,,,,sí,sí,,,trasera,,,,,,,,,,,,,,,,,195/R15,R12,,,,,,,,,,,,,40471,2239-8-LR23,5802342.0,Convenio Marco de  Adquisición de Vehículos,1145-68-CM24,VEHICULO TIPO CAMIONETA,2024-05-17,Recepcion Conforme,No,,(2043197) CAMIONETA KIA FRONTIER D/C LX 2.5L AV AB MT 2024 REGIÓN RM,CAMIONETA KIA FRONTIER D/C LX 2.5L AV AB MT 2024 REGIÓN RM,Automóviles,CAMIONETA,KIA,FRONTIER D/C LX 2.5L AV AB MT 2024,21925210,1.0,21925210,CLP,21925210,0,0,21925210,"4165789,9","26090999,9",61.104.000-8,UNIDAD DE COMPRA ADQUISICIONES NACIONALES,DIRECCION GENERAL DE AERONAUTICA CIVIL,Av. Miguel Claro 1314,,Metropolitana,Dirección General de Aeronáutica Civil,"Gob. Central, Universidades",79.567.420-9,KIA CHILE SPA,KIA CHILE SPA,,,"Esta institución retiene por todas las compras un impuesto del 2% del total facturado (Art.37 dela ley16.752). 
",30 dias contra la recepcion conforme de la factura,2141,7202,502972,1011361
2043197,kia frontier d/c lx 2.5l av ab MT 2024.0,kia,frontier d/c lx 2.5l av ab,,,MT,2024.0,https://www.autocosmos.cl/catalogo/2025/kia/frontier/25l-deluxe/179347,diesel,2497 cc,129/3800 cv/rpm,255/1500-3500 N·m/rpm,inyección directa common rail turbo intercooler,4 en línea,16.0,sí,no,N/D,N/D,N/D,N/D,N/D,delantero - trasera,manual 6 velocidades,,discos ventilados - tambor,horquilla doble con barra de torsión,resortes helicoidales,5125 mm,1740 mm,N/D,1995 mm,2615 mm,N/A dm3,65 l,1580 kg,1660 kg,355 mm,,,,,N/D,N/D,,,,manual,,con ajuste manual,no tiene,tela,centralizado,eléctricos - no tiene,manuales,antideslumbrante manual,fijos,delanteros,sí,hidráulica,acero,no tiene,con ajuste en altura,,traseros,,,conductor y acompañante,N/D,,delanteros inerciales,sí,,AM - FM,N/D,,sí,táctil de 7'',sistema de bloqueo electrónico diferencial,,,,sí,sí,,,trasera,,,,,,,,,,,,,,,,,195/R15,R12,,,,,,,,,,,,,14874,2239-8-LR23,5802342.0,Convenio Marco de  Adquisición de Vehículos,2674-894-CM24,ADQUISICIÓN DE CAMIONETA DESDE 2674-894-CM24,2024-07-04,Recepcion Conforme,No,,(2043197) CAMIONETA KIA FRONTIER D/C LX 2.5L AV AB MT 2024 REGIÓN RM,CAMIONETA KIA FRONTIER D/C LX 2.5L AV AB MT 2024 REGIÓN RM,Automóviles,CAMIONETA,KIA,FRONTIER D/C LX 2.5L AV AB MT 2024,21925210,1.0,21925210,CLP,21925210,0,0,21925210,"4165789,9","26090999,9",69.072.900-8,ILUSTRE MUNICIPALIDAD DE MELIPILLA,ILUSTRE MUNICIPALIDAD DE MELIPILLA,AVENIDA LAS TORRES 521 ,,Metropolitana,ILUSTRE MUNICIPALIDAD DE MELIPILLA,Municipalidades,79.567.420-9,KIA CHILE SPA,KIA CHILE SPA,,,"ADQUISICIÓN DE CAMIONETA
MEMORANDUM N° 334 (DIRECCIÓN DE OBRAS MUNICIPALES)
NOTA: UNA VEZ ENTREGADOS LOS PRODUCTOS/SERVICIOS, ENVIAR LA FACTURA AL CORREO FACTURAS@MUNIMELIPILLA.CL; CC A DANIELA.ORTIZ@MUNIMELIPILLA.CL EN CASO QUE EL DOCUMENTO SEA CEDIDO A ",30 dias contra la recepcion conforme de la factura,3663,98901,502972,1011361
2043197,kia frontier d/c lx 2.5l av ab MT 2024.0,kia,frontier d/c lx 2.5l av ab,,,MT,2024.0,https://www.autocosmos.cl/catalogo/2025/kia/frontier/25l-deluxe/179347,diesel,2497 cc,129/3800 cv/rpm,255/1500-3500 N·m/rpm,inyección directa common rail turbo intercooler,4 en línea,16.0,sí,no,N/D,N/D,N/D,N/D,N/D,delantero - trasera,manual 6 velocidades,,discos ventilados - tambor,horquilla doble con barra de torsión,resortes helicoidales,5125 mm,1740 mm,N/D,1995 mm,2615 mm,N/A dm3,65 l,1580 kg,1660 kg,355 mm,,,,,N/D,N/D,,,,manual,,con ajuste manual,no tiene,tela,centralizado,eléctricos - no tiene,manuales,antideslumbrante manual,fijos,delanteros,sí,hidráulica,acero,no tiene,con ajuste en altura,,traseros,,,conductor y acompañante,N/D,,delanteros inerciales,sí,,AM - FM,N/D,,sí,táctil de 7'',sistema de bloqueo electrónico diferencial,,,,sí,sí,,,trasera,,,,,,,,,,,,,,,,,195/R15,R12,,,,,,,,,,,,,17213,2239-8-LR23,5802342.0,Convenio Marco de  Adquisición de Vehículos,2767-72-CM24,Adquisición camioneta para Dirección de Tránsito y Transporte Público,2024-07-04,Aceptada,No,,(2043197) CAMIONETA KIA FRONTIER D/C LX 2.5L AV AB MT 2024 REGIÓN RM,CAMIONETA KIA FRONTIER D/C LX 2.5L AV AB MT 2024 REGIÓN RM,Automóviles,CAMIONETA,KIA,FRONTIER D/C LX 2.5L AV AB MT 2024,21925210,1.0,21925210,CLP,21925210,0,0,21925210,"4165789,9","26090999,9",69.072.000-0,SECPLAC,I MUNICIPALIDAD DE LA CISTERNA,Gran Avenida José Miguel Carrera Nº 8585,La Cisterna,Metropolitana,Ilustre Municipalidad de La Cisterna,Municipalidades,79.567.420-9,KIA CHILE SPA,KIA CHILE SPA,,,"Pre obligación 5/1376
Orden de Compra código: 2767-72-CM24 dirigida a KIA CHILE SPA
Unidad Técnica de la adquisición Dirección de Tránsito y Transporte Público, Municipalidad de La Cisterna, contacto señor Rodrigo Muñoz, correo rmunoz@cisterna.cl
",30 dias contra la recepcion conforme de la factura,3756,100488,502972,1011361
2043180,kia frontier p/up lx 2.5l av ab MT 2024.0,kia,frontier p/up lx 2.5l av ab,,,MT,2024.0,https://www.autocosmos.cl/catalogo/2025/kia/frontier/25l-deluxe/179347,diesel,2497 cc,129/3800 cv/rpm,255/1500-3500 N·m/rpm,inyección directa common rail turbo intercooler,4 en línea,16.0,sí,no,N/D,N/D,N/D,N/D,N/D,delantero - trasera,manual 6 velocidades,,discos ventilados - tambor,horquilla doble con barra de torsión,resortes helicoidales,5125 mm,1740 mm,N/D,1995 mm,2615 mm,N/A dm3,65 l,1580 kg,1660 kg,355 mm,,,,,N/D,N/D,,,,manual,,con ajuste manual,no tiene,tela,centralizado,eléctricos - no tiene,manuales,antideslumbrante manual,fijos,delanteros,sí,hidráulica,acero,no tiene,con ajuste en altura,,traseros,,,conductor y acompañante,N/D,,delanteros inerciales,sí,,AM - FM,N/D,,sí,táctil de 7'',sistema de bloqueo electrónico diferencial,,,,sí,sí,,,trasera,,,,,,,,,,,,,,,,,195/R15,R12,,,,,,,,,,,,,61329,2239-8-LR23,5802342.0,Convenio Marco de  Adquisición de Vehículos,1216062-314-CM24,Orden de Compra: 1216062-314-CM24,2024-04-23,Aceptada,No,,(2043180) CAMIONETA KIA FRONTIER P/UP LX 2.5L AV AB MT 2024 REGIÓN RM,CAMIONETA KIA FRONTIER P/UP LX 2.5L AV AB MT 2024 REGIÓN RM,Automóviles,CAMIONETA,KIA,FRONTIER P/UP LX 2.5L AV AB MT 2024,21169000,1.0,21169000,CLP,21169000,0,0,21169000,4022110,25191110,71.265.200-4,Corporación Municipal de Lo Prado,Corporación Municipal de Lo Prado,General Oscar Bonilla N° 6100,Lo Prado,Metropolitana,Corporación Municipal de Lo Prado,Otros,79.567.420-9,KIA CHILE SPA,KIA CHILE SPA,,,Orden de Compra codigo: 1216062-314-CM24 dirigida a KIA CHILE SPA,30 dias contra la recepcion conforme de la factura,1216062,1803791,502972,1011361
2043180,kia frontier p/up lx 2.5l av ab MT 2024.0,kia,frontier p/up lx 2.5l av ab,,,MT,2024.0,https://www.autocosmos.cl/catalogo/2025/kia/frontier/25l-deluxe/179347,diesel,2497 cc,129/3800 cv/rpm,255/1500-3500 N·m/rpm,inyección directa common rail turbo intercooler,4 en línea,16.0,sí,no,N/D,N/D,N/D,N/D,N/D,delantero - trasera,manual 6 velocidades,,discos ventilados - tambor,horquilla doble con barra de torsión,resortes helicoidales,5125 mm,1740 mm,N/D,1995 mm,2615 mm,N/A dm3,65 l,1580 kg,1660 kg,355 mm,,,,,N/D,N/D,,,,manual,,con ajuste manual,no tiene,tela,centralizado,eléctricos - no tiene,manuales,antideslumbrante manual,fijos,delanteros,sí,hidráulica,acero,no tiene,con ajuste en altura,,traseros,,,conductor y acompañante,N/D,,delanteros inerciales,sí,,AM - FM,N/D,,sí,táctil de 7'',sistema de bloqueo electrónico diferencial,,,,sí,sí,,,trasera,,,,,,,,,,,,,,,,,195/R15,R12,,,,,,,,,,,,,60386,2239-8-LR23,5802342.0,Convenio Marco de  Adquisición de Vehículos,4956-164-CM24,CM ADQUISICIÓN DE CAMIONETA KIA FRONTIER P/UP LX 2.5L AV AB MT 2024 - SP 232 DAF - IDDOC 190288,2024-06-27,Aceptada,No,,(2043180) CAMIONETA KIA FRONTIER P/UP LX 2.5L AV AB MT 2024 REGIÓN RM,CAMIONETA KIA FRONTIER P/UP LX 2.5L AV AB MT 2024 REGIÓN RM,Automóviles,CAMIONETA,KIA,FRONTIER P/UP LX 2.5L AV AB MT 2024,21169000,1.0,21169000,CLP,21169000,0,0,21169000,4022110,25191110,69.071.200-8,I MUNICIPALIDAD DE RENCA,I MUNICIPALIDAD DE RENCA,BLANCO ENCALADA 1335,Renca,Metropolitana,I MUNICIPALIDAD DE RENCA,Municipalidades,79.567.420-9,KIA CHILE SPA,KIA CHILE SPA,,,Revisar Pago de Proveedores en www.renca.cl. (ir al link Pago de Proveedores). Para mayor información comunicarse a los teléfonos 226856638/645. Correo: tesmu@renca.cl,30 dias contra la recepcion conforme de la factura,5870,87185,502972,1011361
2043180,kia frontier p/up lx 2.5l av ab MT 2024.0,kia,frontier p/up lx 2.5l av ab,,,MT,2024.0,https://www.autocosmos.cl/catalogo/2025/kia/frontier/25l-deluxe/179347,diesel,2497 cc,129/3800 cv/rpm,255/1500-3500 N·m/rpm,inyección directa common rail turbo intercooler,4 en línea,16.0,sí,no,N/D,N/D,N/D,N/D,N/D,delantero - trasera,manual 6 velocidades,,discos ventilados - tambor,horquilla doble con barra de torsión,resortes helicoidales,5125 mm,1740 mm,N/D,1995 mm,2615 mm,N/A dm3,65 l,1580 kg,1660 kg,355 mm,,,,,N/D,N/D,,,,manual,,con ajuste manual,no tiene,tela,centralizado,eléctricos - no tiene,manuales,antideslumbrante manual,fijos,delanteros,sí,hidráulica,acero,no tiene,con ajuste en altura,,traseros,,,conductor y acompañante,N/D,,delanteros inerciales,sí,,AM - FM,N/D,,sí,táctil de 7'',sistema de bloqueo electrónico diferencial,,,,sí,sí,,,trasera,,,,,,,,,,,,,,,,,195/R15,R12,,,,,,,,,,,,,32513,2239-8-LR23,5802342.0,Convenio Marco de  Adquisición de Vehículos,2345-704-CM24,Orden de Compra: 2345-704-CM24,2024-07-23,Aceptada,No,,(2043180) CAMIONETA KIA FRONTIER P/UP LX 2.5L AV AB MT 2024 REGIÓN RM,CAMIONETA KIA FRONTIER P/UP LX 2.5L AV AB MT 2024 REGIÓN RM,Automóviles,CAMIONETA,KIA,FRONTIER P/UP LX 2.5L AV AB MT 2024,21168907,1.0,21168907,CLP,21168907,0,0,21168907,"4022092,33","25190999,33",69.070.400-5,I MUNICIPALIDAD DE LAS CONDES,I MUNICIPALIDAD DE LAS CONDES,Avda.Apoquindo Nº 3400,Las Condes,Metropolitana,MUNICIPALIDAD DE LAS CONDES,Municipalidades,81.318.700-0,POMPEYO CARRASCO Y CIA. LTDA.,POMPEYO CARRASCO SPA,,,"DESPACHAR A BODEGA MUNICIPAL, UBICADA EN AV. ANDRES BELLO 2610, LAS CONDES, CON DOCUMENTO TRIBUTARIO (FACTURA Y/O GUÍA DE DESPACHO), EL CUAL DEBERÁ INDICAR EN LA GLOSA EL ID DE LA ORDEN DE COMPRA CORRESPONDIENTE, DE LO CONTRARIO NO SERÁ RECEPCIONADO.
ENVI",30 dias contra la recepcion conforme de la factura,3338,86571,23875,24306
2048928,mazda bt-50 core 4X4 AT 2024.0,mazda,bt-50 core,,4X4,AT,2024.0,https://www.autocosmos.cl/catalogo/2025/mazda/bt-50/30l-4x4-core/179510,diesel,2999 cc,188/3600 cv/rpm,450/1600-2600 N·m/rpm,inyección directa common rail,4 en línea,16.0,sí,N/D,N/D,N/D,N/D,N/D,N/D,delantero - integral,manual 6 velocidades,255/65/R17,discos ventilados - tambor,"independiente con brazos de control superior e inferior, amortiguadores de doble tubo presurizados a gas, resortes helicoidales y barra estabilizadora",eje rígido con ballesta y amortiguadores,5280 mm,1870 mm,N/D,1785 mm,3125 mm,N/A dm3,80 l,2045 kg,1055 kg,240 mm,,,,,,,,,,manual,sí,"con ajuste en altura solo conductor, con ajuste manual",abatibles 60/40,tela,centralizado con comando a distancia,eléctricos - eléctricos,"con luz de giro incorporadas, eléctricos",antideslumbrante manual,con luces led,delanteros,sí,hidráulica,aleación,no tiene,"con ajuste en altura, multifunción",interna y a distancia solo tapa de combustible,traseros,sí,sí,"conductor y acompañante, de cabeza delanteros (cortina), laterales delanteros",alarma e inmovilizador de motor,sí,"delanteros inerciales, traseros inerciales",sí,sí,"AM - FM con lector MP3, con comandos de audio al volante",6,sí,sí,táctil de 7'',"asistente para arranque en pendientes, control de descenso en pendientes",N/D,sí,,sí,,sí,,trasera,sí,sí,sí,sí,,,,,,sí,,,,,,,,,,,,,,,,,,,,,3141,2239-8-LR23,5802342.0,Convenio Marco de  Adquisición de Vehículos,3559-39-CM24,"Adquisición de camioneta automática, BT-50 CORE 4X4; 3559-39-CM24",2024-06-07,Aceptada,No,,(2048928) CAMIONETA MAZDA BT-50 CORE 4X4 AT 2024 REGIÓN VI,CAMIONETA MAZDA BT-50 CORE 4X4 AT 2024 REGIÓN VI,Automóviles,CAMIONETA,MAZDA,BT-50 CORE 4X4 AT 2024,28983866,1.0,28983866,CLP,28983866,0,0,28983866,"5506934,54","34490800,54",69.110.800-7,SECPLAN,I MUNICIPALIDAD DE PENCAHUE,ALEJANDRO CRUZ VERGARA 891,Pencahue,Maule,I MUNICIPALIDAD DE PENCAHUE,Municipalidades,86.385.500-4,COMERCIAL ANFRUNS Y COMPAÑIA SPA,COMERCIAL ANFRUNS Y COMPANIA SPA,,,Orden de Compra codigo: 3559-39-CM24 dirigida a COMERCIAL ANFRUNS Y COMPANIA SPA,30 dias contra la recepcion conforme de la factura,4479,115166,976986,184380
2041293,peugeot landtrek active bluehdi 180 4X2 MT 2024.0,peugeot,landtrek active bluehdi 180,,4X2,MT,2024.0,https://www.autocosmos.cl/catalogo/2025/peugeot/landtrek/active-bluehdi-180-4x2/179733,diesel,2179 cc,180/3750 cv/rpm,370/2000 N·m/rpm,inyección directa,4 en línea,16.0,sí,no,N/D,"9,6 km/l","14,1 km/l","12,0 km/l",N/D,delantero - trasera,manual 6 velocidades,265/65/R17,discos ventilados - tambor,independiente de doble horquilla con barra estabilizadora,Resortes helicoidales,5330 mm,1963 mm,2221 mm,1897 mm,3180 mm,N/A dm3,80 l,2150 kg,1105 kg,N/D,N/D,N/D,N/D,N/D,3500 kg,N/D,N/D,N/D,N/D,manual,sí,"con ajuste en altura solo conductor, con ajuste manual",abatibles 60/40,tela,centralizado con comando a distancia,eléctricos - eléctricos,eléctricos y térmicos,antideslumbrante manual,fijos,delanteros,sí,hidráulica,aleación,no tiene,"con ajuste en altura y profundidad, multifunción",,traseros,sí,sí,"conductor y acompañante, de cabeza delanteros (cortina), laterales delanteros",alarma e inmovilizador de motor,sí,"delanteros inerciales, traseros inerciales",sí,sí,"AM - FM con lector MP3, con comandos de audio al volante",2,sí,sí,"táctil de 10""","asistente para arranque en pendientes, control de descenso en pendientes",sí,sí,,sí,sí,sí,,trasera,sí,,,,,,sí,,,,,,,,,,,,,,,,,,,,,,,,41986,2239-8-LR23,5802342.0,Convenio Marco de  Adquisición de Vehículos,3827-267-CM24,Orden de Compra: 3827-267-CM24,2024-05-17,Recepcion Conforme,No,,(2041293) CAMIONETA PEUGEOT LANDTREK ACTIVE BLUEHDI 180 4X2 MT 2024 REGIÓN RM,CAMIONETA PEUGEOT LANDTREK ACTIVE BLUEHDI 180 4X2 MT 2024 REGIÓN RM,Automóviles,CAMIONETA,PEUGEOT ,LANDTREK ACTIVE BLUEHDI 180 4X2 MT 2024,23391000,1.0,23391000,CLP,23391000,0,0,23391000,4444290,27835290,69.261.400-3,Direccion De Salud,I MUNICIPALIDAD DE PADRE HURTADO,Despacho Único: Camino San Alberto Hurtado 3295 ,Padre Hurtado,Metropolitana,I MUNICIPALIDAD DE PADRE HURTADO,Municipalidades,84.807.200-1,BRUNO FRITSCH S.A.,BRUNO FRITSCH S.A. ,,,"Orden de Compra codigo: 3827-267-CM24 dirigida a BRUNO FRITSCH S.A.

Coordinar entrega con el Sr. Alex García Leiva al fono 22 430 6124.  Correo electrónico agarcia@saludmph.cl",30 dias contra la recepcion conforme de la factura,4747,117406,24507,24823
2041803,ram 700 bighorn cd 1.3l MT 2024.0,ram,700 bighorn cd 1.3l,,,MT,2024.0,https://www.autocosmos.cl/catalogo/2025/ram/700/13l-bighorn/179830,bencina,1332 cc,99/6000 cv/rpm,128/4000 N·m/rpm,inyección directa,4 en línea,8.0,sí,no,"13,4 s",N/D,N/D,N/D,162 km/h,delantero - delantera,manual 5 velocidades,195/65/R15,discos ventilados - tambor,independiente tipo McPherson,eje rígido,4480 mm,1732 mm,1967 mm,1599 mm,2739 mm,N/A dm3,55 l,1161 kg,650 kg,191 mm,,"23,7°","26,7°",N/D,N/D,400 kg,,,,manual,sí,"con ajuste en altura solo conductor, con ajuste manual",N/D,tela,centralizado con comando a distancia,eléctricos - eléctricos,"con luz de giro incorporadas, eléctricos",antideslumbrante manual,fijos,delanteros,sí,hidráulica,aleación,no tiene,"con ajuste en altura, multifunción",interna y a distancia solo tapa de combustible,traseros,sí,sí,"conductor y acompañante, laterales delanteros",alarma e inmovilizador de motor,sí,"delanteros inerciales, traseros inerciales",sí,sí,"AM - FM con lector MP3, con comandos de audio al volante",2,sí,,táctil de 7'',"asistente para arranque en pendientes, indicador de presión de neumáticos, sistema de bloqueo electrónico diferencial",,,,sí,sí,sí,,trasera,,,,,,,,,,,,,,,,,,,,,,,,,,,,,,,65703,2239-8-LR23,5802342.0,Convenio Marco de  Adquisición de Vehículos,2483-915-CM24,Orden de Compra generada por la Gran Compra: 71734,2024-07-29,Aceptada,Si,71734.0,(2041803) CAMIONETA RAM 700 BIGHORN CD 1.3L MT 2024 REGIÓN RM 2041803,CAMIONETA RAM 700 BIGHORN CD 1.3L MT 2024 REGIÓN RM,Automóviles,CAMIONETA,RAM,700 BIGHORN CD 1.3L MT 2024,13790801,10.0,137908010,CLP,137908010,0,0,137908010,"26202521,9","164110531,9",69.071.300-4,DEPARTAMENTO COMPRAS PÚBLICAS,I MUNICIPALIDAD DE QUILICURA,"José Francisco Vergara #450, Municipalidad ",Quilicura,Metropolitana,Ilustre Municipalidad de Quilicura,Municipalidades,79.853.470-K,SALAZAR ISRAEL,AUTOMOTRIZ CORDILLERA S.A.,Concepción,Región del Biobío ,"""ADQUISICIÓN DE 10 CAMIONETAS PARA LA DIRECCIÓN DE SEGURIDAD PÚBLICA Y COMUNITARIA"", ID: 71734.
DECRETO ALCALDICIO E. N°3672, APRUEBA CONTRATO
OBLIGACIÓN PRESUPUESTARIA N°2390
ENVIAR FACTURA: facturacionmunicipal@quilicura.cl
COD INT 16",30 dias contra la recepcion conforme de la factura,3475,88313,32639,32414
2043083,toyota hilux dx dc 2.4 4X4 MT 2024.0,toyota,hilux dx dc,2.4,4X4,MT,2024.0,https://www.autocosmos.cl/catalogo/2025/toyota/hilux/24l-sr-cd-4x4/180006,diesel,2393 cc,148/3400 cv/rpm,400/1600-2000 N·m/rpm,inyección directa common rail turbo intercooler,4 en línea,16.0,sí,no,N/D,"11,4 km/l","14,5 km/l","13,2 km/l",N/D,delantero - integral,manual 6 velocidades,265/65/R17,discos ventilados - tambor,"doble brazo con resortes, amortiguadores y barra estabilizadora","eje rígido, con elásticos longitudinales semiélipticos de acero y amortiguadores hidráulicos telescópicos",5335 mm,1855 mm,N/D,1815 mm,3085 mm,N/A dm3,80 l,N/D,N/D,227 mm,N/D,31°,26°,N/D,2000 kg,750 kg,N/D,N/D,N/D,climatizador bizona,sí,con ajuste manual,no tiene,tela,centralizado con comando a distancia,eléctricos - no tiene,"con luz de giro incorporadas, eléctricos",antideslumbrante manual,"con apagado automático, con regulación interna",delanteros,sí,hidráulica,aleación,no tiene,"con ajuste en altura y profundidad, multifunción",,,sí,sí,"conductor y acompañante, de cabeza delanteros (cortina), de rodilla conductor, laterales delanteros",inmovilizador de motor,sí,"delanteros inerciales, traseros inerciales",sí,sí,"AM - FM con lector MP3, con comandos de audio al volante",2,sí,,táctil de 9'',"asistente para arranque en pendientes, control de estabilidad para remolques, sistema de bloqueo electrónico diferencial",sí,sí,,sí,sí,sí,,,sí,,,,,,,,,,,,,,,,,,,,,,,,,,,,,,39170,2239-8-LR23,5802342.0,Convenio Marco de  Adquisición de Vehículos,450-213-CM24,"Camionetas, Adquisición generada por la Gran Compra: 71674",2024-05-16,Aceptada,Si,71674.0,(2043083) CAMIONETA TOYOTA HILUX DX DC 2.4 4X4 MT 2024 REGIÓN X 2043083,CAMIONETA TOYOTA HILUX DX DC 2.4 4X4 MT 2024 REGIÓN X,Automóviles,CAMIONETA,TOYOTA,HILUX DX DC 2.4 4X4 MT 2024,26163823,3.0,78491469,CLP,78491469,0,0,78491469,"14913379,11","93404848,11",69.210.300-9,Administración y Finanzas,I MUNICIPALIDAD DE RIO NEGRO,Vicuña Mackenna N°277,Río Negro,Los Lagos,I MUNICIPALIDAD DE RIO NEGRO,Municipalidades,76.296.863-0,AUTOMOTRIZ PORTILLO SUR LTDA,AUTOMOTRIZ PORTILLO SUR LTDA,Concepción,Región del Biobío ,"Camionetas, Adquisición generada por la Gran Compra: 71674",30 dias contra la recepcion conforme de la factura,1446,7367,816596,1413271
2044950,hyundai accent bn7i plus 1.5 2024.0,hyundai,accent bn7i plus,1.5,,,2024.0,https://www.autocosmos.cl/catalogo/2025/hyundai/grand-i10-sedan/12l-plus/179144,bencina,1197 cc,82/6000 cv/rpm,113/4000 N·m/rpm,inyección directa,4 en línea,16.0,sí,no,N/D,N/D,N/D,N/D,N/D,delantero - delantera,manual 5 velocidades,175/60/R15,discos ventilados - tambor,McPherson,barra de torsión,3995 mm,1680 mm,N/D,1520 mm,2450 mm,402 dm3,37 l,1400 kg,N/D,N/D,,,,,,,,,,climatizador,sí,"con ajuste en altura, con ajuste manual",N/D,tela,centralizado con comando a distancia,eléctricos - eléctricos,eléctricos,antideslumbrante manual,con regulación interna,N/D,sí,eléctrica,aleación,no tiene,"con ajuste en altura, multifunción",,traseros,sí,sí,"conductor y acompañante, de cabeza delanteros y traseros (cortina), laterales delanteros",alarma e inmovilizador de motor,sí,"delanteros inerciales, traseros inerciales",,,"AM - FM, con lector de Mp3 y WMA, con comandos de audio al volante",4,sí,sí,táctil de 9'',asistente para arranque en pendientes,sí,,,sí,sí,sí,,trasera,sí,,,,,,,,,,,,,,,,,,,,,,,,,,,,,,38764,2239-8-LR23,5802342.0,Convenio Marco de  Adquisición de Vehículos,3683-51-CM24,Orden de Compra: 3683-51-CM24,2024-05-27,Recepcion Conforme,No,,(2044950) SEDÁN HYUNDAI ACCENT BN7I 1.5 PLUS 2024 REGIÓN VI,SEDÁN HYUNDAI ACCENT BN7I 1.5 PLUS 2024 REGIÓN VI,Automóviles,SEDÁN,HYUNDAI ,ACCENT BN7I 1.5 PLUS 2024,11558571,2.0,23117142,CLP,23117142,0,0,23117142,"4392256,98","27509398,98",69.080.800-5,Administracion y Finanzas,I MUNICIPALIDAD DE LAS CABRAS,"José Miguel Carrera 355, Las Cabras, VI Región ",Las Cabras,Lib. Gral. Bdo. O'Higgins,Ilustre Municipalidad de Las Cabras,Municipalidades,79.649.140-k,Automotores Gildemeister CAMIONES,AUTOMOTORES GILDEMEISTER SPA,,,Orden de Compra codigo: 3683-51-CM24 dirigida a AUTOMOTORES GILDEMEISTER SPA,30 dias contra la recepcion conforme de la factura,4603,116296,32636,32413
2051106,changan cs15 1.5l comfort MT 2024.0,changan,cs15 1.5l comfort,,,MT,2024.0,https://www.autocosmos.cl/catalogo/2025/changan/cs15/comfort/178859,bencina,1500 cc,100/5500 cv/rpm,145/3500-4500 N·m/rpm,inyección electrónica multipunto,4 en línea,16.0,sí,no,N/D,"11,2 km/l","16,7 km/l","14,1 km/l",N/D,delantero - delantera,manual 5 velocidades,205/55/R16,discos ventilados - discos sólidos,independiente tipo McPherson,barra de torsión y barra estabilizadora,4100 mm,1740 mm,N/D,1635 mm,2510 mm,361 dm3,44 l,1585 kg,N/D,180 mm,,,,,,,,,,manual,sí,"con ajuste en altura solo conductor, con ajuste manual",abatibles 60/40,tela,centralizado con comando a distancia,eléctricos - eléctricos,"con luz de giro incorporadas, eléctricos",antideslumbrante manual,"con apagado automático, con regulación interna",delanteros y traseros,sí,eléctrica,aleación,no tiene,"con ajuste en altura, multifunción",,traseros,sí,sí,conductor y acompañante,alarma,sí,"delanteros inerciales, traseros inerciales",sí,,"AM - FM, con lector de Mp3 y WMA, con comandos de audio al volante",4,sí,sí,"táctil de 7"" color",,sí,,,sí,,sí,sí,,,,,,,,,,,,,,,,,,,,,,,,,,,,,,,,62837,2239-8-LR23,5802342.0,Convenio Marco de  Adquisición de Vehículos,2694-236-CM24,Orden de Compra: 2694-236-CM24,2024-06-28,Recepcion Conforme,No,,(2051106) SUV CHANGAN CS15 1.5L COMFORT MT 2024 REGIÓN VI,SUV CHANGAN CS15 1.5L COMFORT MT 2024 REGIÓN VI,Automóviles,SUV,CHANGAN,CS15 1.5L COMFORT MT 2024,8651092,1.0,8651092,CLP,8651092,0,0,8651092,"1643707,48","10294799,48",69.073.600-4,MUNICIPALIDAD DE CARTAGENA-SALUD,I MUNICIPALIDAD DE CARTAGENA,TARAPACA  551,Cartagena,Valparaíso,MUNICIPALIDAD DE CARTAGENA,Municipalidades,86.385.500-4,COMERCIAL ANFRUNS Y COMPAÑIA SPA,COMERCIAL ANFRUNS Y COMPANIA SPA,,,Orden de Compra codigo: 2694-236-CM24 dirigida a COMERCIAL ANFRUNS Y COMPANIA SPA,30 dias contra la recepcion conforme de la factura,3683,99569,976986,184380
2052192,chevrolet traverse 3.6l lt AWD AT 2024.0,chevrolet,traverse 3.6l lt,,AWD,AT,2024.0,https://www.autocosmos.cl/catalogo/2025/chevrolet/traverse/36l-lt-4x4/178884,bencina,3598 cc,310/6800 cv/rpm,360/2800 N·m/rpm,inyección directa,6 en V,24.0,sí,sí,"6,9 s",N/D,N/D,N/D,N/D,delantero - integral,automática 9 velocidades,255/65/R18,discos ventilados - discos ventilados,independiente tipo McPherson con barra estabilizadora,"independiente, paralelegramo deformable y barra estabilizadora",5189 mm,1996 mm,N/D,1796 mm,3071 mm,651/1645/2780 dm3,82 l,2132 kg,668 kg,N/D,,,,,,,,,,climatizador trizona,sí,"con ajuste eléctrico, con ajuste en altura y lumbar",2da. fila abatibles 60/40 y 3ra. fila 50/50,cuero,centralizado con comando a distancia,eléctricos - eléctricos,"con función de plegado eléctrico, con luz de giro incorporadas, eléctricos y térmicos",antideslumbrante manual,"con encendido automático, con luces adaptativas en curvas, con luces led, con regulación interna",delanteros,sí,eléctrica,aleación,no tiene,"con ajuste en altura y profundidad, multifunción revestido en cuero",interna y a distancia solo baúl,traseros,sí,sí,"conductor y acompañante, de cabeza delanteros y traseros (cortina), laterales delanteros",alarma e inmovilizador de motor,sí,"delanteros inerciales, traseros inerciales",sí,sí,"AM - FM con lector MP3, con comandos de audio al volante",N/D,sí,sí,"táctil de 8""","advertencia de colisión con autofrenado, indicador de presión de neumáticos, sistema de alerta del punto ciego",sí,sí,"con botón, con sistema remoto",sí,,sí,,trasera,sí,sí,,sí,,,,sí,,,,,,,,,,,,,,,,,,,,,,,17292,2239-8-LR23,5802342.0,Convenio Marco de  Adquisición de Vehículos,3326-238-CM24,"ADQUISICIÓN DE 01 VEHÍCULO TIPO SUV PARA CARABINEROS DE CHILE, CON CARGO AL FONDO ROTATIVO DE ABASTECIMIENTO (F.O.R.A.)",2024-06-10,Recepcion Conforme,No,,(2052192) SUV CHEVROLET TRAVERSE 3.6L LT AWD AT 2024 REGIÓN RM,SUV CHEVROLET TRAVERSE 3.6L LT AWD AT 2024 REGIÓN RM,Automóviles,SUV,CHEVROLET,TRAVERSE 3.6L LT AWD AT 2024,33027647,1.0,33027647,CLP,33027647,0,0,33027647,0,33027647,61.938.500-4,Depto.Transportes L.3,DIRECCION DE LOGISTICA DE CARABINEROS,Vivaceta Nro. 2700,Santiago,Metropolitana,DIRECCION DE LOGISTICA DE CARABINEROS,FFAA,91.139.000-0,Automotora Comercial Costabal y Echenique S.A,AUTOMOTORA COMERCIAL COSTABAL Y ECHENIQUE S A,,,Orden de Compra codigo: 3326-238-CM24 dirigida a AUTOMOTORA COMERCIAL COSTABAL Y ECHENIQUE S A,30 dias contra la recepcion conforme de la factura,4247,113812,41210,40543
2053129,haval h6 elite 2WD AT 2024.0,haval,h6 elite,,2WD,AT,2024.0,https://www.autocosmos.cl/catalogo/2025/haval/h6/20t-elite-aut/179113,bencina,2000 cc,201/6000-6300 cv/rpm,320/1500-4400 N·m/rpm,inyección directa turbo,4 en línea,16.0,sí,sí,N/D,"10,4 km/l","15,4 km/l","13,2 km/l",N/D,delantero - delantera,automática DCT - 7 velocidades,225/60/R18,discos ventilados - discos sólidos,independiente tipo McPherson,Independiente Multi-Link,4653 mm,1886 mm,N/D,1730 mm,2738 mm,600 dm3,55 l,2000 kg,N/D,N/D,,,,,,,,,,climatizador bizona,sí,"calefaccionables, con ajuste eléctrico solo conductor, con ajuste en altura solo conductor",abatibles 60/40,símil cuero,centralizado con comando a distancia,eléctricos - eléctricos,"con función de plegado eléctrico, con luz de giro incorporadas, eléctricos",antideslumbrante automático,"con encendido y apagado automático, con luces led, con regulación interna",traseros,sí,eléctrica,aleación,eléctrico,"con ajuste en altura y profundidad, multifunción revestido en símil cuero",,delanteros y traseros,sí,sí,"conductor y acompañante, de cabeza delanteros (cortina), laterales delanteros",alarma e inmovilizador de motor,sí,"delanteros inerciales, traseros inerciales",sí,sí,"AM - FM con lector MP3, con comandos de audio al volante",8,sí,sí,"táctil de 12,3""","advertencia de colisión con autofrenado, asistente para arranque en pendientes, control de descenso en pendientes, control de estabilidad antivuelco, indicador de presión de neumáticos",sí,sí,con botón,sí,,sí,sí,trasera,sí,,,sí,,sí,,,,,,,levas de cambios al volante - paddle shifters,,,,,,,,,,,,,,,,,,25417,2239-8-LR23,5802342.0,Convenio Marco de  Adquisición de Vehículos,1739-13-CM24,Adquisición Vehículo  Institucional,2024-06-11,Recepcion Conforme,No,,(2053129) SUV HAVAL H6 ELITE 2WD AT 2024 REGIÓN VI,SUV HAVAL H6 ELITE 2WD AT 2024 REGIÓN VI,Automóviles,SUV,HAVAL,H6 ELITE 2WD AT 2024,18083025,1.0,18083025,CLP,18083025,0,0,18083025,"3435774,75","21518799,75",61.941.900-6,Defensoría Regional VI Región,DEFENSORIA PENAL PUBLICA,Olegario Laso 565,Rancagua,Lib. Gral. Bdo. O'Higgins,Defensoría Penal Pública,"Gob. Central, Universidades",86.385.500-4,COMERCIAL ANFRUNS Y COMPAÑIA SPA,COMERCIAL ANFRUNS Y COMPANIA SPA,,,Orden de Compra codigo: 1739-13-CM24 dirigida a COMERCIAL ANFRUNS Y COMPANIA SPA,30 dias contra la recepcion conforme de la factura,2735,7034,976986,184380
2047244,hyundai tucson nx4 plus 2.0 4WD AT 2024.0,hyundai,tucson nx4 plus,2.0,4WD,AT,2024.0,https://www.autocosmos.cl/catalogo/2025/hyundai/tucson/nx4-20l-plus-aut/179180,bencina,2000 cc,154/6200 cv/rpm,192/4500 N·m/rpm,inyección electrónica multipunto,4 en línea,16.0,sí,no,N/D,N/D,N/D,N/D,N/D,delantero - delantera,automática 6 velocidades,235/60/R18,discos ventilados - discos sólidos,independiente tipo McPherson,Multi-link,4640 mm,1865 mm,N/D,1665 mm,2755 mm,539 dm3,54 l,2105 kg,N/D,N/D,N/D,N/D,N/D,N/D,N/D,N/D,N/D,N/D,N/D,climatizador bizona,sí,"con ajuste en altura, con ajuste manual",abatibles 60/40,tela,centralizado con comando a distancia,eléctricos - eléctricos,"con función de plegado eléctrico, con luz de giro incorporadas, eléctricos y térmicos",antideslumbrante manual,"con encendido y apagado automático, con luces de marcha diurna, con luces led",delanteros,sí,eléctrica,aleación,no tiene,"con ajuste en altura y profundidad, multifunción revestido en cuero",,delanteros y traseros,sí,sí,"conductor y acompañante, de cabeza delanteros y traseros (cortina), laterales delanteros",alarma e inmovilizador de motor,sí,"delanteros inerciales, traseros inerciales",sí,sí,"AM - FM, con lector de Mp3 y WMA, con comandos de audio al volante",6,sí,sí,"táctil de 12,3""","asistente para arranque en pendientes, control de descenso en pendientes, control de estabilidad para remolques",sí,sí,con botón,sí,sí,sí,sí,trasera,sí,,sí,,sí,,,,,,,,revestida en cuero,,,,,,,,,,,,,,,,,,65237,2239-8-LR23,5802342.0,Convenio Marco de  Adquisición de Vehículos,3196-109-CM24,ADQUISICIÓN DE VEHÍCULO FISCAL TIPO SUV 4X4 PARA CARGO DEL SR. GOBERNADOR MARÍTIMO DE VALDIVIA,2024-05-29,Recepcion Conforme,No,,(2047244) SUV HYUNDAI TUCSON NX4 2.0 4WD AT PLUS  2024 REGIÓN V,SUV HYUNDAI TUCSON NX4 2.0 4WD AT PLUS  2024 REGIÓN V,Automóviles,SUV,HYUNDAI ,TUCSON NX4 2.0 4WD AT PLUS  2024,21014874,1.0,21014874,CLP,21014874,0,0,21014874,"3992826,06","25007700,06",61.102.047-3,GOBERNACION MARITIMA DE VALDIVIA,- - -,AV. PRAT N° 588,Valdivia,Los Ríos,DIRECCION GENERAL DE LOS SERVICIOS DE LA ARMADA,FFAA,79.649.140-k,Automotores Gildemeister CAMIONES,AUTOMOTORES GILDEMEISTER SPA,,,"Orden de Compra codigo: 3196-109-CM24 dirigida a AUTOMOTORES GILDEMEISTER SPA
VEHÍCULO SUV 4X4 HYUNDAI TUCSON COLOR GRIS GRAFITO, CON RETIRO EN TIENDA
ENTREGA APROXIMADA 17/07/2024",30 dias contra la recepcion conforme de la factura,4117,111875,32636,32413
2047244,hyundai tucson nx4 plus 2.0 4WD AT 2024.0,hyundai,tucson nx4 plus,2.0,4WD,AT,2024.0,https://www.autocosmos.cl/catalogo/2025/hyundai/tucson/nx4-20l-plus-aut/179180,bencina,2000 cc,154/6200 cv/rpm,192/4500 N·m/rpm,inyección electrónica multipunto,4 en línea,16.0,sí,no,N/D,N/D,N/D,N/D,N/D,delantero - delantera,automática 6 velocidades,235/60/R18,discos ventilados - discos sólidos,independiente tipo McPherson,Multi-link,4640 mm,1865 mm,N/D,1665 mm,2755 mm,539 dm3,54 l,2105 kg,N/D,N/D,N/D,N/D,N/D,N/D,N/D,N/D,N/D,N/D,N/D,climatizador bizona,sí,"con ajuste en altura, con ajuste manual",abatibles 60/40,tela,centralizado con comando a distancia,eléctricos - eléctricos,"con función de plegado eléctrico, con luz de giro incorporadas, eléctricos y térmicos",antideslumbrante manual,"con encendido y apagado automático, con luces de marcha diurna, con luces led",delanteros,sí,eléctrica,aleación,no tiene,"con ajuste en altura y profundidad, multifunción revestido en cuero",,delanteros y traseros,sí,sí,"conductor y acompañante, de cabeza delanteros y traseros (cortina), laterales delanteros",alarma e inmovilizador de motor,sí,"delanteros inerciales, traseros inerciales",sí,sí,"AM - FM, con lector de Mp3 y WMA, con comandos de audio al volante",6,sí,sí,"táctil de 12,3""","asistente para arranque en pendientes, control de descenso en pendientes, control de estabilidad para remolques",sí,sí,con botón,sí,sí,sí,sí,trasera,sí,,sí,,sí,,,,,,,,revestida en cuero,,,,,,,,,,,,,,,,,,72100,2239-8-LR23,5802342.0,Convenio Marco de  Adquisición de Vehículos,3187-257-CM24,ADQUISICIÓN DE VEHÍCULO FISCAL TIPO SUV 4X4 PARA CARGO DEL SR. GOBERNADOR MARÍTIMO DE PUNTA ARENAS,2024-05-31,Recepcion Conforme,No,,(2047244) SUV HYUNDAI TUCSON NX4 2.0 4WD AT PLUS  2024 REGIÓN V,SUV HYUNDAI TUCSON NX4 2.0 4WD AT PLUS  2024 REGIÓN V,Automóviles,SUV,HYUNDAI ,TUCSON NX4 2.0 4WD AT PLUS  2024,21014874,1.0,21014874,CLP,21014874,0,0,21014874,"3992826,06","25007700,06",61.102.041-4,GOBERNACION MARITIMA DE PUNTA ARENAS,GOBERNACION MARITIMA DE PUNTA ARENAS,L.GRAL BDO O´HIGGINS 1169,Punta Arenas,Magallanes y Antártica,DIRECCION GENERAL DE LOS SERVICIOS DE LA ARMADA,FFAA,79.649.140-k,Automotores Gildemeister CAMIONES,AUTOMOTORES GILDEMEISTER SPA,,,"ADQUISICIÓN DE VEHÍCULO PARA GOBERNADOR MARÍTIMO DE PUNTA ARENAS SEGÚN ORCOM CONVENIO MARCO N 3196-257-CM24 DIRIGIDA A AUTOMOTORES GILDEMEISTER SPA
VEHÍCULO SUV 4X4 HYUNDAI TUCSON, CON RETIRO EN TIENDA PUERTO MONTT,
ENTREGA APROXIMADA 1",30 dias contra la recepcion conforme de la factura,4108,111875,32636,32413
2047244,hyundai tucson nx4 plus 2.0 4WD AT 2024.0,hyundai,tucson nx4 plus,2.0,4WD,AT,2024.0,https://www.autocosmos.cl/catalogo/2025/hyundai/tucson/nx4-20l-plus-aut/179180,bencina,2000 cc,154/6200 cv/rpm,192/4500 N·m/rpm,inyección electrónica multipunto,4 en línea,16.0,sí,no,N/D,N/D,N/D,N/D,N/D,delantero - delantera,automática 6 velocidades,235/60/R18,discos ventilados - discos sólidos,independiente tipo McPherson,Multi-link,4640 mm,1865 mm,N/D,1665 mm,2755 mm,539 dm3,54 l,2105 kg,N/D,N/D,N/D,N/D,N/D,N/D,N/D,N/D,N/D,N/D,N/D,climatizador bizona,sí,"con ajuste en altura, con ajuste manual",abatibles 60/40,tela,centralizado con comando a distancia,eléctricos - eléctricos,"con función de plegado eléctrico, con luz de giro incorporadas, eléctricos y térmicos",antideslumbrante manual,"con encendido y apagado automático, con luces de marcha diurna, con luces led",delanteros,sí,eléctrica,aleación,no tiene,"con ajuste en altura y profundidad, multifunción revestido en cuero",,delanteros y traseros,sí,sí,"conductor y acompañante, de cabeza delanteros y traseros (cortina), laterales delanteros",alarma e inmovilizador de motor,sí,"delanteros inerciales, traseros inerciales",sí,sí,"AM - FM, con lector de Mp3 y WMA, con comandos de audio al volante",6,sí,sí,"táctil de 12,3""","asistente para arranque en pendientes, control de descenso en pendientes, control de estabilidad para remolques",sí,sí,con botón,sí,sí,sí,sí,trasera,sí,,sí,,sí,,,,,,,,revestida en cuero,,,,,,,,,,,,,,,,,,30911,2239-8-LR23,5802342.0,Convenio Marco de  Adquisición de Vehículos,3326-333-CM24,"ADQUISICIÓN DE 01 VEHÍCULO TIPO SUV, PARA EL DPTO. BIENES RAÍCES Y ACTIVOS INSTITUCIONALES (L.6), A TRAVÉS DEL FONDO ROTATIVO DE ABASTECIMIENTO (F.O.R.A)",2024-08-14,Aceptada,No,,(2047244) SUV HYUNDAI TUCSON NX4 2.0 4WD AT PLUS  2024 REGIÓN V,SUV HYUNDAI TUCSON NX4 2.0 4WD AT PLUS  2024 REGIÓN V,Automóviles,SUV,HYUNDAI ,TUCSON NX4 2.0 4WD AT PLUS  2024,21175462,1.0,21175462,CLP,21175462,0,0,21175462,0,21175462,61.938.500-4,Depto.Transportes L.3,DIRECCION DE LOGISTICA DE CARABINEROS,Vivaceta Nro. 2700,Santiago,Metropolitana,DIRECCION DE LOGISTICA DE CARABINEROS,FFAA,79.649.140-k,Automotores Gildemeister CAMIONES,AUTOMOTORES GILDEMEISTER SPA,,,Orden de Compra codigo: 3326-333-CM24 dirigida a AUTOMOTORES GILDEMEISTER SPA,30 dias contra la recepcion conforme de la factura,4247,113812,32636,32413
2047244,hyundai tucson nx4 plus 2.0 4WD AT 2024.0,hyundai,tucson nx4 plus,2.0,4WD,AT,2024.0,https://www.autocosmos.cl/catalogo/2025/hyundai/tucson/nx4-20l-plus-aut/179180,bencina,2000 cc,154/6200 cv/rpm,192/4500 N·m/rpm,inyección electrónica multipunto,4 en línea,16.0,sí,no,N/D,N/D,N/D,N/D,N/D,delantero - delantera,automática 6 velocidades,235/60/R18,discos ventilados - discos sólidos,independiente tipo McPherson,Multi-link,4640 mm,1865 mm,N/D,1665 mm,2755 mm,539 dm3,54 l,2105 kg,N/D,N/D,N/D,N/D,N/D,N/D,N/D,N/D,N/D,N/D,N/D,climatizador bizona,sí,"con ajuste en altura, con ajuste manual",abatibles 60/40,tela,centralizado con comando a distancia,eléctricos - eléctricos,"con función de plegado eléctrico, con luz de giro incorporadas, eléctricos y térmicos",antideslumbrante manual,"con encendido y apagado automático, con luces de marcha diurna, con luces led",delanteros,sí,eléctrica,aleación,no tiene,"con ajuste en altura y profundidad, multifunción revestido en cuero",,delanteros y traseros,sí,sí,"conductor y acompañante, de cabeza delanteros y traseros (cortina), laterales delanteros",alarma e inmovilizador de motor,sí,"delanteros inerciales, traseros inerciales",sí,sí,"AM - FM, con lector de Mp3 y WMA, con comandos de audio al volante",6,sí,sí,"táctil de 12,3""","asistente para arranque en pendientes, control de descenso en pendientes, control de estabilidad para remolques",sí,sí,con botón,sí,sí,sí,sí,trasera,sí,,sí,,sí,,,,,,,,revestida en cuero,,,,,,,,,,,,,,,,,,35011,2239-8-LR23,5802342.0,Convenio Marco de  Adquisición de Vehículos,3326-336-CM24,"ADQUISICIÓN DE 01 VEHÍCULO TIPO SUV, PARA EL DEPARTAMENTO COORDINACIÓN CON SEGURIDAD MUNICIPAL O.S.14, CON CARGO AL FONDO ROTATIVO DE ABASTECIMIENTO (F.O.R.A.) ",2024-08-16,Aceptada,No,,(2047244) SUV HYUNDAI TUCSON NX4 2.0 4WD AT PLUS  2024 REGIÓN V,SUV HYUNDAI TUCSON NX4 2.0 4WD AT PLUS  2024 REGIÓN V,Automóviles,SUV,HYUNDAI ,TUCSON NX4 2.0 4WD AT PLUS  2024,21175462,1.0,21175462,CLP,21175462,0,0,21175462,0,21175462,61.938.500-4,Depto.Transportes L.3,DIRECCION DE LOGISTICA DE CARABINEROS,Vivaceta Nro. 2700,Santiago,Metropolitana,DIRECCION DE LOGISTICA DE CARABINEROS,FFAA,79.649.140-k,Automotores Gildemeister CAMIONES,AUTOMOTORES GILDEMEISTER SPA,,,Orden de Compra codigo: 3326-336-CM24 dirigida a AUTOMOTORES GILDEMEISTER SPA,30 dias contra la recepcion conforme de la factura,4247,113812,32636,32413
2053605,jac js3 xe luxury 1.6 AT 2024.0,jac,js3 xe luxury,1.6,,AT,2024.0,https://www.autocosmos.cl/catalogo/2025/jac/js3/16l-luxury/179206,bencina,1590 cc,118/6000 cv/rpm,155/4000 N·m/rpm,inyección directa,4 en línea,16.0,sí,no,N/D,"10,1 km/l","15,4 km/l","12,8 km/l",N/D,delantero - delantera,manual 6 velocidades,205/55/R16,discos ventilados - discos sólidos,independiente tipo McPherson con barra estabilizadora,semi-independiente con brazos tirados y barra de torsión,4325 mm,1765 mm,N/D,1660 mm,2560 mm,600 dm3,45 l,1585 kg,N/D,200 mm,,,,,,,,,,climatizador,sí,"calefaccionados solo conductor, con ajuste en altura solo conductor, con ajuste manual",abatibles 60/40,símil cuero,centralizado con comando a distancia,eléctricos - eléctricos,eléctricos y térmicos,antideslumbrante manual,con regulación interna,traseros,sí,eléctrica,aleación,no tiene,"con ajuste en altura, multifunción revestido en cuero",,traseros,sí,sí,conductor y acompañante,alarma e inmovilizador de motor,sí,"delanteros 3 puntas, traseros inerciales",sí,,"AM - FM, con lector de Mp3 y WMA, con comandos de audio al volante",6,sí,sí,"táctil de 10,25""","asistente para arranque en pendientes, indicador de presión de neumáticos",sí,sí,,sí,,sí,sí,trasera,,,,sí,,,,,,,,,,,,,,,,,,,,,,,,,,,69742,2239-8-LR23,5802342.0,Convenio Marco de  Adquisición de Vehículos,4732-280-CM24,Adquisición de vehículo municipal SUV JAC JS3 XE LUXURY 1.6 para departamento de Operaciones ,2024-07-31,Recepcion Conforme,No,,(2053605) SUV JAC JS3 XE LUXURY 1.6 CVT AT 2024 REGIÓN VI,SUV JAC JS3 XE LUXURY 1.6 CVT AT 2024 REGIÓN VI,Automóviles,SUV,JAC,JS3 XE LUXURY 1.6 CVT AT 2024,10924370,1.0,10924370,CLP,10924370,0,0,10924370,"2075630,3","13000000,3",69.080.400-K,Secpla,I MUNICIPALIDAD DE CODEGUA,"O""higgins 376",Codegua,Lib. Gral. Bdo. O'Higgins,Ilustre Municipalidad de Codegua,Municipalidades,86.385.500-4,COMERCIAL ANFRUNS Y COMPAÑIA SPA,COMERCIAL ANFRUNS Y COMPANIA SPA,,,Orden de Compra codigo: 4732-280-CM24 dirigida a COMERCIAL ANFRUNS Y COMPANIA SPA,30 dias contra la recepcion conforme de la factura,5647,165106,976986,184380
2034546,mitsubishi outlander gls 4X4 AT,mitsubishi,outlander gls,,4X4,AT,,https://www.autocosmos.cl/catalogo/2025/mitsubishi/outlander/25l-gls-4x4-7-pas/179640,bencina,2488 cc,181/6000 cv/rpm,245/3600 N·m/rpm,inyección directa,4 en línea,16.0,sí,no,N/D,N/D,N/D,N/D,N/D,delantero - integral,automática CVT - 8 velocidades,225/45/R20,discos ventilados - discos ventilados,McPherson con barra estabilizadora,Multi-link,4710 mm,1862 mm,N/D,1745 mm,2706 mm,N/D,55 l,1690 kg,N/D,210 mm,N/D,,,,,,,,,climatizador bizona,sí,"calefaccionables, con ajuste eléctrico solo conductor, con ajuste en altura y lumbar para el conductor",2da. fila abatibles 60/40 y 3ra. fila 50/50,símil cuero,centralizado con comando a distancia,eléctricos - eléctricos,"con función de plegado eléctrico, con luz de giro incorporadas, eléctricos y térmicos",antideslumbrante manual,"con encendido y apagado automático, con luces led, con regulación automática y lava faros",N/D,sí,hidráulica,acero con tapas,no tiene,multifunción revestido en cuero,,delanteros y traseros,sí,sí,"conductor y acompañante, de cabeza delanteros (cortina), de rodilla conductor, laterales delanteros",alarma e inmovilizador de motor,sí,"delanteros inerciales, traseros inerciales",sí,sí,"AM - FM y CD con lector de Mp3, con comandos de audio al volante",6,,,"táctil de 8""","advertencia de colisión con autofrenado, asistente para arranque en pendientes, asistente para cambio de carril, control de descenso en pendientes, sistema de advertencia de salida de carril, sistema de alerta del punto ciego, sistema de alerta por cansancio",N/D,sí,,sí,sí,,sí,trasera,,,,,,sí,,,,,,,revestida en cuero,,,,,,,,,,,,,,,,,,27513,2239-5-LR21,5800296.0,CM Adquisición de Vehículos SUV y Camionetas,1590-33-CM24,Adquisición Vehículo Fiscal,2024-01-15,Recepcion Conforme,No,,(2034546) SUV MITSUBISHI NEW OUTLANDER 4X4 AT GLS MACROZONA CENTRO 2024,SUV MITSUBISHI NEW OUTLANDER 4X4 AT GLS MACROZONA CENTRO 2024,Automóviles,SUV,MITSUBISHI,NEW OUTLANDER 4X4 AT GLS,27823865,1.0,27823865,CLP,27823865,0,0,27823865,"5286534,35","33110399,35",61.301.000-9,Subsecretaría de Agricultura,SUBSECRETARIA DEL MINISTERIO DE AGRICULT,Teatinos N° 40,Santiago Centro,Metropolitana,SUBSECRETARIA DEL MINISTERIO DE AGRICULT,"Gob. Central, Universidades",91.502.000-3,Salinas y Fabres S.A.,SALINAS Y FABRES SOCIEDAD ANONIMA,,,"Orden de Compra código:
1590-33-CM24
SALINAS Y FABRES SOCIEDAD ANONIMA
Cómo de un Vehículo Fiscal",30 dias contra la recepcion conforme de la factura,2586,7189,26569,26778
2056833,toyota rav4 xle hv 2.5 4X2 AT 2024.0,toyota,rav4 xle hv,2.5,4X2,AT,2024.0,https://www.autocosmos.cl/catalogo/2025/toyota/rav4/20l-xle-aut/180033,bencina,1987 cc,170/6600 cv/rpm,203/5000 N·m/rpm,inyección electrónica,4 en línea,16.0,sí,no,N/D,N/D,N/D,N/D,N/D,delantero - delantera,automática CVT,225/60/R18,discos ventilados - discos sólidos,"independiente, tipo McPherson con barra estabilizadora",barra de torsión y barra estabilizadora,4600 mm,1855 mm,N/D,1685 mm,2690 mm,580 dm3,55 l,N/D,N/D,N/D,,,,,,,,,,climatizador,sí,"con ajuste en altura solo conductor, con ajuste manual",abatibles 60/40,tela,centralizado con comando a distancia,eléctricos - eléctricos,"con luz de giro incorporadas, eléctricos y térmicos",antideslumbrante automático,"con luces led, con regulación automática",delanteros,sí,eléctrica,aleación,no tiene,"con ajuste en altura y profundidad, multifunción revestido en cuero",,delanteros y traseros,sí,sí,"conductor y acompañante, de cabeza delanteros (cortina), de rodilla conductor, laterales delanteros",inmovilizador de motor,sí,"delanteros inerciales, traseros inerciales",sí,,"AM - FM con lector MP3, con comandos de audio al volante",6,sí,sí,"táctil de 8""","asistente para arranque en pendientes, control de estabilidad para remolques, indicador de presión de neumáticos",sí,,con botón,sí,sí,sí,sí,trasera,sí,sí,sí,,,,,,,,,,,,,,,,,,,,,,,,,,,,48772,2239-8-LR23,5802342.0,Convenio Marco de  Adquisición de Vehículos,799595-137-CM24,ADQUISIÓN DE VEHICULO TOYOTA RAV4 XLE HV 2.5 CVT 2024 SUBSECRETARIA DEL DEPORTE,2024-04-17,Recepcion Conforme,No,,(2056833) SUV TOYOTA RAV4 XLE 2.5 4X2 CVT HV AT 2024 REGIÓN RM,SUV TOYOTA RAV4 XLE 2.5 4X2 CVT HV AT 2024 REGIÓN RM,Automóviles,SUV,TOYOTA,RAV4 XLE 2.5 4X2 CVT HV AT 2024,25891500,1.0,25891500,CLP,25891500,0,0,25891500,4919385,30810885,61.980.360-4,Subsecretaría del Deporte,SUBSECRETARIA DEL DEPORTE,"Fidel Oteiza # 1956, Piso 8 Poniente, Región Metropolitana",Providencia,Metropolitana,SUBSECRETARIA DEL DEPORTE,"Gob. Central, Universidades",80.522.900-4,Kovacs SpA,KOVACS SPA,,,Orden de Compra codigo: 799595-137-CM24 dirigida a KOVACS SPA,30 dias contra la recepcion conforme de la factura,799595,1396777,23711,24161
2056833,toyota rav4 xle hv 2.5 4X2 AT 2024.0,toyota,rav4 xle hv,2.5,4X2,AT,2024.0,https://www.autocosmos.cl/catalogo/2025/toyota/rav4/20l-xle-aut/180033,bencina,1987 cc,170/6600 cv/rpm,203/5000 N·m/rpm,inyección electrónica,4 en línea,16.0,sí,no,N/D,N/D,N/D,N/D,N/D,delantero - delantera,automática CVT,225/60/R18,discos ventilados - discos sólidos,"independiente, tipo McPherson con barra estabilizadora",barra de torsión y barra estabilizadora,4600 mm,1855 mm,N/D,1685 mm,2690 mm,580 dm3,55 l,N/D,N/D,N/D,,,,,,,,,,climatizador,sí,"con ajuste en altura solo conductor, con ajuste manual",abatibles 60/40,tela,centralizado con comando a distancia,eléctricos - eléctricos,"con luz de giro incorporadas, eléctricos y térmicos",antideslumbrante automático,"con luces led, con regulación automática",delanteros,sí,eléctrica,aleación,no tiene,"con ajuste en altura y profundidad, multifunción revestido en cuero",,delanteros y traseros,sí,sí,"conductor y acompañante, de cabeza delanteros (cortina), de rodilla conductor, laterales delanteros",inmovilizador de motor,sí,"delanteros inerciales, traseros inerciales",sí,,"AM - FM con lector MP3, con comandos de audio al volante",6,sí,sí,"táctil de 8""","asistente para arranque en pendientes, control de estabilidad para remolques, indicador de presión de neumáticos",sí,,con botón,sí,sí,sí,sí,trasera,sí,sí,sí,,,,,,,,,,,,,,,,,,,,,,,,,,,,78466,2239-8-LR23,5802342.0,Convenio Marco de  Adquisición de Vehículos,3553-197-CM24,Adquisición vehículo SYV TOYOTA RAV4 XLE 2.5 CVT HV AT Híbrido ,2024-04-30,Recepcion Conforme,No,,(2056833) SUV TOYOTA RAV4 XLE 2.5 4X2 CVT HV AT 2024 REGIÓN RM,SUV TOYOTA RAV4 XLE 2.5 4X2 CVT HV AT 2024 REGIÓN RM,Automóviles,SUV,TOYOTA,RAV4 XLE 2.5 4X2 CVT HV AT 2024,25891500,1.0,25891500,CLP,25891500,0,0,25891500,4919385,30810885,61.402.000-8,MINISTERIO DE BIENES NACIONALES,MINISTERIO DE BIENES NACIONALES,Av.Lib.Bdo. O´Higgins Nº720,Santiago Centro,Metropolitana,Ministerio de Bienes Nacionales.,"Gob. Central, Universidades",80.522.900-4,Kovacs SpA,KOVACS SPA,,,Orden de Compra codigo: 3553-197-CM24 dirigida a KOVACS SPA. Coordinar con Pablo Mellado. Fono 229375763. Conductor 661648.,30 dias contra la recepcion conforme de la factura,4473,6941,23711,24161
2056833,toyota rav4 xle hv 2.5 4X2 AT 2024.0,toyota,rav4 xle hv,2.5,4X2,AT,2024.0,https://www.autocosmos.cl/catalogo/2025/toyota/rav4/20l-xle-aut/180033,bencina,1987 cc,170/6600 cv/rpm,203/5000 N·m/rpm,inyección electrónica,4 en línea,16.0,sí,no,N/D,N/D,N/D,N/D,N/D,delantero - delantera,automática CVT,225/60/R18,discos ventilados - discos sólidos,"independiente, tipo McPherson con barra estabilizadora",barra de torsión y barra estabilizadora,4600 mm,1855 mm,N/D,1685 mm,2690 mm,580 dm3,55 l,N/D,N/D,N/D,,,,,,,,,,climatizador,sí,"con ajuste en altura solo conductor, con ajuste manual",abatibles 60/40,tela,centralizado con comando a distancia,eléctricos - eléctricos,"con luz de giro incorporadas, eléctricos y térmicos",antideslumbrante automático,"con luces led, con regulación automática",delanteros,sí,eléctrica,aleación,no tiene,"con ajuste en altura y profundidad, multifunción revestido en cuero",,delanteros y traseros,sí,sí,"conductor y acompañante, de cabeza delanteros (cortina), de rodilla conductor, laterales delanteros",inmovilizador de motor,sí,"delanteros inerciales, traseros inerciales",sí,,"AM - FM con lector MP3, con comandos de audio al volante",6,sí,sí,"táctil de 8""","asistente para arranque en pendientes, control de estabilidad para remolques, indicador de presión de neumáticos",sí,,con botón,sí,sí,sí,sí,trasera,sí,sí,sí,,,,,,,,,,,,,,,,,,,,,,,,,,,,18674,2239-8-LR23,5802342.0,Convenio Marco de  Adquisición de Vehículos,4803-174-CM24,Orden de Compra: 4803-174-CM24,2024-07-05,Aceptada,No,,(2056833) SUV TOYOTA RAV4 XLE 2.5 4X2 CVT HV AT 2024 REGIÓN RM,SUV TOYOTA RAV4 XLE 2.5 4X2 CVT HV AT 2024 REGIÓN RM,Automóviles,SUV,TOYOTA,RAV4 XLE 2.5 4X2 CVT HV AT 2024,25891500,1.0,25891500,CLP,25891500,0,0,25891500,4919385,30810885,60.201.000-7,Senado de la República de Chile,SENADO DE LA REPUBLICA,Avda. Pedro Montt S/N,Valparaíso,Valparaíso,SENADO DE LA REPUBLICA,Legislativo y judicial,80.522.900-4,Kovacs SpA,KOVACS SPA,,,Orden de Compra codigo: 4803-174-CM24 dirigida a KOVACS SPA. Vehículo Color Gris Grafito ,30 dias contra la recepcion conforme de la factura,5718,174692,23711,24161
2050789,maxus g10 minibus 9+1 e6 2024.0,maxus,g10 minibus 9+1 e6,,,,2024.0,https://www.autocosmos.cl/catalogo/2026/maxus/g-10-cargo/19l/179452,diesel,1898 cc,163 cv/rpm,375 N·m/rpm,inyección directa turbo,4 en línea,16.0,sí,no,N/D,"8,9 km/l","12,7 km/l","11,0 km/l",N/D,delantero - trasera,manual 6 velocidades,215/70/R16,discos ventilados - discos sólidos,independiente tipo McPherson,ballesta semielíptica,5168 mm,1980 mm,N/D,1928 mm,3190 mm,N/D,75 l,N/D,1000 kg,N/D,,,,,,,,,,manual,,con ajuste manual,no tiene,tela,centralizado con comando a distancia,eléctricos - no tiene,eléctricos,antideslumbrante manual,fijos,delanteros y traseros,sí,hidráulica,acero,no tiene,sin regulación,,traseros,sí,sí,conductor,alarma,,delanteros inerciales,sí,,AM - FM con lector MP3,2,sí,,,,sí,,,,,sí,,,,,,,,,,,"trasera derecha e izquierda corrediza, traseras doble, batientes",,,,,,,,,,,,,,,,,,,,,,9275,2239-8-LR23,5802342.0,Convenio Marco de  Adquisición de Vehículos,3784-444-CM24,Orden de Compra: 3784-444-CM24,2024-06-04,Recepcion Conforme,No,,(2050789) MINIBUS MAXUS G10 MINIBUS 9+1 E6 2024 REGIÓN XVI,MINIBUS MAXUS G10 MINIBUS 9+1 E6 2024 REGIÓN XVI,Minibuses,MINIBUS,MAXUS,G10 MINIBUS 9+1 E6 2024,22850999,1.0,22850999,CLP,22850999,0,0,22850999,"4341689,81","27192688,81",69.150.200-7,Adquisiciones,I MUNICIPALIDAD DE COELEMU,Pedro Leon Gallo 609,Coelemu,Ñuble,I MUNICIPALIDAD DE COELEMU,Municipalidades,79.853.470-K,SALAZAR ISRAEL,AUTOMOTRIZ CORDILLERA S.A.,,,Orden de Compra código: 3784-444-CM24 dirigida a AUTOMOTRIZ CORDILLERA S.A.  ADQUISICIÓN DE MINIBUS - MUNICIPALIDAD DE COELEMU.,30 dias contra la recepcion conforme de la factura,4704,116742,32639,32414
2051017,peugeot traveller business l3 8p bluehdi 180 EAT8 2024.0,peugeot,traveller business l3 8p bluehdi 180,,,EAT8,2024.0,https://www.autocosmos.cl/catalogo/2025/peugeot/traveller/bussines-l3-9p-bluehdi-145/179731,diesel,1997 cc,145/4000 cv/rpm,370/2000 N·m/rpm,inyección directa common rail turbo,4 en línea,16.0,N/D,sí,"11,0 s","16,6 km/l","18,8 km/l","17,9 km/l",170 km/h,delantero - delantera,manual 6 velocidades,215/60/R17,discos ventilados - discos sólidos,tipo Mcpherson independientes con barra de torsión,"brazos de control inferiores, brazo de control superior triangular, resortes helicoidales, barra estabilizadora y amortiguadores a gas",5309 mm,1920 mm,N/D,1935 mm,3275 mm,980/1300 dm3,69 l,1745 kg,1261 kg,N/D,,,,,2000 kg,800 kg,,,,manual,sí,"con ajuste en profundidad solo conductor, con ajuste manual",2da. fila ajustables individualmente y 3ra. fila completos,tela,centralizado con comando a distancia,eléctricos - fijos,"con función de plegado eléctrico, eléctricos y térmicos",antideslumbrante manual,"con encendido y apagado automático, con luces led, con regulación interna",delanteros,sí,eléctrica,acero con tapas,manual,"con ajuste en altura y profundidad, multifunción",,,sí,sí,"conductor y acompañante, de cabeza delanteros (cortina), laterales delanteros",alarma e inmovilizador de motor,sí,"delanteros inerciales, traseros inerciales",sí,sí,"AM - FM con lector MP3, con comandos de audio al volante",6,sí,sí,táctil de 7'',indicador de presión de neumáticos,N/D,sí,,sí,sí,sí,,,sí,sí,sí,,,sí,sí,,"trasera derecha corrediza, traseras doble, batientes y vidriadas",sí,,,,,,,,,,,,,,,,,,,,,9704,2239-8-LR23,5802342.0,Convenio Marco de  Adquisición de Vehículos,1051173-120-CM24,Adquisición 2 MINIBUS PEUGEOT TRAVELLER BUSINESS L3 8P BLUEHDI,2024-06-11,Recepcion Conforme,No,,(2051017) MINIBUS PEUGEOT TRAVELLER BUSINESS L3 8P BLUEHDI 180 EAT8 2024 REGIÓN RM,MINIBUS PEUGEOT TRAVELLER BUSINESS L3 8P BLUEHDI 180 EAT8 2024 REGIÓN RM,Minibuses,MINIBUS,PEUGEOT ,TRAVELLER BUSINESS L3 8P BLUEHDI 180 EAT8 2024,26562900,2.0,53125800,CLP,53125800,0,0,53125800,10093902,63219702,60.100.003-2,Ministerio Secretaria General de la Presidencia,MINISTERIO SECRETARIA GENERAL DE LA PRESIDENCIA DE LA REPUBLICA,Moneda N°1160,Santiago Centro,Metropolitana,MINISTERIO SECRETARIA GENERAL DE LA PRESIDENCIA DE LA REPUBLICA,"Gob. Central, Universidades",84.807.200-1,BRUNO FRITSCH S.A.,BRUNO FRITSCH S.A. ,,,"Orden de Compra codigo: 1051173-120-CM24 dirigida a BRUNO FRITSCH S.A.

Contraparte técnica: Juan Carlos Zúñiga 
Correo: jzuniga@minsegpres.gob.cl
SGA 348-2024",30 dias contra la recepcion conforme de la factura,1051173,6949,24507,24823
2051017,peugeot traveller business l3 8p bluehdi 180 EAT8 2024.0,peugeot,traveller business l3 8p bluehdi 180,,,EAT8,2024.0,https://www.autocosmos.cl/catalogo/2025/peugeot/traveller/bussines-l3-9p-bluehdi-145/179731,diesel,1997 cc,145/4000 cv/rpm,370/2000 N·m/rpm,inyección directa common rail turbo,4 en línea,16.0,N/D,sí,"11,0 s","16,6 km/l","18,8 km/l","17,9 km/l",170 km/h,delantero - delantera,manual 6 velocidades,215/60/R17,discos ventilados - discos sólidos,tipo Mcpherson independientes con barra de torsión,"brazos de control inferiores, brazo de control superior triangular, resortes helicoidales, barra estabilizadora y amortiguadores a gas",5309 mm,1920 mm,N/D,1935 mm,3275 mm,980/1300 dm3,69 l,1745 kg,1261 kg,N/D,,,,,2000 kg,800 kg,,,,manual,sí,"con ajuste en profundidad solo conductor, con ajuste manual",2da. fila ajustables individualmente y 3ra. fila completos,tela,centralizado con comando a distancia,eléctricos - fijos,"con función de plegado eléctrico, eléctricos y térmicos",antideslumbrante manual,"con encendido y apagado automático, con luces led, con regulación interna",delanteros,sí,eléctrica,acero con tapas,manual,"con ajuste en altura y profundidad, multifunción",,,sí,sí,"conductor y acompañante, de cabeza delanteros (cortina), laterales delanteros",alarma e inmovilizador de motor,sí,"delanteros inerciales, traseros inerciales",sí,sí,"AM - FM con lector MP3, con comandos de audio al volante",6,sí,sí,táctil de 7'',indicador de presión de neumáticos,N/D,sí,,sí,sí,sí,,,sí,sí,sí,,,sí,sí,,"trasera derecha corrediza, traseras doble, batientes y vidriadas",sí,,,,,,,,,,,,,,,,,,,,,17003,2239-8-LR23,5802342.0,Convenio Marco de  Adquisición de Vehículos,3326-237-CM24,"ADQUISICIÓN DE 02 VEHÍCULOS DE TRANSPORTE DE PERSONAL (MINIBÚS) PARA CARABINEROS DE CHILE, CON CARGO AL FONDO ROTATIVO DE ABASTECIMIENTO (F.O.R.A)",2024-06-10,Recepcion Conforme,No,,(2051017) MINIBUS PEUGEOT TRAVELLER BUSINESS L3 8P BLUEHDI 180 EAT8 2024 REGIÓN RM,MINIBUS PEUGEOT TRAVELLER BUSINESS L3 8P BLUEHDI 180 EAT8 2024 REGIÓN RM,Minibuses,MINIBUS,PEUGEOT ,TRAVELLER BUSINESS L3 8P BLUEHDI 180 EAT8 2024,26562900,2.0,53125800,CLP,53125800,0,0,53125800,0,53125800,61.938.500-4,Depto.Transportes L.3,DIRECCION DE LOGISTICA DE CARABINEROS,Vivaceta Nro. 2700,Santiago,Metropolitana,DIRECCION DE LOGISTICA DE CARABINEROS,FFAA,84.807.200-1,BRUNO FRITSCH S.A.,BRUNO FRITSCH S.A. ,,,Orden de Compra codigo: 3326-237-CM24 dirigida a BRUNO FRITSCH S.A.,30 dias contra la recepcion conforme de la factura,4247,113812,24507,24823
2050915,peugeot traveller business l3 9p bluehdi 145 2024.0,peugeot,traveller business l3 9p bluehdi 145,,,,2024.0,https://www.autocosmos.cl/catalogo/2025/peugeot/traveller/bussines-l3-9p-bluehdi-145/179731,diesel,1997 cc,145/4000 cv/rpm,370/2000 N·m/rpm,inyección directa common rail turbo,4 en línea,16.0,N/D,sí,"11,0 s","16,6 km/l","18,8 km/l","17,9 km/l",170 km/h,delantero - delantera,manual 6 velocidades,215/60/R17,discos ventilados - discos sólidos,tipo Mcpherson independientes con barra de torsión,"brazos de control inferiores, brazo de control superior triangular, resortes helicoidales, barra estabilizadora y amortiguadores a gas",5309 mm,1920 mm,N/D,1935 mm,3275 mm,980/1300 dm3,69 l,1745 kg,1261 kg,N/D,,,,,2000 kg,800 kg,,,,manual,sí,"con ajuste en profundidad solo conductor, con ajuste manual",2da. fila ajustables individualmente y 3ra. fila completos,tela,centralizado con comando a distancia,eléctricos - fijos,"con función de plegado eléctrico, eléctricos y térmicos",antideslumbrante manual,"con encendido y apagado automático, con luces led, con regulación interna",delanteros,sí,eléctrica,acero con tapas,manual,"con ajuste en altura y profundidad, multifunción",,,sí,sí,"conductor y acompañante, de cabeza delanteros (cortina), laterales delanteros",alarma e inmovilizador de motor,sí,"delanteros inerciales, traseros inerciales",sí,sí,"AM - FM con lector MP3, con comandos de audio al volante",6,sí,sí,táctil de 7'',indicador de presión de neumáticos,N/D,sí,,sí,sí,sí,,,sí,sí,sí,,,sí,sí,,"trasera derecha corrediza, traseras doble, batientes y vidriadas",sí,,,,,,,,,,,,,,,,,,,,,7143,2239-8-LR23,5802342.0,Convenio Marco de  Adquisición de Vehículos,1020-369-CM24,ADQ MINIBUS PEUGEOT TRAVELLER BUSINESS L3 9P (MOP),2024-07-25,Aceptada,No,,(2050915) MINIBUS PEUGEOT TRAVELLER BUSINESS L3 9P BLUEHDI 145 2024 REGIÓN RM,MINIBUS PEUGEOT TRAVELLER BUSINESS L3 9P BLUEHDI 145 2024 REGIÓN RM,Minibuses,MINIBUS,PEUGEOT ,TRAVELLER BUSINESS L3 9P BLUEHDI 145 2024,25106900,1.0,25106900,CLP,25106900,0,0,25106900,4770311,29877211,61.202.000-0,MOP Subsecretaría,MINISTERIO DE OBRAS PUBLICAS DIREC CION GRAL DE OO PP DCYF,"Morandé 71, 10° piso",Santiago,Metropolitana,Ministerio de Obras Publicas Dirección Gral. de OOPP,Obras Públicas,84.807.200-1,BRUNO FRITSCH S.A.,BRUNO FRITSCH S.A. ,,,Orden de Compra codigo: 1020-369-CM24 dirigida a BRUNO FRITSCH S.A.,30 dias contra la recepcion conforme de la factura,2016,7249,24507,24823
2049302,changan m 201 cargo 2024.0,changan,m 201 cargo,,,,2024.0,https://www.autocosmos.cl/catalogo/2025/changan/md201-cargo-box/12l/178843,bencina,1243 cc,97/6000 cv/rpm,119/4800 N·m/rpm,inyección electrónica multipunto,4 en línea,16.0,sí,no,N/D,"11,1 km/l","15,9 km/l","13,7 km/l",N/D,delantero - trasera,manual 5 velocidades,165/70/R14,discos ventilados - tambor,independiente tipo McPherson,eje rígido con ballesta y amortiguadores,4615 mm,1620 mm,N/D,2265 mm,2900 mm,N/A dm3,40 l,1750 kg,900 kg,155 mm,,30°,N/D,N/D,,,,,,no tiene,N/D,con ajuste eléctrico,no tiene,tela,N/D,manuales - no tiene,manuales,antideslumbrante manual,con regulación interna,"delanteros, traseros",,no tiene,acero,no tiene,sin regulación,,,,,no tiene,N/D,,delanteros inerciales,,,AM - FM,2,,,,,N/D,,,,,,,,,,,,,,,,,,,,,,,,,,,,,,,,,,,,,,27457,2239-8-LR23,5802342.0,Convenio Marco de  Adquisición de Vehículos,3958-234-CM24,Orden de Compra: 3958-234-CM24,2024-07-10,Aceptada,No,,(2049302) FURGÓN CHANGAN M 201 CARGO 2024 REGIÓN VI,FURGÓN CHANGAN M 201 CARGO 2024 REGIÓN VI,Mini-furgonetas o furgonetas,FURGÓN,CHANGAN,M 201 CARGO 2024,6844800,1.0,6844800,CLP,6844800,0,0,6844800,1300512,8145312,69.073.800-7,Unidad de Educacion,I MUNICIPALIDAD DE NAVIDAD,Plaza General  Bonilla 24,Navidad,Lib. Gral. Bdo. O'Higgins,Ilustre Municipalidad de Navidad,Municipalidades,86.385.500-4,COMERCIAL ANFRUNS Y COMPAÑIA SPA,COMERCIAL ANFRUNS Y COMPANIA SPA,,,Orden de Compra codigo: 3958-234-CM24 dirigida a COMERCIAL ANFRUNS Y COMPANIA SPA,30 dias contra la recepcion conforme de la factura,4878,118625,976986,184380
2049215,chevrolet n 400 max l ac p 1.5 MT 2024.0,chevrolet,n 400 max l ac p,1.5,,MT,2024.0,https://www.autocosmos.cl/catalogo/2025/chevrolet/n400-max/15l-ac-s/178908,bencina,1500 cc,103/5800 cv/rpm,147/3600 N·m/rpm,inyección directa,4 en línea,16.0,sí,no,N/D,N/D,N/D,"13,9 km/l",N/D,delantero - delantera,manual 5 velocidades,R14,discos ventilados - tambor,independiente tipo McPherson,ballesta semielíptica,4425 mm,1670 mm,N/D,1860 mm,2850 mm,3100 dm3,45 l,1200 kg,720 kg,N/D,,,,,,,,,,no tiene,sí,con ajuste manual,no tiene,tela,centralizado con comando a distancia,manuales - no tiene,manuales,antideslumbrante automático,fijos,no tiene,sí,eléctrica,acero,no tiene,sin regulación,,,sí,sí,conductor y acompañante,alarma e inmovilizador de motor,,delanteros inerciales,sí,,AM - FM con lector MP3,2,sí,,,,,,,,,sí,,,,,,,,,,,trasera derecha e izquierda corrediza,,,,,,,,,,,,,,,,,,,,,,44778,2239-8-LR23,5802342.0,Convenio Marco de  Adquisición de Vehículos,2345-356-CM24,ADQUISICION DE FURGON,2024-04-18,Aceptada,No,,(2049215) FURGÓN CHEVROLET N 400 MAX 1.5 L AC P MT 2024 REGIÓN RM,FURGÓN CHEVROLET N 400 MAX 1.5 L AC P MT 2024 REGIÓN RM,Mini-furgonetas o furgonetas,FURGÓN,CHEVROLET,N 400 MAX 1.5 L AC P MT 2024,9581220,1.0,9581220,CLP,9581220,0,0,9581220,"1820431,8","11401651,8",69.070.400-5,I MUNICIPALIDAD DE LAS CONDES,I MUNICIPALIDAD DE LAS CONDES,Avda.Apoquindo Nº 3400,Las Condes,Metropolitana,MUNICIPALIDAD DE LAS CONDES,Municipalidades,91.502.000-3,Salinas y Fabres S.A.,SALINAS Y FABRES SOCIEDAD ANONIMA,,,Orden de Compra codigo: 2345-356-CM24 dirigida a SALINAS Y FABRES SOCIEDAD ANONIMA,30 dias contra la recepcion conforme de la factura,3338,86571,26569,26778
2049215,chevrolet n 400 max l ac p 1.5 MT 2024.0,chevrolet,n 400 max l ac p,1.5,,MT,2024.0,https://www.autocosmos.cl/catalogo/2025/chevrolet/n400-max/15l-ac-s/178908,bencina,1500 cc,103/5800 cv/rpm,147/3600 N·m/rpm,inyección directa,4 en línea,16.0,sí,no,N/D,N/D,N/D,"13,9 km/l",N/D,delantero - delantera,manual 5 velocidades,R14,discos ventilados - tambor,independiente tipo McPherson,ballesta semielíptica,4425 mm,1670 mm,N/D,1860 mm,2850 mm,3100 dm3,45 l,1200 kg,720 kg,N/D,,,,,,,,,,no tiene,sí,con ajuste manual,no tiene,tela,centralizado con comando a distancia,manuales - no tiene,manuales,antideslumbrante automático,fijos,no tiene,sí,eléctrica,acero,no tiene,sin regulación,,,sí,sí,conductor y acompañante,alarma e inmovilizador de motor,,delanteros inerciales,sí,,AM - FM con lector MP3,2,sí,,,,,,,,,sí,,,,,,,,,,,trasera derecha e izquierda corrediza,,,,,,,,,,,,,,,,,,,,,,829,2239-8-LR23,5802342.0,Convenio Marco de  Adquisición de Vehículos,3326-133-CM24,ADQUISICIÓN DE 2 VEHÍCULOS PARA LA SECCIÓN O.S.7. LIMARÍ,2024-05-08,Recepcion Conforme,No,,(2049215) FURGÓN CHEVROLET N 400 MAX 1.5 L AC P MT 2024 REGIÓN RM,FURGÓN CHEVROLET N 400 MAX 1.5 L AC P MT 2024 REGIÓN RM,Mini-furgonetas o furgonetas,FURGÓN,CHEVROLET,N 400 MAX 1.5 L AC P MT 2024,9581220,1.0,9581220,CLP,22020547,0,0,22020547,"4183903,93","26204450,93",61.938.500-4,Depto.Transportes L.3,DIRECCION DE LOGISTICA DE CARABINEROS,Vivaceta Nro. 2700,,Metropolitana,DIRECCION DE LOGISTICA DE CARABINEROS,FFAA,91.502.000-3,Salinas y Fabres S.A.,SALINAS Y FABRES SOCIEDAD ANONIMA,,,"Orden de Compra codigo: 3326-133-CM24 dirigida a SALINAS Y FABRES SOCIEDAD ANONIMA.
DATOS DE FACTURACIÓN:
DOMICILIO: AV. LIBERTADOR BERNARDO OHIGGINS NRO. 1196, SANTIAGO.
RUT: 60.505.000-K.
RAZÓN SOCIAL: DIRECCIÓN GENERAL DE CARABINEROS.
GIRO: DEFENSA.
S",30 dias contra la recepcion conforme de la factura,4247,113812,26569,26778
2049344,maxus deliver 9 cargo l2h2 2024.0,maxus,deliver 9 cargo l2h2,,,,2024.0,https://www.autocosmos.cl/catalogo/2026/maxus/deliver-9-cargo/l2h2/179460,diesel,2000 cc,163/4000 cv/rpm,375/1500-2400 N·m/rpm,inyección directa turbo intercooler,4 en línea,16.0,sí,sí,N/D,N/D,N/D,N/D,N/D,delantero - delantera,manual 6 velocidades,215/75/R16,discos ventilados - discos sólidos,N/D,ballesta semielíptica,5546 mm,2062 mm,N/D,2555 mm,3366 mm,10500 dm3,80 l,2360 kg,1140 kg,N/D,,,,,,,,,,manual,sí,con ajuste manual,no tiene,tela,centralizado,eléctricos - no tiene,"con luz de giro incorporadas, eléctricos",antideslumbrante manual,"con encendido automático, con luces led",N/D,sí,eléctrica,acero,no tiene,"con ajuste en altura, multifunción",,traseros,sí,sí,conductor y acompañante,inmovilizador de motor,,delanteros inerciales,sí,,"AM - FM con lector MP3, con comandos de audio al volante",N/D,sí,sí,"táctil de 10""",,sí,sí,,sí,,sí,,trasera,sí,,,,,,,,"trasera derecha corrediza, traseras doble, batientes",,,,,,,,,,,,,,,,,,,,,,26458,2239-8-LR23,5802342.0,Convenio Marco de  Adquisición de Vehículos,1493-858-CM24,Orden de Compra: 1493-858-CM24 PARA PROYECTO SNSM 2024 VHE-0003,2024-08-09,Aceptada,No,,(2049344) FURGÓN MAXUS DELIVER 9 CARGO L2H2 2024 REGIÓN XVI,FURGÓN MAXUS DELIVER 9 CARGO L2H2 2024 REGIÓN XVI,Mini-furgonetas o furgonetas,FURGÓN,MAXUS,DELIVER 9 CARGO L2H2 2024,24635700,1.0,24635700,CLP,24635700,0,0,24635700,4680783,29316483,69.140.800-0,I MUNICIPALIDAD DE SAN NICOLAS,I MUNICIPALIDAD DE SAN NICOLAS,Arturo Prat 202 - San Nicolás,San Nicolás,Ñuble,Ilustre Municipalidad de San Nicolás,Municipalidades,86.519.000-K,Maritano y Ebensperger Ltda.,Maritano y Ebensperger Ltda.,,,Orden de Compra codigo: 1493-858-CM24 dirigida a MARITANO Y EBENSPERGER LTDA,30 dias contra la recepcion conforme de la factura,2489,7158,62896,61164
2050915,peugeot traveller business l3 9p bluehdi 145 MT 2024.0,peugeot,traveller business l3 9p bluehdi 145,,,MT,2024.0,https://www.autocosmos.cl/catalogo/2025/peugeot/traveller/bussines-l3-9p-bluehdi-145/179731,diesel,1997 cc,145/4000 cv/rpm,370/2000 N·m/rpm,inyección directa common rail turbo,4 en línea,16.0,N/D,sí,"11,0 s","16,6 km/l","18,8 km/l","17,9 km/l",170 km/h,delantero - delantera,manual 6 velocidades,215/60/R17,discos ventilados - discos sólidos,tipo Mcpherson independientes con barra de torsión,"brazos de control inferiores, brazo de control superior triangular, resortes helicoidales, barra estabilizadora y amortiguadores a gas",5309 mm,1920 mm,N/D,1935 mm,3275 mm,980/1300 dm3,69 l,1745 kg,1261 kg,N/D,,,,,2000 kg,800 kg,,,,manual,sí,"con ajuste en profundidad solo conductor, con ajuste manual",2da. fila ajustables individualmente y 3ra. fila completos,tela,centralizado con comando a distancia,eléctricos - fijos,"con función de plegado eléctrico, eléctricos y térmicos",antideslumbrante manual,"con encendido y apagado automático, con luces led, con regulación interna",delanteros,sí,eléctrica,acero con tapas,manual,"con ajuste en altura y profundidad, multifunción",,,sí,sí,"conductor y acompañante, de cabeza delanteros (cortina), laterales delanteros",alarma e inmovilizador de motor,sí,"delanteros inerciales, traseros inerciales",sí,sí,"AM - FM con lector MP3, con comandos de audio al volante",6,sí,sí,táctil de 7'',indicador de presión de neumáticos,N/D,sí,,sí,sí,sí,,,sí,sí,sí,,,sí,sí,,"trasera derecha corrediza, traseras doble, batientes y vidriadas",sí,,,,,,,,,,,,,,,,,,,,,7143,2239-8-LR23,5802342.0,Convenio Marco de  Adquisición de Vehículos,1020-369-CM24,ADQ MINIBUS PEUGEOT TRAVELLER BUSINESS L3 9P (MOP),2024-07-25,Aceptada,No,,(2050915) MINIBUS PEUGEOT TRAVELLER BUSINESS L3 9P BLUEHDI 145 2024 REGIÓN RM,MINIBUS PEUGEOT TRAVELLER BUSINESS L3 9P BLUEHDI 145 2024 REGIÓN RM,Minibuses,MINIBUS,PEUGEOT ,TRAVELLER BUSINESS L3 9P BLUEHDI 145 2024,25106900,1.0,25106900,CLP,25106900,0,0,25106900,4770311,29877211,61.202.000-0,MOP Subsecretaría,MINISTERIO DE OBRAS PUBLICAS DIREC CION GRAL DE OO PP DCYF,"Morandé 71, 10° piso",Santiago,Metropolitana,Ministerio de Obras Publicas Dirección Gral. de OOPP,Obras Públicas,84.807.200-1,BRUNO FRITSCH S.A.,BRUNO FRITSCH S.A. ,,,Orden de Compra codigo: 1020-369-CM24 dirigida a BRUNO FRITSCH S.A.,30 dias contra la recepcion conforme de la factura,2016,7249,24507,24823
