MARCA,TIPO PRODUCTO,Model Name,Engine,Drive,Transmission,Year,Model Name Simplified,Marca Simplified,Model URL
CHANGAN,CAMIONETA,HUNTER COMFORT,2.0T,4X2,MT,2024,hunter comfort,changan,https://www.autocosmos.cl/catalogo/vigente/changan/hunter
CHANGAN,CAMIONETA,HUNTER COMFORT,2.0T,4X4,MT,2024,hunter comfort,changan,https://www.autocosmos.cl/catalogo/vigente/changan/hunter
CHANGAN,CAMIONETA,HUNTER ELITE SPORT,2.0T,4X4,MT,2024,hunter elite sport,changan,https://www.autocosmos.cl/catalogo/vigente/changan/hunter
CHANGAN,CAMIONETA,HUNTER LUXURY,2.0T,4X2,MT,2024,hunter luxury,changan,https://www.autocosmos.cl/catalogo/vigente/changan/hunter
CHANGAN,CAMIONETA,MD 301 AC ESP,,,MT,2024,md 301 ac esp,changan,
CHANGAN,CAMIONETA,MD201,,,MT,2024,md201,changan,https://www.autocosmos.cl/catalogo/vigente/changan/md201-cargo-box
CHANGAN,CAMIONETA,MD201 XL,1.5L,,MT,2024,md201 xl,changan,
CHANGAN,CAMIONETA,MS 201,,,MT,2024,ms 201,changan,
CHANGAN,CAMIONETA,MS 301 PLUS AC ESP,,,,2024,ms 301 plus ac esp,changan,
CHEVROLET,CAMIONETA,COLORADO HIGH COUNTRY,,4X4,AT,2024,colorado high country,chevrolet,https://www.autocosmos.cl/catalogo/vigente/chevrolet/colorado
CHEVROLET,CAMIONETA,COLORADO LS,,4X2,MT,2024,colorado ls,chevrolet,https://www.autocosmos.cl/catalogo/vigente/chevrolet/colorado
CHEVROLET,CAMIONETA,COLORADO LT,,4X4,AT,2024,colorado lt,chevrolet,https://www.autocosmos.cl/catalogo/vigente/chevrolet/colorado
CHEVROLET,CAMIONETA,COLORADO LT,,4X4,MT,2024,colorado lt,chevrolet,https://www.autocosmos.cl/catalogo/vigente/chevrolet/colorado
CHEVROLET,CAMIONETA,COLORADO LTZ,,4X4,AT,2024,colorado ltz,chevrolet,https://www.autocosmos.cl/catalogo/vigente/chevrolet/colorado
CHEVROLET,CAMIONETA,COLORADO Z71,,4X4,AT,2024,colorado z71,chevrolet,https://www.autocosmos.cl/catalogo/vigente/chevrolet/colorado-z71
CHEVROLET,CAMIONETA,MONTANA T LT,1.2,,MT,2024,montana t lt,chevrolet,https://www.autocosmos.cl/catalogo/vigente/chevrolet/montana
CHEVROLET,CAMIONETA,MONTANA T LTZ,1.2,,AT,2024,montana t ltz,chevrolet,https://www.autocosmos.cl/catalogo/vigente/chevrolet/montana
CHEVROLET,CAMIONETA,MONTANA T PREMIER,1.2,,AT,2024,montana t premier,chevrolet,https://www.autocosmos.cl/catalogo/vigente/chevrolet/montana
CHEVROLET,CAMIONETA,MONTANA T PREMIER,1.2,,MT,2024,montana t premier,chevrolet,https://www.autocosmos.cl/catalogo/vigente/chevrolet/montana
CHEVROLET,CAMIONETA,MONTANA T RS,1.2,,AT,2024,montana t rs,chevrolet,https://www.autocosmos.cl/catalogo/vigente/chevrolet/montana
CHEVROLET,CAMIONETA,SILVERADO HC TD,3.0,4X4,AT,2024,silverado hc td,chevrolet,https://www.autocosmos.cl/catalogo/vigente/chevrolet/silverado
CHEVROLET,CAMIONETA,SILVERADO LT TRAIL BOSS Z71 V8,5.3L,4X4,AT,2024,silverado lt trail boss z71 v8,chevrolet,https://www.autocosmos.cl/catalogo/vigente/chevrolet/silverado
CHEVROLET,CAMIONETA,SILVERADO ZR2 V8,6.2L,4X4,AT,2024,silverado zr2 v8,chevrolet,https://www.autocosmos.cl/catalogo/vigente/chevrolet/silverado
DFSK,CAMIONETA,D1 CONFORT,,4X2,MT,2024,d1 confort,dfsk,https://www.autocosmos.cl/catalogo/vigente/dfsk/d1
DFSK,CAMIONETA,D1 LUXURY,,4X4,AT,2024,d1 luxury,dfsk,https://www.autocosmos.cl/catalogo/vigente/dfsk/d1
DFSK,CAMIONETA,D1 LUXURY,,4X4,MT,2024,d1 luxury,dfsk,https://www.autocosmos.cl/catalogo/vigente/dfsk/d1
DONGFENG,CAMIONETA,DF 212 CS,,,MT,2024,df 212 cs,dongfeng,
FORD,CAMIONETA,MAVERICK LARIAT FX4 HEV,,,AT,2024,maverick lariat fx4 hev,ford,https://www.autocosmos.cl/catalogo/vigente/ford/maverick
FORD,CAMIONETA,MAVERICK XLT,2.0,4X2,AT,2024,maverick xlt,ford,https://www.autocosmos.cl/catalogo/vigente/ford/maverick
FORD,CAMIONETA,RANGER DSL LIMITED,3.0,4X4,AT,2024,ranger dsl limited,ford,https://www.autocosmos.cl/catalogo/vigente/ford/ranger
FORD,CAMIONETA,RANGER DSL XL,2.0,4X2,MT,2024,ranger dsl xl,ford,https://www.autocosmos.cl/catalogo/vigente/ford/ranger
FORD,CAMIONETA,RANGER DSL XL,2.0,4X4,MT,2024,ranger dsl xl,ford,https://www.autocosmos.cl/catalogo/vigente/ford/ranger
FORD,CAMIONETA,RANGER DSL XLS,2.0,4X2,MT,2024,ranger dsl xls,ford,https://www.autocosmos.cl/catalogo/vigente/ford/ranger
FORD,CAMIONETA,RANGER DSL XLS,2.0,4X4,MT,2024,ranger dsl xls,ford,https://www.autocosmos.cl/catalogo/vigente/ford/ranger
FORD,CAMIONETA,RANGER DSL XLT,2.0,4X2,AT,2024,ranger dsl xlt,ford,https://www.autocosmos.cl/catalogo/vigente/ford/ranger
FORD,CAMIONETA,RANGER DSL XLT,2.0,4X4,AT,2024,ranger dsl xlt,ford,https://www.autocosmos.cl/catalogo/vigente/ford/ranger
FORD,CAMIONETA,RANGER DSL XLT,2.0,4X4,MT,2024,ranger dsl xlt,ford,https://www.autocosmos.cl/catalogo/vigente/ford/ranger
FOTON,CAMIONETA,G7 LITE,,4X4,,2024,g7 lite,foton,https://www.autocosmos.cl/catalogo/vigente/foton/g7
FOTON,CAMIONETA,G7 ULTIMATE,,4X2,,2024,g7 ultimate,foton,https://www.autocosmos.cl/catalogo/vigente/foton/g7
FOTON,CAMIONETA,G7 ULTIMATE,,4X4,,2024,g7 ultimate,foton,https://www.autocosmos.cl/catalogo/vigente/foton/g7
GREAT WALL,CAMIONETA,POER DELUXE,,4X2,,2024,poer deluxe,great wall,https://www.autocosmos.cl/catalogo/vigente/great-wall/poer
GREAT WALL,CAMIONETA,POER ELITE,,4X2,,2024,poer elite,great wall,https://www.autocosmos.cl/catalogo/vigente/great-wall/poer
GREAT WALL,CAMIONETA,POER ELITE PANT,,4X2,,2024,poer elite pant,great wall,https://www.autocosmos.cl/catalogo/vigente/great-wall/poer
GREAT WALL,CAMIONETA,POER DELUXE,,4X4,,2024,poer deluxe,great wall,https://www.autocosmos.cl/catalogo/vigente/great-wall/poer
GREAT WALL,CAMIONETA,POER ELITE,,4X4,,2024,poer elite,great wall,https://www.autocosmos.cl/catalogo/vigente/great-wall/poer
GREAT WALL,CAMIONETA,POER ELITE PANT,,4X4,,2024,poer elite pant,great wall,https://www.autocosmos.cl/catalogo/vigente/great-wall/poer
GREAT WALL,CAMIONETA,POER PLUS ELITE,,4X2,,2024,poer plus elite,great wall,https://www.autocosmos.cl/catalogo/vigente/great-wall/poer
GREAT WALL,CAMIONETA,POER PLUS DELUXE,,4X4,,2024,poer plus deluxe,great wall,https://www.autocosmos.cl/catalogo/vigente/great-wall/poer
GREAT WALL,CAMIONETA,POER PLUS ELITE,,4X4,,2024,poer plus elite,great wall,https://www.autocosmos.cl/catalogo/vigente/great-wall/poer
GREAT WALL,CAMIONETA,WINGLE 7 ELITE,,4X2,,2024,wingle 7 elite,great wall,
GREAT WALL,CAMIONETA,WINGLE 7 ELITE PLUS,,4X4,,2024,wingle 7 elite plus,great wall,
JAC,CAMIONETA,T8 CE COMFORT,2.0T,4X2,MT,2024,t8 ce comfort,jac,https://www.autocosmos.cl/catalogo/vigente/jac/t8
JAC,CAMIONETA,T8 CE COMFORT,2.0T,4X4,MT,2024,t8 ce comfort,jac,https://www.autocosmos.cl/catalogo/vigente/jac/t8
JAC,CAMIONETA,T8 PRO ADVANCE,,4X4,MT,2024,t8 pro advance,jac,https://www.autocosmos.cl/catalogo/vigente/jac/t8
JAC,CAMIONETA,T8 PRO LUXURY,,4X2,MT,2024,t8 pro luxury,jac,https://www.autocosmos.cl/catalogo/vigente/jac/t8
JAC,CAMIONETA,T8 PRO LUXURY,,4X4,MT,2024,t8 pro luxury,jac,https://www.autocosmos.cl/catalogo/vigente/jac/t8
JAC,CAMIONETA,T8 XE ADVANCE,2.0T,4X2,MT,2024,t8 xe advance,jac,https://www.autocosmos.cl/catalogo/vigente/jac/t8
JAC,CAMIONETA,T8 XE ADVANCE,2.0T,4X4,MT,2024,t8 xe advance,jac,https://www.autocosmos.cl/catalogo/vigente/jac/t8
JMC,CAMIONETA,GRAND AVENUE,,4X2,AT,2024,grand avenue,jmc,https://www.autocosmos.cl/catalogo/vigente/jmc/grand-avenue
JMC,CAMIONETA,GRAND AVENUE,,4X2,MT,2024,grand avenue,jmc,https://www.autocosmos.cl/catalogo/vigente/jmc/grand-avenue
JMC,CAMIONETA,GRAND AVENUE,,4X4,AT,2024,grand avenue,jmc,https://www.autocosmos.cl/catalogo/vigente/jmc/grand-avenue
JMC,CAMIONETA,GRAND AVENUE,,4X4,MT,2024,grand avenue,jmc,https://www.autocosmos.cl/catalogo/vigente/jmc/grand-avenue
JMC,CAMIONETA,VIGUS EV,,,AT,2024,vigus ev,jmc,https://www.autocosmos.cl/catalogo/vigente/jmc/vigus-ev
JMC,CAMIONETA,VIGUS NEW PLUS,,4X2,MT,2024,vigus new plus,jmc,https://www.autocosmos.cl/catalogo/vigente/jmc/vigus-plus
JMC,CAMIONETA,VIGUS NEW PLUS,,4X4,MT,2024,vigus new plus,jmc,https://www.autocosmos.cl/catalogo/vigente/jmc/vigus-plus
JMC,CAMIONETA,VIGUS NEW WORK,,4X2,MT,2024,vigus new work,jmc,https://www.autocosmos.cl/catalogo/vigente/jmc/vigus-work
JMC,CAMIONETA,VIGUS NEW WORK,,4X4,MT,2024,vigus new work,jmc,https://www.autocosmos.cl/catalogo/vigente/jmc/vigus-work
JMC,CAMIONETA,VIGUS PRO,,4X2,AT,2024,vigus pro,jmc,https://www.autocosmos.cl/catalogo/vigente/jmc/vigus-pro
JMC,CAMIONETA,VIGUS PRO,,4X4,AT,2024,vigus pro,jmc,https://www.autocosmos.cl/catalogo/vigente/jmc/vigus-pro
KARRY,CAMIONETA,Q52 CD,1.6L,,MT,2024,q52 cd,karry,https://www.autocosmos.cl/catalogo/vigente/karry/q52
KIA,CAMIONETA,FRONTIER C/C LX AV AB,2.5L,,MT,2024,frontier cc lx av ab,kia,https://www.autocosmos.cl/catalogo/vigente/kia/frontier
KIA,CAMIONETA,FRONTIER C/C LX AV,2.5L,,MT,2024,frontier cc lx av,kia,https://www.autocosmos.cl/catalogo/vigente/kia/frontier
KIA,CAMIONETA,FRONTIER D/C LX AV AB,2.5L,,MT,2024,frontier dc lx av ab,kia,https://www.autocosmos.cl/catalogo/vigente/kia/frontier
KIA,CAMIONETA,FRONTIER P/UP LX AV AB,2.5L,,MT,2024,frontier pup lx av ab,kia,https://www.autocosmos.cl/catalogo/vigente/kia/frontier
MAXUS,CAMIONETA,T60 ANCAP E6,,4X4,MT,2024,t60 ancap e6,maxus,https://www.autocosmos.cl/catalogo/vigente/maxus/t60
MAXUS,CAMIONETA,T60 DX,,4X2,MT,2024,t60 dx,maxus,https://www.autocosmos.cl/catalogo/vigente/maxus/t60
MAXUS,CAMIONETA,T60 DX E6,,4X2,MT,2024,t60 dx e6,maxus,https://www.autocosmos.cl/catalogo/vigente/maxus/t60
MAXUS,CAMIONETA,T60 DX E6,,4X4,MT,2024,t60 dx e6,maxus,https://www.autocosmos.cl/catalogo/vigente/maxus/t60
MAXUS,CAMIONETA,T60 E6 GL,,4X2,AT,2024,t60 e6 gl,maxus,https://www.autocosmos.cl/catalogo/vigente/maxus/t60
MAXUS,CAMIONETA,T60 E6 GL,,4X2,MT,2024,t60 e6 gl,maxus,https://www.autocosmos.cl/catalogo/vigente/maxus/t60
MAXUS,CAMIONETA,T60 E6 GL,,4X4,MT,2024,t60 e6 gl,maxus,https://www.autocosmos.cl/catalogo/vigente/maxus/t60
MAXUS,CAMIONETA,T60 E6 GLX,,4X4,AT,2024,t60 e6 glx,maxus,https://www.autocosmos.cl/catalogo/vigente/maxus/t60
MAXUS,CAMIONETA,T60 SC DX E6,,4X2,MT,2024,t60 sc dx e6,maxus,https://www.autocosmos.cl/catalogo/vigente/maxus/t60
MAXUS,CAMIONETA,T60 SC DX E6,,4X4,MT,2024,t60 sc dx e6,maxus,https://www.autocosmos.cl/catalogo/vigente/maxus/t60
MAXUS,CAMIONETA,T90 E6,,4X4,AT,2024,t90 e6,maxus,https://www.autocosmos.cl/catalogo/vigente/maxus/t90
MAXUS,CAMIONETA,T90 E6,,4X4,MT,2024,t90 e6,maxus,https://www.autocosmos.cl/catalogo/vigente/maxus/t90
MAXUS,CAMIONETA,T90 EV,,4X2,AT,2024,t90 ev,maxus,https://www.autocosmos.cl/catalogo/vigente/maxus/t90-ev
MAZDA,CAMIONETA,BT-50 CORE,,4X4,AT,2024,bt50 core,mazda,https://www.autocosmos.cl/catalogo/vigente/mazda/bt-50
MAZDA,CAMIONETA,BT-50 CORE,,4X4,MT,2024,bt50 core,mazda,https://www.autocosmos.cl/catalogo/vigente/mazda/bt-50
MAZDA,CAMIONETA,BT-50 HIGH,,4X4,AT,2024,bt50 high,mazda,https://www.autocosmos.cl/catalogo/vigente/mazda/bt-50
MAZDA,CAMIONETA,BT-50 HIGH PLUS,,4X4,AT,2024,bt50 high plus,mazda,https://www.autocosmos.cl/catalogo/vigente/mazda/bt-50
MITSUBISHI,CAMIONETA,L200 D/C TD DAKAR CRS,,4X4,MT,2024,l200 dc td dakar crs,mitsubishi,https://www.autocosmos.cl/catalogo/vigente/mitsubishi/l-200
MITSUBISHI,CAMIONETA,L200 D/C TD KATANA CR,,4X2,MT,2024,l200 dc td katana cr,mitsubishi,https://www.autocosmos.cl/catalogo/vigente/mitsubishi/l-200
MITSUBISHI,CAMIONETA,L200 D/C TD KATANA CRT,,4X4,MT,2024,l200 dc td katana crt,mitsubishi,https://www.autocosmos.cl/catalogo/vigente/mitsubishi/l-200
MITSUBISHI,CAMIONETA,L200 D/C TD WORK CR,,4X2,MT,2024,l200 dc td work cr,mitsubishi,https://www.autocosmos.cl/catalogo/vigente/mitsubishi/l-200
NISSAN,CAMIONETA,NAVARA DC P4X,,,,2024,navara dc p4x,nissan,https://www.autocosmos.cl/catalogo/vigente/nissan/navara
NISSAN,CAMIONETA,NAVARA DC PLATINUM 2.3D,,4X4,AT,2024,navara dc platinum 23d,nissan,https://www.autocosmos.cl/catalogo/vigente/nissan/navara
NISSAN,CAMIONETA,NAVARA DC PLATINUM 2.3D,,4X4,MT,2024,navara dc platinum 23d,nissan,https://www.autocosmos.cl/catalogo/vigente/nissan/navara
NISSAN,CAMIONETA,NAVARA DC SE 2.3D,,4X2,MT,2024,navara dc se 23d,nissan,https://www.autocosmos.cl/catalogo/vigente/nissan/navara
NISSAN,CAMIONETA,NAVARA DC SE 2.3D,,4X4,MT,2024,navara dc se 23d,nissan,https://www.autocosmos.cl/catalogo/vigente/nissan/navara
NISSAN,CAMIONETA,NAVARA DC XE 2.3D,,4X2,MT,2024,navara dc xe 23d,nissan,https://www.autocosmos.cl/catalogo/vigente/nissan/navara
NISSAN,CAMIONETA,NAVARA DC XE 2.3D,,4X4,AT,2024,navara dc xe 23d,nissan,https://www.autocosmos.cl/catalogo/vigente/nissan/navara
NISSAN,CAMIONETA,NAVARA DC XE 2.3D,,4X4,MT,2024,navara dc xe 23d,nissan,https://www.autocosmos.cl/catalogo/vigente/nissan/navara
PEUGEOT,CAMIONETA,LANDTREK ACTION4 BLUEHDI 180,,4X4,AT,2024,landtrek action4 bluehdi 180,peugeot,https://www.autocosmos.cl/catalogo/vigente/peugeot/landtrek
PEUGEOT,CAMIONETA,LANDTREK ACTIVE BLUEHDI 180,,4X2,MT,2024,landtrek active bluehdi 180,peugeot,https://www.autocosmos.cl/catalogo/vigente/peugeot/landtrek
PEUGEOT,CAMIONETA,LANDTREK ACTIVE BLUEHDI 180,,4X4,AT,2024,landtrek active bluehdi 180,peugeot,https://www.autocosmos.cl/catalogo/vigente/peugeot/landtrek
PEUGEOT,CAMIONETA,LANDTREK ACTIVE BLUEHDI 180,,4X4,MT,2024,landtrek active bluehdi 180,peugeot,https://www.autocosmos.cl/catalogo/vigente/peugeot/landtrek
RAM,CAMIONETA,BIGHORN LX,1.8,,AT,2024,bighorn lx,ram,
RAM,CAMIONETA,BIGHORN NIGHT EDITION,1.8,,AT,2024,bighorn night edition,ram,
RAM,CAMIONETA,REBEL,2.0,4X4,AT,2024,rebel,ram,
RAM,CAMIONETA,CREW CAB BIGHORN,3.6L,,AT,2024,crew cab bighorn,ram,
RAM,CAMIONETA,CREW CAB LIMITED,5.7L,,AT,2024,crew cab limited,ram,
RAM,CAMIONETA,CREW CAB REBEL,5.7L,,AT,2024,crew cab rebel,ram,
RAM,CAMIONETA,700 BIGHORN CD,1.3,,AT,2024,700 bighorn cd,ram,https://www.autocosmos.cl/catalogo/vigente/ram/700
RAM,CAMIONETA,700 BIGHORN CD,1.3L,,MT,2024,700 bighorn cd,ram,https://www.autocosmos.cl/catalogo/vigente/ram/700
RAM,CAMIONETA,700 LARAMIE CD,1.3,,AT,2024,700 laramie cd,ram,https://www.autocosmos.cl/catalogo/vigente/ram/700
RAM,CAMIONETA,700 LARAMIE CD,1.3L,,MT,2024,700 laramie cd,ram,https://www.autocosmos.cl/catalogo/vigente/ram/700
RAM,CAMIONETA,700 LONGHORN CD,1.3,,AT,2024,700 longhorn cd,ram,https://www.autocosmos.cl/catalogo/vigente/ram/700
RAM,CAMIONETA,700 SLT CS,1.3L,,MT,2024,700 slt cs,ram,https://www.autocosmos.cl/catalogo/vigente/ram/700
RAM,CAMIONETA,700 SLT DC,1.3L,,MT,2024,700 slt dc,ram,https://www.autocosmos.cl/catalogo/vigente/ram/700
RAM,CAMIONETA,RAMPAGE BIGHORN,2.0L,,AT,2024,rampage bighorn,ram,https://www.autocosmos.cl/catalogo/vigente/ram/rampage
RAM,CAMIONETA,RAMPAGE LARAMIE,2.0L,,AT,2024,rampage laramie,ram,https://www.autocosmos.cl/catalogo/vigente/ram/rampage
RAM,CAMIONETA,RAMPAGE R/T,2.0L,,AT,2024,rampage rt,ram,https://www.autocosmos.cl/catalogo/vigente/ram/rampage
RENAULT,CAMIONETA,OROCH INTENS TURBO,1.3,4X2,AT,2024,oroch intens turbo,renault,https://www.autocosmos.cl/catalogo/vigente/renault/oroch
RENAULT,CAMIONETA,OROCH INTENS TURBO KIT,1.3,4X2,AT,2024,oroch intens turbo kit,renault,https://www.autocosmos.cl/catalogo/vigente/renault/oroch
RENAULT,CAMIONETA,OROCH INTENS TURBO KITMT,1.3,4X4,,2024,oroch intens turbo kitmt,renault,https://www.autocosmos.cl/catalogo/vigente/renault/oroch
RENAULT,CAMIONETA,OROCH INTENS TURBO,1.3,4X4,MT,2024,oroch intens turbo,renault,https://www.autocosmos.cl/catalogo/vigente/renault/oroch
RENAULT,CAMIONETA,OROCH ZEN,1.6L,4X2,MT,2024,oroch zen,renault,https://www.autocosmos.cl/catalogo/vigente/renault/oroch
SSANGYONG,CAMIONETA,MUSSO GLX 2.2TD,,4X4,MT,2024,musso glx 22td,ssangyong,https://www.autocosmos.cl/catalogo/vigente/ssangyong/musso
SSANGYONG,CAMIONETA,MUSSO GRAND GLX 2.2TD,,4X2,AT,2024,musso grand glx 22td,ssangyong,https://www.autocosmos.cl/catalogo/vigente/ssangyong/musso
SSANGYONG,CAMIONETA,MUSSO GRAND GLX 2.2TD,,4X2,MT,2024,musso grand glx 22td,ssangyong,https://www.autocosmos.cl/catalogo/vigente/ssangyong/musso
SSANGYONG,CAMIONETA,MUSSO GRAND GLX 2.2TD,,4X4,MT,2024,musso grand glx 22td,ssangyong,https://www.autocosmos.cl/catalogo/vigente/ssangyong/musso
SSANGYONG,CAMIONETA,MUSSO GRAND LIMITED 2.2TD,,4X4,AT,2024,musso grand limited 22td,ssangyong,https://www.autocosmos.cl/catalogo/vigente/ssangyong/musso
SSANGYONG,CAMIONETA,MUSSO GRAND LIMITED PLUS 2.2TD,,4X4,AT,2024,musso grand limited plus 22td,ssangyong,https://www.autocosmos.cl/catalogo/vigente/ssangyong/musso
SSANGYONG,CAMIONETA,MUSSO GRAND LX 2.2TD,,4X2,MT,2024,musso grand lx 22td,ssangyong,https://www.autocosmos.cl/catalogo/vigente/ssangyong/musso
SSANGYONG,CAMIONETA,MUSSO GRAND LX 2.2TD,,4X4,MT,2024,musso grand lx 22td,ssangyong,https://www.autocosmos.cl/catalogo/vigente/ssangyong/musso
SSANGYONG,CAMIONETA,MUSSO LIMITED 2.2TD,,4X4,AT,2024,musso limited 22td,ssangyong,https://www.autocosmos.cl/catalogo/vigente/ssangyong/musso
SSANGYONG,CAMIONETA,MUSSO LIMITED PLUS 2.2TD,,4X4,AT,2024,musso limited plus 22td,ssangyong,https://www.autocosmos.cl/catalogo/vigente/ssangyong/musso
TOYOTA,CAMIONETA,HILUX DX,2.4,4X2,MT,2024,hilux dx,toyota,https://www.autocosmos.cl/catalogo/vigente/toyota/hilux
TOYOTA,CAMIONETA,HILUX DX,2.4,4X4,MT,2024,hilux dx,toyota,https://www.autocosmos.cl/catalogo/vigente/toyota/hilux
TOYOTA,CAMIONETA,HILUX DX,2.8,4X4,MT,2024,hilux dx,toyota,https://www.autocosmos.cl/catalogo/vigente/toyota/hilux
TOYOTA,CAMIONETA,HILUX DX CS,2.8,4X4,MT,2024,hilux dx cs,toyota,https://www.autocosmos.cl/catalogo/vigente/toyota/hilux
TOYOTA,CAMIONETA,HILUX DX DC,2.4,4X2,MT,2024,hilux dx dc,toyota,https://www.autocosmos.cl/catalogo/vigente/toyota/hilux
TOYOTA,CAMIONETA,HILUX DX DC,2.4,4X4,MT,2024,hilux dx dc,toyota,https://www.autocosmos.cl/catalogo/vigente/toyota/hilux
TOYOTA,CAMIONETA,HILUX SR,2.4,4X2,MT,2024,hilux sr,toyota,https://www.autocosmos.cl/catalogo/vigente/toyota/hilux
TOYOTA,CAMIONETA,HILUX SR,2.4,4X4,MT,2024,hilux sr,toyota,https://www.autocosmos.cl/catalogo/vigente/toyota/hilux
TOYOTA,CAMIONETA,HILUX SR,2.7,4X2,MT,2024,hilux sr,toyota,https://www.autocosmos.cl/catalogo/vigente/toyota/hilux
TOYOTA,CAMIONETA,HILUX SR,2.8,4X4,MT,2024,hilux sr,toyota,https://www.autocosmos.cl/catalogo/vigente/toyota/hilux
TOYOTA,CAMIONETA,HILUX SR DC,2.4,4X2,MT,2024,hilux sr dc,toyota,https://www.autocosmos.cl/catalogo/vigente/toyota/hilux
TOYOTA,CAMIONETA,HILUX SR DC,2.4,4X4,MT,2024,hilux sr dc,toyota,https://www.autocosmos.cl/catalogo/vigente/toyota/hilux
TOYOTA,CAMIONETA,HILUX SRV,2.8,4X4,AT,2024,hilux srv,toyota,https://www.autocosmos.cl/catalogo/vigente/toyota/hilux
ZNA,CAMIONETA,R6,,,AT,2024,r6,zna,
BAIC,SEDÁN,EU5 EV,,,,2024,eu5 ev,baic,
BYD,SEDÁN,HAN EV,,,,2024,han ev,byd,https://www.autocosmos.cl/catalogo/vigente/byd/han-ev
BYD,SEDÁN,QIN PLUS DM,,,,2024,qin plus dm,byd,https://www.autocosmos.cl/catalogo/vigente/byd/qin
BYD,SEDÁN,SEAL EV,,,,2024,seal ev,byd,https://www.autocosmos.cl/catalogo/vigente/byd/seal
CHANGAN,SEDÁN,ALSVIN COMFORT,,,,2024,alsvin comfort,changan,https://www.autocosmos.cl/catalogo/vigente/changan/alsvin
CHANGAN,SEDÁN,ALSVIN ELITE,,,AT,2024,alsvin elite,changan,https://www.autocosmos.cl/catalogo/vigente/changan/alsvin
CHANGAN,SEDÁN,ALSVIN LUXURY,,,,2024,alsvin luxury,changan,https://www.autocosmos.cl/catalogo/vigente/changan/alsvin
CHEVROLET,SEDÁN,ONIX LT R,1.0,,,2024,onix lt r,chevrolet,https://www.autocosmos.cl/catalogo/vigente/chevrolet/onix
CHEVROLET,SEDÁN,ONIX LTZ P2,1.0,,,2024,onix ltz p2,chevrolet,https://www.autocosmos.cl/catalogo/vigente/chevrolet/onix
CHEVROLET,SEDÁN,ONIX PREMIER R,1.0,,,2024,onix premier r,chevrolet,https://www.autocosmos.cl/catalogo/vigente/chevrolet/onix
CHEVROLET,SEDÁN,ONIX LS P,1.2,,,2024,onix ls p,chevrolet,https://www.autocosmos.cl/catalogo/vigente/chevrolet/onix
CHEVROLET,SEDÁN,SAIL NB LT,1.5L,,,2024,sail nb lt,chevrolet,https://www.autocosmos.cl/catalogo/vigente/chevrolet/sail
CHEVROLET,SEDÁN,SAIL NB LTZ,1.5L,,,2024,sail nb ltz,chevrolet,https://www.autocosmos.cl/catalogo/vigente/chevrolet/sail
CHEVROLET,SEDÁN,SAIL NB LTZ,1.5L,,CVT,2024,sail nb ltz,chevrolet,https://www.autocosmos.cl/catalogo/vigente/chevrolet/sail
CITROEN,SEDÁN,HDI 100 BVM6 C-ELYSEE FEEL PACK,1.5,,,2024,hdi 100 bvm6 celysee feel pack,citroen,
CITROEN,SEDÁN,C4 BLUEHDI 130 S&S FEEL PACK,1.5,,EAT8,2024,c4 bluehdi 130 ss feel pack,citroen,
CITROEN,SEDÁN,C4 BLUEHDI 130 S&S SHINE,1.5,,EAT8,2024,c4 bluehdi 130 ss shine,citroen,
HYUNDAI,SEDÁN,ACCENT BN7I DESIGN,1.5,,,2024,accent bn7i design,hyundai,
HYUNDAI,SEDÁN,ACCENT BN7I PLUS,1.5,,,2024,accent bn7i plus,hyundai,
HYUNDAI,SEDÁN,GRAND I10 AI3 DESIGN FL,1.2,,,2024,grand i10 ai3 design fl,hyundai,https://www.autocosmos.cl/catalogo/vigente/hyundai/grand-i10
HYUNDAI,SEDÁN,GRAND I10 AI3 PLUS FL,1.2,,,2024,grand i10 ai3 plus fl,hyundai,https://www.autocosmos.cl/catalogo/vigente/hyundai/grand-i10
KIA,SEDÁN,EV6 EV GT-LINE 77.4KWH,,AWD,,2024,ev6 ev gtline 774kwh,kia,https://www.autocosmos.cl/catalogo/vigente/kia/ev6
KIA,SEDÁN,SOLUTO EX G SRF FULL,1.4L,,5MT,2024,soluto ex g srf full,kia,https://www.autocosmos.cl/catalogo/vigente/kia/soluto
KIA,SEDÁN,SOLUTO LX G LL,1.4L,,5MT,2024,soluto lx g ll,kia,https://www.autocosmos.cl/catalogo/vigente/kia/soluto
MG,SEDÁN,3 COM,,,AT,2024,3 com,mg,https://www.autocosmos.cl/catalogo/vigente/mg/3
MG,SEDÁN,5 COM,1.5L,,CVT,2024,5 com,mg,https://www.autocosmos.cl/catalogo/vigente/mg/5
MG,SEDÁN,5 DLX,1.5L,,CVT,2024,5 dlx,mg,https://www.autocosmos.cl/catalogo/vigente/mg/5
MG,SEDÁN,5 COM,1.5L,,MT,2024,5 com,mg,https://www.autocosmos.cl/catalogo/vigente/mg/5
MG,SEDÁN,5 DLX,1.5L,,MT,2024,5 dlx,mg,https://www.autocosmos.cl/catalogo/vigente/mg/5
MG,SEDÁN,6 COM,1.5T,,MT,2024,6 com,mg,https://www.autocosmos.cl/catalogo/vigente/mg/6
MG,SEDÁN,6 DLX,1.5T,,MT,2024,6 dlx,mg,https://www.autocosmos.cl/catalogo/vigente/mg/6
MG,SEDÁN,GT COM,1.5L,2WD,CVT,2024,gt com,mg,https://www.autocosmos.cl/catalogo/vigente/mg/gt
MG,SEDÁN,GT COM,1.5L,2WD,MT,2024,gt com,mg,https://www.autocosmos.cl/catalogo/vigente/mg/gt
MG,SEDÁN,GT DLX,1.5T,,DCT,2024,gt dlx,mg,https://www.autocosmos.cl/catalogo/vigente/mg/gt
NISSAN,SEDÁN,LEAF,,,,2024,leaf,nissan,https://www.autocosmos.cl/catalogo/vigente/nissan/leaf
NISSAN,SEDÁN,SENTRA ADVANCE,,,CVT,2024,sentra advance,nissan,https://www.autocosmos.cl/catalogo/vigente/nissan/sentra
NISSAN,SEDÁN,SENTRA ADVANCE,,,MT,2024,sentra advance,nissan,https://www.autocosmos.cl/catalogo/vigente/nissan/sentra
NISSAN,SEDÁN,SENTRA EXCLUSIVE,,,CVT,2024,sentra exclusive,nissan,https://www.autocosmos.cl/catalogo/vigente/nissan/sentra
NISSAN,SEDÁN,SENTRA SENSE,,,MT,2024,sentra sense,nissan,https://www.autocosmos.cl/catalogo/vigente/nissan/sentra
NISSAN,SEDÁN,VERSA ADVANCE,,,CVT,2024,versa advance,nissan,https://www.autocosmos.cl/catalogo/vigente/nissan/versa
NISSAN,SEDÁN,VERSA ADVANCE,,,MT,2024,versa advance,nissan,https://www.autocosmos.cl/catalogo/vigente/nissan/versa
NISSAN,SEDÁN,VERSA EXCLUSIVE,,,CVT,2024,versa exclusive,nissan,https://www.autocosmos.cl/catalogo/vigente/nissan/versa
NISSAN,SEDÁN,VERSA SENSE,,,CVT,2024,versa sense,nissan,https://www.autocosmos.cl/catalogo/vigente/nissan/versa
NISSAN,SEDÁN,VERSA SENSE,,,MT,2024,versa sense,nissan,https://www.autocosmos.cl/catalogo/vigente/nissan/versa
TOYOTA,SEDÁN,COROLLA SEG HEV,1.8,,,2024,corolla seg hev,toyota,https://www.autocosmos.cl/catalogo/vigente/toyota/corolla
TOYOTA,SEDÁN,YARIS I,1.5,,,2024,yaris i,toyota,https://www.autocosmos.cl/catalogo/vigente/toyota/yaris
BAIC,SUV,BJ40P DIESEL PREMIUM,,4X4,,2024,bj40p diesel premium,baic,
BAIC,SUV,BJ40P GASOLINA ELITE,,4X2,,2024,bj40p gasolina elite,baic,
BAIC,SUV,BJ40P GASOLINA LUXURY,,4X4,,2024,bj40p gasolina luxury,baic,
BAIC,SUV,X35 LUXURY,1.5T,,CVT,2024,x35 luxury,baic,https://www.autocosmos.cl/catalogo/vigente/baic/x35
BAIC,SUV,X35 COMFORT,1.5T,,MT,2024,x35 comfort,baic,https://www.autocosmos.cl/catalogo/vigente/baic/x35
BAIC,SUV,X35 ELITE,1.5T,,MT,2024,x35 elite,baic,https://www.autocosmos.cl/catalogo/vigente/baic/x35
BAIC,SUV,X55 E6 COMFORT,1.5T,,MT,2024,x55 e6 comfort,baic,https://www.autocosmos.cl/catalogo/vigente/baic/x55
BAIC,SUV,X55 E6 ELITE,1.5T,,MT,2024,x55 e6 elite,baic,https://www.autocosmos.cl/catalogo/vigente/baic/x55
BAIC,SUV,X55 PLUS COMFORT,,,,2024,x55 plus comfort,baic,https://www.autocosmos.cl/catalogo/vigente/baic/x55
BAIC,SUV,X55 PLUS ELITE,,,,2024,x55 plus elite,baic,https://www.autocosmos.cl/catalogo/vigente/baic/x55
BAIC,SUV,X55 PLUS LUXURY,,,,2024,x55 plus luxury,baic,https://www.autocosmos.cl/catalogo/vigente/baic/x55
BYD,SUV,SONG PLUS DM GL,,,AT,2024,song plus dm gl,byd,https://www.autocosmos.cl/catalogo/vigente/byd/song-plus
BYD,SUV,SONG PLUS DM GS,,,AT,2024,song plus dm gs,byd,https://www.autocosmos.cl/catalogo/vigente/byd/song-plus
BYD,SUV,YUAN PLUS EV GL,,,AT,2024,yuan plus ev gl,byd,https://www.autocosmos.cl/catalogo/vigente/byd/yuan-plus-ev
BYD,SUV,YUAN PLUS EV GS,,,AT,2024,yuan plus ev gs,byd,https://www.autocosmos.cl/catalogo/vigente/byd/yuan-plus-ev
CHANGAN,SUV,CS15 COMFORT,1.5L,,MT,2024,cs15 comfort,changan,https://www.autocosmos.cl/catalogo/vigente/changan/cs15
CHANGAN,SUV,CS15 ELITE,1.5L,,AT,2024,cs15 elite,changan,https://www.autocosmos.cl/catalogo/vigente/changan/cs15
CHANGAN,SUV,CS15 ELITE,1.5L,,MT,2024,cs15 elite,changan,https://www.autocosmos.cl/catalogo/vigente/changan/cs15
CHANGAN,SUV,CS15 LUXURY,1.5L,,MT,2024,cs15 luxury,changan,https://www.autocosmos.cl/catalogo/vigente/changan/cs15
CHANGAN,SUV,CS35 PLUS ELITE,1.4L,,AT,2024,cs35 plus elite,changan,https://www.autocosmos.cl/catalogo/vigente/changan/cs35-plus
CHANGAN,SUV,CS35 PLUS LUX,1.4L,,AT,2024,cs35 plus lux,changan,https://www.autocosmos.cl/catalogo/vigente/changan/cs35-plus
CHANGAN,SUV,CS35 PLUS COMFORT,1.6L,,MT,2024,cs35 plus comfort,changan,https://www.autocosmos.cl/catalogo/vigente/changan/cs35-plus
CHANGAN,SUV,CS35 PLUS LUXURY,1.6L,,MT,2024,cs35 plus luxury,changan,https://www.autocosmos.cl/catalogo/vigente/changan/cs35-plus
CHANGAN,SUV,CS55 COMFORT,1.5L,,MT,2024,cs55 comfort,changan,https://www.autocosmos.cl/catalogo/vigente/changan/cs55
CHANGAN,SUV,CS55 LUXURY,1.5L,,AT,2024,cs55 luxury,changan,https://www.autocosmos.cl/catalogo/vigente/changan/cs55
CHANGAN,SUV,CS55 LUXURY,1.5L,,MT,2024,cs55 luxury,changan,https://www.autocosmos.cl/catalogo/vigente/changan/cs55
CHANGAN,SUV,CS55 PLUS ELITE,1.5L,,AT,2024,cs55 plus elite,changan,https://www.autocosmos.cl/catalogo/vigente/changan/cs55
CHANGAN,SUV,CS55 PLUS LUXURY,1.5L,,AT,2024,cs55 plus luxury,changan,https://www.autocosmos.cl/catalogo/vigente/changan/cs55
CHERY,SUV,TIGGO 2 PRO GLX,1.0L,,AT,2024,tiggo 2 pro glx,chery,https://www.autocosmos.cl/catalogo/vigente/chery/tiggo-2-pro
CHERY,SUV,TIGGO 2 PRO GLX,1.0L,,MT,2024,tiggo 2 pro glx,chery,https://www.autocosmos.cl/catalogo/vigente/chery/tiggo-2-pro
CHERY,SUV,TIGGO 2 GLS,1.5L,,AT,2024,tiggo 2 gls,chery,https://www.autocosmos.cl/catalogo/vigente/chery/tiggo-8
CHERY,SUV,TIGGO 2 PRO GLS,1.5L,,AT,2024,tiggo 2 pro gls,chery,https://www.autocosmos.cl/catalogo/vigente/chery/tiggo-2-pro
CHERY,SUV,TIGGO 2 PRO GLS,1.5L,,MT,2024,tiggo 2 pro gls,chery,https://www.autocosmos.cl/catalogo/vigente/chery/tiggo-2-pro
CHERY,SUV,TIGGO 3 PRO GLS,1.5L,,AT,2024,tiggo 3 pro gls,chery,https://www.autocosmos.cl/catalogo/vigente/chery/tiggo-3-pro
CHERY,SUV,TIGGO 3 PRO GLX,1.5L,,AT,2024,tiggo 3 pro glx,chery,https://www.autocosmos.cl/catalogo/vigente/chery/tiggo-3-pro
CHERY,SUV,TIGGO 3 PRO GLX,1.5L,,MT,2024,tiggo 3 pro glx,chery,https://www.autocosmos.cl/catalogo/vigente/chery/tiggo-3-pro
CHERY,SUV,TIGGO 7 PRO GLS,1.5L,,AT,2024,tiggo 7 pro gls,chery,https://www.autocosmos.cl/catalogo/vigente/chery/tiggo-7-pro
CHERY,SUV,TIGGO 7 PRO GLX,1.5L,,AT,2024,tiggo 7 pro glx,chery,https://www.autocosmos.cl/catalogo/vigente/chery/tiggo-7-pro
CHERY,SUV,TIGGO 8 GLS,1.5L,,MT,2024,tiggo 8 gls,chery,https://www.autocosmos.cl/catalogo/vigente/chery/tiggo-8
CHERY,SUV,TIGGO 8 GLX,1.5L,,AT,2024,tiggo 8 glx,chery,https://www.autocosmos.cl/catalogo/vigente/chery/tiggo-8
CHERY,SUV,TIGGO 8 PRO GLX,1.6L,,AT,2024,tiggo 8 pro glx,chery,https://www.autocosmos.cl/catalogo/vigente/chery/tiggo-8
CHERY,SUV,TIGGO 8 PRO MAX GLX,1.6L,,AT,2024,tiggo 8 pro max glx,chery,https://www.autocosmos.cl/catalogo/vigente/chery/tiggo-8
CHERY,SUV,TIGGO 8 PRO MAX GLX,2.0L,AWD,AT,2024,tiggo 8 pro max glx,chery,https://www.autocosmos.cl/catalogo/vigente/chery/tiggo-8
CHEVROLET,SUV,BLAZER RS,3.6L,AWD,AT,2024,blazer rs,chevrolet,https://www.autocosmos.cl/catalogo/vigente/chevrolet/blazer
CHEVROLET,SUV,BOLT EUV,,,AT,2024,bolt euv,chevrolet,https://www.autocosmos.cl/catalogo/vigente/chevrolet/bolt
CHEVROLET,SUV,CAPTIVA LTZ P,1.5L,,AT,2024,captiva ltz p,chevrolet,https://www.autocosmos.cl/catalogo/vigente/chevrolet/captiva
CHEVROLET,SUV,CAPTIVA LTZ P,1.5L,,MT,2024,captiva ltz p,chevrolet,https://www.autocosmos.cl/catalogo/vigente/chevrolet/captiva
CHEVROLET,SUV,CAPTIVA PREMIER P,1.5L,,AT,2024,captiva premier p,chevrolet,https://www.autocosmos.cl/catalogo/vigente/chevrolet/captiva
CHEVROLET,SUV,CAPTIVA PREMIER P,1.5L,,MT,2024,captiva premier p,chevrolet,https://www.autocosmos.cl/catalogo/vigente/chevrolet/captiva
CHEVROLET,SUV,GROOVE LTZ R,1.5L,,MT,2024,groove ltz r,chevrolet,https://www.autocosmos.cl/catalogo/vigente/chevrolet/groove
CHEVROLET,SUV,GROOVE PREMIER R,1.5L,,MT,2024,groove premier r,chevrolet,https://www.autocosmos.cl/catalogo/vigente/chevrolet/groove
CHEVROLET,SUV,SPIN ACTIV 7P,1.8L,,AT,2024,spin activ 7p,chevrolet,https://www.autocosmos.cl/catalogo/vigente/chevrolet/spin
CHEVROLET,SUV,SPIN PREMIER 7P,1.8L,,MT,2024,spin premier 7p,chevrolet,https://www.autocosmos.cl/catalogo/vigente/chevrolet/spin
CHEVROLET,SUV,SUBURBAN Z71 P,5.3L,4WD,AT,2024,suburban z71 p,chevrolet,https://www.autocosmos.cl/catalogo/vigente/chevrolet/suburban
CHEVROLET,SUV,TAHOE Z71 P,5.3L,4WD,AT,2024,tahoe z71 p,chevrolet,https://www.autocosmos.cl/catalogo/vigente/chevrolet/tahoe
CHEVROLET,SUV,TRACKER LS R,1.2L,,MT,2024,tracker ls r,chevrolet,https://www.autocosmos.cl/catalogo/vigente/chevrolet/tracker
CHEVROLET,SUV,TRACKER LTZ P,1.2L,,MT,2024,tracker ltz p,chevrolet,https://www.autocosmos.cl/catalogo/vigente/chevrolet/tracker
CHEVROLET,SUV,TRACKER LTZ R,1.2L,,AT,2024,tracker ltz r,chevrolet,https://www.autocosmos.cl/catalogo/vigente/chevrolet/tracker
CHEVROLET,SUV,TRACKER PREMIER P3,1.2L,,AT,2024,tracker premier p3,chevrolet,https://www.autocosmos.cl/catalogo/vigente/chevrolet/tracker
CHEVROLET,SUV,TRACKER PREMIER P4,1.2L,,AT,2024,tracker premier p4,chevrolet,https://www.autocosmos.cl/catalogo/vigente/chevrolet/tracker
CHEVROLET,SUV,TRACKER RS R,1.2L,,AT,2024,tracker rs r,chevrolet,https://www.autocosmos.cl/catalogo/vigente/chevrolet/tracker
CHEVROLET,SUV,TRAVERSE LT,3.6L,AWD,AT,2024,traverse lt,chevrolet,https://www.autocosmos.cl/catalogo/vigente/chevrolet/traverse
CHEVROLET,SUV,TRAVERSE PREMIER,3.6L,AWD,AT,2024,traverse premier,chevrolet,https://www.autocosmos.cl/catalogo/vigente/chevrolet/traverse
CHEVROLET,SUV,TRAVERSE RS,3.6L,AWD,AT,2024,traverse rs,chevrolet,https://www.autocosmos.cl/catalogo/vigente/chevrolet/traverse
CITROEN,SUV,C5 AIRCROSS BLUEHDI 130 S&S FEEL,1.5L,,AT,2024,c5 aircross bluehdi 130 ss feel,citroen,
CITROEN,SUV,C5 AIRCROSS BLUEHDI 130 S&S FEEL PACK,1.5L,,AT,2024,c5 aircross bluehdi 130 ss feel pack,citroen,
CITROEN,SUV,C5 AIRCROSS BLUEHDI 130 S&S SHINE,1.5L,,AT,2024,c5 aircross bluehdi 130 ss shine,citroen,
CITROEN,SUV,C5 AIRCROSS HYBRID 225 SHINE,,,AT,2024,c5 aircross hybrid 225 shine,citroen,
DFSK,SUV,SUV 500 COMFORT,1.5,,,2024,suv 500 comfort,dfsk,
DFSK,SUV,SUV 500 LUXURY,1.5,,,2024,suv 500 luxury,dfsk,
DFSK,SUV,SUV 500 LUXURY,1.5,,CVT,2024,suv 500 luxury,dfsk,
DFSK,SUV,SUV 560 COMFORT,1.8,2R,,2024,suv 560 comfort,dfsk,https://www.autocosmos.cl/catalogo/vigente/dfsk/560
DFSK,SUV,SUV 560 COMFORT,1.8L,,,2024,suv 560 comfort,dfsk,https://www.autocosmos.cl/catalogo/vigente/dfsk/560
DFSK,SUV,SUV 600 COMFORT,1.5T,,AT,2024,suv 600 comfort,dfsk,https://www.autocosmos.cl/catalogo/vigente/dfsk/600
DFSK,SUV,SUV 600 COMFORT,1.5T,,MT,2024,suv 600 comfort,dfsk,https://www.autocosmos.cl/catalogo/vigente/dfsk/600
DFSK,SUV,SUV 600 LUXURY,1.5T,,AT,2024,suv 600 luxury,dfsk,https://www.autocosmos.cl/catalogo/vigente/dfsk/600
EXEED,SUV,LX ADVANCED,1.5T,,AT,2024,lx advanced,exeed,https://www.autocosmos.cl/catalogo/vigente/exeed/lx
EXEED,SUV,LX UNLIMITED,1.5T,,AT,2024,lx unlimited,exeed,https://www.autocosmos.cl/catalogo/vigente/exeed/lx
EXEED,SUV,LX UNLIMITED,1.5T,AWD,AT,2024,lx unlimited,exeed,https://www.autocosmos.cl/catalogo/vigente/exeed/lx
EXEED,SUV,TXL UNLIMITED,2.0T,,AT,2024,txl unlimited,exeed,https://www.autocosmos.cl/catalogo/vigente/exeed/txl
EXEED,SUV,TXL UNLIMITED,2.0T,AWD,AT,2024,txl unlimited,exeed,https://www.autocosmos.cl/catalogo/vigente/exeed/txl
FIAT,SUV,FASTBACK AUDACE,1.0L,,AT,2024,fastback audace,fiat,https://www.autocosmos.cl/catalogo/vigente/fiat/fastback
FIAT,SUV,FASTBACK DRIVE,1.0L,,AT,2024,fastback drive,fiat,https://www.autocosmos.cl/catalogo/vigente/fiat/fastback
FIAT,SUV,FASTBACK IMPETUS,1.0L,,AT,2024,fastback impetus,fiat,https://www.autocosmos.cl/catalogo/vigente/fiat/fastback
FIAT,SUV,PULSE DRIVE,1.3L,,AT,2024,pulse drive,fiat,https://www.autocosmos.cl/catalogo/vigente/fiat/pulse
FIAT,SUV,PULSE DRIVE,1.3L,,MT,2024,pulse drive,fiat,https://www.autocosmos.cl/catalogo/vigente/fiat/pulse
FIAT,SUV,PULSE IMPETUS,1.0L,,AT,2024,pulse impetus,fiat,https://www.autocosmos.cl/catalogo/vigente/fiat/pulse
FORD,SUV,ESCAPE PLATINUM ECOBOOST,2.0L,AWD,AT,2024,escape platinum ecoboost,ford,https://www.autocosmos.cl/catalogo/vigente/ford/escape
FORD,SUV,ESCAPE PLATINUM HEV,2.5L,AWD,AT,2024,escape platinum hev,ford,https://www.autocosmos.cl/catalogo/vigente/ford/escape
FORD,SUV,ESCAPE ST LINE FHEV,2.5L,,AT,2024,escape st line fhev,ford,https://www.autocosmos.cl/catalogo/vigente/ford/escape
FORD,SUV,TERRITORY TREND,1.5L,4X2,AT,2024,territory trend,ford,https://www.autocosmos.cl/catalogo/vigente/ford/territory
GAC,SUV,EMKOO GDI GE,1.5T,,AT,2024,emkoo gdi ge,gac,https://www.autocosmos.cl/catalogo/vigente/gac/emkoo
GAC,SUV,EMKOO GDI GL,1.5T,,AT,2024,emkoo gdi gl,gac,https://www.autocosmos.cl/catalogo/vigente/gac/emkoo
GAC,SUV,EMZOOM GB,1.5T,,AT,2024,emzoom gb,gac,https://www.autocosmos.cl/catalogo/vigente/gac/emzoom
GAC,SUV,EMZOOM GL,1.5T,,AT,2024,emzoom gl,gac,https://www.autocosmos.cl/catalogo/vigente/gac/emzoom
GAC,SUV,EMZOOM GL R-STYLE,1.5T,,AT,2024,emzoom gl rstyle,gac,https://www.autocosmos.cl/catalogo/vigente/gac/emzoom
GAC,SUV,GS3 POWER GB,1.5T,,AT,2024,gs3 power gb,gac,https://www.autocosmos.cl/catalogo/vigente/gac/gs3-power
GAC,SUV,GS3 POWER GS,1.5T,,AT,2024,gs3 power gs,gac,https://www.autocosmos.cl/catalogo/vigente/gac/gs3-power
GAC,SUV,GS3 POWER GB,1.5T,,MT,2024,gs3 power gb,gac,https://www.autocosmos.cl/catalogo/vigente/gac/gs3-power
GAC,SUV,GS3 POWER GS,1.5T,,MT,2024,gs3 power gs,gac,https://www.autocosmos.cl/catalogo/vigente/gac/gs3-power
GAC,SUV,GS4 POWER GB,1.5T,,AT,2024,gs4 power gb,gac,https://www.autocosmos.cl/catalogo/vigente/gac/gs4-power
GAC,SUV,GS4 POWER GE,1.5T,,AT,2024,gs4 power ge,gac,https://www.autocosmos.cl/catalogo/vigente/gac/gs4-power
GAC,SUV,GS4 POWER GL,1.5T,,AT,2024,gs4 power gl,gac,https://www.autocosmos.cl/catalogo/vigente/gac/gs4-power
GAC,SUV,GS4 POWER GB,1.5T,,MT,2024,gs4 power gb,gac,https://www.autocosmos.cl/catalogo/vigente/gac/gs4-power
GAC,SUV,GS8 GL,2.0T,2WD,AT,2024,gs8 gl,gac,https://www.autocosmos.cl/catalogo/vigente/gac/gs8
GAC,SUV,GS8 GT,2.0T,2WD,AT,2024,gs8 gt,gac,https://www.autocosmos.cl/catalogo/vigente/gac/gs8
GAC,SUV,GS8 GT,2.0T,4WD,AT,2024,gs8 gt,gac,https://www.autocosmos.cl/catalogo/vigente/gac/gs8
GAC,SUV,GS8 GX,2.0T,4WD,AT,2024,gs8 gx,gac,https://www.autocosmos.cl/catalogo/vigente/gac/gs8
HAVAL,SUV,H6 ACTIVE,,2WD,AT,2024,h6 active,haval,https://www.autocosmos.cl/catalogo/vigente/haval/h6
HAVAL,SUV,H6 DELUXE,,2WD,AT,2024,h6 deluxe,haval,https://www.autocosmos.cl/catalogo/vigente/haval/h6
HAVAL,SUV,H6 DELUXE,,AWD,AT,2024,h6 deluxe,haval,https://www.autocosmos.cl/catalogo/vigente/haval/h6
HAVAL,SUV,H6 ELITE,,2WD,AT,2024,h6 elite,haval,https://www.autocosmos.cl/catalogo/vigente/haval/h6
HAVAL,SUV,H6 GT DELUXE,,AWD,AT,2024,h6 gt deluxe,haval,https://www.autocosmos.cl/catalogo/vigente/haval/h6
HAVAL,SUV,H6 GT ELITE,,2WD,AT,2024,h6 gt elite,haval,https://www.autocosmos.cl/catalogo/vigente/haval/h6
HAVAL,SUV,H6 HIBRIDA DELUXE,,2WD,AT,2024,h6 hibrida deluxe,haval,https://www.autocosmos.cl/catalogo/vigente/haval/h6
HAVAL,SUV,H6 HIDRIDA ELITE,,2WD,AT,2024,h6 hidrida elite,haval,https://www.autocosmos.cl/catalogo/vigente/haval/h6
HAVAL,SUV,JOLION ACTIVE,,,MT,2024,jolion active,haval,https://www.autocosmos.cl/catalogo/vigente/haval/jolion
HAVAL,SUV,JOLION DELUXE,,,AT,2024,jolion deluxe,haval,https://www.autocosmos.cl/catalogo/vigente/haval/jolion
HAVAL,SUV,JOLION ELITE,,,AT,2024,jolion elite,haval,https://www.autocosmos.cl/catalogo/vigente/haval/jolion
HAVAL,SUV,JOLION ELITE,,,MT,2024,jolion elite,haval,https://www.autocosmos.cl/catalogo/vigente/haval/jolion
HAVAL,SUV,JOLION HIBRIDO DELUXE,,2WD,AT,2024,jolion hibrido deluxe,haval,https://www.autocosmos.cl/catalogo/vigente/haval/jolion
HAVAL,SUV,JOLION HIBRIDO ELITE,,2WD,AT,2024,jolion hibrido elite,haval,https://www.autocosmos.cl/catalogo/vigente/haval/jolion
HYUNDAI,SUV,CRETA GRAND SU2I VALUE,2.0,,AT,2024,creta grand su2i value,hyundai,https://www.autocosmos.cl/catalogo/vigente/hyundai/creta
HYUNDAI,SUV,CRETA GRAND SU2I PLUS,2.0,,MT,2024,creta grand su2i plus,hyundai,https://www.autocosmos.cl/catalogo/vigente/hyundai/creta
HYUNDAI,SUV,CRETA SU2ID DESIGN,1.5,,CVT,2024,creta su2id design,hyundai,https://www.autocosmos.cl/catalogo/vigente/hyundai/creta
HYUNDAI,SUV,CRETA SU2ID PLUS,1.5,,CVT,2024,creta su2id plus,hyundai,https://www.autocosmos.cl/catalogo/vigente/hyundai/creta
HYUNDAI,SUV,CRETA SU2ID PREMIUM,1.5,,CVT,2024,creta su2id premium,hyundai,https://www.autocosmos.cl/catalogo/vigente/hyundai/creta
HYUNDAI,SUV,CRETA SU2ID GO,1.5,,MT,2024,creta su2id go,hyundai,https://www.autocosmos.cl/catalogo/vigente/hyundai/creta
HYUNDAI,SUV,CRETA SU2ID DESIGN,1.5,,MT,2024,creta su2id design,hyundai,https://www.autocosmos.cl/catalogo/vigente/hyundai/creta
HYUNDAI,SUV,CRETA SU2ID PLUS,1.5,,MT,2024,creta su2id plus,hyundai,https://www.autocosmos.cl/catalogo/vigente/hyundai/creta
HYUNDAI,SUV,IONIQ 5 NE EV LIMITED,,AWD,AT,2024,ioniq 5 ne ev limited,hyundai,https://www.autocosmos.cl/catalogo/vigente/hyundai/ioniq-5
HYUNDAI,SUV,IONIQ 5 NE EV LIMITED,,,AT,2024,ioniq 5 ne ev limited,hyundai,https://www.autocosmos.cl/catalogo/vigente/hyundai/ioniq-5
HYUNDAI,SUV,IONIQ 5 NE EV PREMIUM,,,AT,2024,ioniq 5 ne ev premium,hyundai,https://www.autocosmos.cl/catalogo/vigente/hyundai/ioniq-5
HYUNDAI,SUV,KONA OS EV PREMIUM,,,AT,2024,kona os ev premium,hyundai,https://www.autocosmos.cl/catalogo/vigente/hyundai/kona
HYUNDAI,SUV,PALISADE LX2 PREMIUM FL,3.5,AWD,AT,2024,palisade lx2 premium fl,hyundai,https://www.autocosmos.cl/catalogo/vigente/hyundai/palisade
HYUNDAI,SUV,SANTA FE MX5 GDI DESIGN,2.5,,AT,2024,santa fe mx5 gdi design,hyundai,https://www.autocosmos.cl/catalogo/vigente/hyundai/santa-fe
HYUNDAI,SUV,SANTA FE MX5 GDI PLUS,2.5,,AT,2024,santa fe mx5 gdi plus,hyundai,https://www.autocosmos.cl/catalogo/vigente/hyundai/santa-fe
HYUNDAI,SUV,SANTA FE MX5 GDI CALLIGRAPHY,2.5T,,AT,2024,santa fe mx5 gdi calligraphy,hyundai,https://www.autocosmos.cl/catalogo/vigente/hyundai/santa-fe
HYUNDAI,SUV,SANTA FE MX5 GDI LIMITED,2.5T,,AT,2024,santa fe mx5 gdi limited,hyundai,https://www.autocosmos.cl/catalogo/vigente/hyundai/santa-fe
HYUNDAI,SUV,SANTA FE TM VALUE FL,2.5,,AT,2024,santa fe tm value fl,hyundai,https://www.autocosmos.cl/catalogo/vigente/hyundai/santa-fe
HYUNDAI,SUV,TUCSON NX4 LIMITED,1.6,4WD,AT,2024,tucson nx4 limited,hyundai,https://www.autocosmos.cl/catalogo/vigente/hyundai/tucson
HYUNDAI,SUV,TUCSON NX4 PLUS,1.6,,AT,2024,tucson nx4 plus,hyundai,https://www.autocosmos.cl/catalogo/vigente/hyundai/tucson
HYUNDAI,SUV,TUCSON NX4 HEV LIMITED,1.6,,AT,2024,tucson nx4 hev limited,hyundai,https://www.autocosmos.cl/catalogo/vigente/hyundai/tucson
HYUNDAI,SUV,TUCSON NX4 HEV VALUE,1.6,,AT,2024,tucson nx4 hev value,hyundai,https://www.autocosmos.cl/catalogo/vigente/hyundai/tucson
HYUNDAI,SUV,TUCSON NX4 PLUS,2.0,4WD,AT,2024,tucson nx4 plus,hyundai,https://www.autocosmos.cl/catalogo/vigente/hyundai/tucson
HYUNDAI,SUV,TUCSON NX4 PLUS,2.0,,AT,2024,tucson nx4 plus,hyundai,https://www.autocosmos.cl/catalogo/vigente/hyundai/tucson
HYUNDAI,SUV,TUCSON NX4 VALUE,2.0,,AT,2024,tucson nx4 value,hyundai,https://www.autocosmos.cl/catalogo/vigente/hyundai/tucson
HYUNDAI,SUV,TUCSON NX4 PLUS,2.0,,MT,2024,tucson nx4 plus,hyundai,https://www.autocosmos.cl/catalogo/vigente/hyundai/tucson
HYUNDAI,SUV,VENUE QX VALUE,1.6,,AT,2024,venue qx value,hyundai,https://www.autocosmos.cl/catalogo/vigente/hyundai/venue
HYUNDAI,SUV,VENUE QX PLUS,1.6,,MT,2024,venue qx plus,hyundai,https://www.autocosmos.cl/catalogo/vigente/hyundai/venue
HYUNDAI,SUV,VENUE QX VALUE,1.6,,MT,2024,venue qx value,hyundai,https://www.autocosmos.cl/catalogo/vigente/hyundai/venue
JAC,SUV,JS2 COMFORT,,,MT,2024,js2 comfort,jac,https://www.autocosmos.cl/catalogo/vigente/jac/js2
JAC,SUV,JS2 LUXURY,,,AT,2024,js2 luxury,jac,https://www.autocosmos.cl/catalogo/vigente/jac/js2
JAC,SUV,JS2 LUXURY,,,MT,2024,js2 luxury,jac,https://www.autocosmos.cl/catalogo/vigente/jac/js2
JAC,SUV,JS3 SE LUXURY,1.6,,MT,2024,js3 se luxury,jac,https://www.autocosmos.cl/catalogo/vigente/jac/js3
JAC,SUV,JS3 XE ADVANCE,1.6,,AT,2024,js3 xe advance,jac,https://www.autocosmos.cl/catalogo/vigente/jac/js3
JAC,SUV,JS3 XE ADVANCE,1.6,,MT,2024,js3 xe advance,jac,https://www.autocosmos.cl/catalogo/vigente/jac/js3
JAC,SUV,JS3 XE LUXURY,1.6,,AT,2024,js3 xe luxury,jac,https://www.autocosmos.cl/catalogo/vigente/jac/js3
JAC,SUV,JS4 ADVANCE,1.5T,,AT,2024,js4 advance,jac,https://www.autocosmos.cl/catalogo/vigente/jac/js4
JAC,SUV,JS4 ADVANCE BICOLOR,1.5T,,AT,2024,js4 advance bicolor,jac,https://www.autocosmos.cl/catalogo/vigente/jac/js4
JAC,SUV,JS4 COMFORT,1.6,,MT,2024,js4 comfort,jac,https://www.autocosmos.cl/catalogo/vigente/jac/js4
JAC,SUV,JS4 COMFORT BICOLOR,1.6,,MT,2024,js4 comfort bicolor,jac,https://www.autocosmos.cl/catalogo/vigente/jac/js4
JAC,SUV,JS4 LUXURY,1.5T,,AT,2024,js4 luxury,jac,https://www.autocosmos.cl/catalogo/vigente/jac/js4
JAC,SUV,JS4 LUXURY,1.5T,,MT,2024,js4 luxury,jac,https://www.autocosmos.cl/catalogo/vigente/jac/js4
JAC,SUV,JS4 LUXURY BICOLOR,1.5T,,AT,2024,js4 luxury bicolor,jac,https://www.autocosmos.cl/catalogo/vigente/jac/js4
JAC,SUV,JS4 LUXURY BICOLOR,1.5T,,MT,2024,js4 luxury bicolor,jac,https://www.autocosmos.cl/catalogo/vigente/jac/js4
JAC,SUV,JS6 ADVANCE,,,AT,2024,js6 advance,jac,https://www.autocosmos.cl/catalogo/vigente/jac/js6
JAC,SUV,JS6 COMFORT,,,AT,2024,js6 comfort,jac,https://www.autocosmos.cl/catalogo/vigente/jac/js6
JAC,SUV,JS6 LUXURY,,,AT,2024,js6 luxury,jac,https://www.autocosmos.cl/catalogo/vigente/jac/js6
JAC,SUV,JS8 ADVANCE XE,,,AT,2024,js8 advance xe,jac,https://www.autocosmos.cl/catalogo/vigente/jac/js8
JAC,SUV,JS8 COMFORT CE,,,MT,2024,js8 comfort ce,jac,https://www.autocosmos.cl/catalogo/vigente/jac/js8
JAC,SUV,JS8 LUXURY SE,,,AT,2024,js8 luxury se,jac,https://www.autocosmos.cl/catalogo/vigente/jac/js8
JAC,SUV,JS8 LUXURY SE,,,MT,2024,js8 luxury se,jac,https://www.autocosmos.cl/catalogo/vigente/jac/js8
JEEP,SUV,COMMANDER LIMITED,1.3,4X2,AT,2024,commander limited,jeep,https://www.autocosmos.cl/catalogo/vigente/jeep/commander
JEEP,SUV,COMMANDER LIMITED,2.0,4X4,AT,2024,commander limited,jeep,https://www.autocosmos.cl/catalogo/vigente/jeep/commander
JEEP,SUV,COMMANDER LIMITED G,2.0,4X4,AT,2024,commander limited g,jeep,https://www.autocosmos.cl/catalogo/vigente/jeep/commander
JEEP,SUV,COMMANDER OVERLAND,1.3,4X2,AT,2024,commander overland,jeep,https://www.autocosmos.cl/catalogo/vigente/jeep/commander
JEEP,SUV,COMMANDER OVERLAND G,2.0,4X4,AT,2024,commander overland g,jeep,https://www.autocosmos.cl/catalogo/vigente/jeep/commander
JEEP,SUV,COMPASS LIMITED,,4X2,AT,2024,compass limited,jeep,https://www.autocosmos.cl/catalogo/vigente/jeep/compass
JEEP,SUV,COMPASS LONGITUDE,,4X2,AT,2024,compass longitude,jeep,https://www.autocosmos.cl/catalogo/vigente/jeep/compass
JEEP,SUV,COMPASS SPORT,,4X2,AT,2024,compass sport,jeep,https://www.autocosmos.cl/catalogo/vigente/jeep/compass
JEEP,SUV,GRAND CHEROKEE L SUMMIT 3ROW,3.6L,,AT,2024,grand cherokee l summit 3row,jeep,https://www.autocosmos.cl/catalogo/vigente/jeep/grand-cherokee
JEEP,SUV,RENEGADE LONGITUDE,1.3,,AT,2024,renegade longitude,jeep,https://www.autocosmos.cl/catalogo/vigente/jeep/renegade
JEEP,SUV,RENEGADE LONGITUDE X,1.3,,AT,2024,renegade longitude x,jeep,https://www.autocosmos.cl/catalogo/vigente/jeep/renegade
JEEP,SUV,RENEGADE SPORT,1.3,,AT,2024,renegade sport,jeep,https://www.autocosmos.cl/catalogo/vigente/jeep/renegade
JEEP,SUV,WRANGLER UNLIMITED RUBICON,3.6L,,AT,2024,wrangler unlimited rubicon,jeep,https://www.autocosmos.cl/catalogo/vigente/jeep/wrangler
JETOUR,SUV,DASHING TURBO LUX,1.5L,,MT,2024,dashing turbo lux,jetour,https://www.autocosmos.cl/catalogo/vigente/jetour/dashing
JETOUR,SUV,DASHING TURBO LUX,1.5L,,AT,2024,dashing turbo lux,jetour,https://www.autocosmos.cl/catalogo/vigente/jetour/dashing
JETOUR,SUV,DASHING TURBO GDI LIMITED,1.6L,,AT,2024,dashing turbo gdi limited,jetour,https://www.autocosmos.cl/catalogo/vigente/jetour/dashing
JETOUR,SUV,X70 LUX,1.5T,,AT,2024,x70 lux,jetour,https://www.autocosmos.cl/catalogo/vigente/jetour/x70
JETOUR,SUV,X70 LUX,1.5T,,MT,2024,x70 lux,jetour,https://www.autocosmos.cl/catalogo/vigente/jetour/x70
JETOUR,SUV,X70 STD,1.5T,,AT,2024,x70 std,jetour,https://www.autocosmos.cl/catalogo/vigente/jetour/x70
JETOUR,SUV,X70 STD,1.5T,,MT,2024,x70 std,jetour,https://www.autocosmos.cl/catalogo/vigente/jetour/x70
JETOUR,SUV,X70 PLUS,1.5T,,AT,2024,x70 plus,jetour,https://www.autocosmos.cl/catalogo/vigente/jetour/x70-plus
JETOUR,SUV,X70 PLUS,1.6T,,AT,2024,x70 plus,jetour,https://www.autocosmos.cl/catalogo/vigente/jetour/x70-plus
JETOUR,SUV,X90 PLUS GDI,2.0T,,AT,2024,x90 plus gdi,jetour,https://www.autocosmos.cl/catalogo/vigente/jetour/x90-plus
KAIYI,SUV,KYX3 LUX,,,MT,2024,kyx3 lux,kaiyi,https://www.autocosmos.cl/catalogo/vigente/kaiyi/x3
KAIYI,SUV,KYX3 STD,,,MT,2024,kyx3 std,kaiyi,https://www.autocosmos.cl/catalogo/vigente/kaiyi/x3
KAIYI,SUV,KYX3 LUX,,,AT,2024,kyx3 lux,kaiyi,https://www.autocosmos.cl/catalogo/vigente/kaiyi/x3
KAIYI,SUV,KYX3 PRO,1.5T,,AT,2024,kyx3 pro,kaiyi,https://www.autocosmos.cl/catalogo/vigente/kaiyi/x3
KIA,SUV,CARENS EX TURBO-GDI 7P,1.4L,,7DCT,2024,carens ex turbogdi 7p,kia,https://www.autocosmos.cl/catalogo/vigente/kia/carens
KIA,SUV,CARENS EX TURBO-GDI FULL 7P,1.4L,,7DCT,2024,carens ex turbogdi full 7p,kia,https://www.autocosmos.cl/catalogo/vigente/kia/carens
KIA,SUV,CARENS LX 7P,1.5L,,6MT,2024,carens lx 7p,kia,https://www.autocosmos.cl/catalogo/vigente/kia/carens
KIA,SUV,NIRO EV EX 64.8KWH FULL,,2WD,,2024,niro ev ex 648kwh full,kia,
KIA,SUV,NIRO EV LX 64.8KWH,,2WD,,2024,niro ev lx 648kwh,kia,
KIA,SUV,NIRO EV6 GT-LINE 77.4KWH,,AWD,,2024,niro ev6 gtline 774kwh,kia,https://www.autocosmos.cl/catalogo/vigente/kia/ev6
KIA,SUV,NIRO EV9 GT-LINE 99.8KWH 6P1,,AWD,,2024,niro ev9 gtline 998kwh 6p1,kia,https://www.autocosmos.cl/catalogo/vigente/kia/ev9
KIA,SUV,NIRO EV9 GT-LINE 99.8KWH 6P2,,AWD,,2024,niro ev9 gtline 998kwh 6p2,kia,https://www.autocosmos.cl/catalogo/vigente/kia/ev9
KIA,SUV,NIRO EV9 GT-LINE 99.8KWH 6P3,,AWD,,2024,niro ev9 gtline 998kwh 6p3,kia,https://www.autocosmos.cl/catalogo/vigente/kia/ev9
KIA,SUV,NIRO EV9 GT-LINE 99.8KWH 7P,,AWD,,2024,niro ev9 gtline 998kwh 7p,kia,https://www.autocosmos.cl/catalogo/vigente/kia/ev9
KIA,SUV,SELTOS EX TURBO,1.4L,,7DCT,2024,seltos ex turbo,kia,https://www.autocosmos.cl/catalogo/vigente/kia/seltos
KIA,SUV,SELTOS EX TURBO FULL,1.4L,,7DCT,2024,seltos ex turbo full,kia,https://www.autocosmos.cl/catalogo/vigente/kia/seltos
KIA,SUV,SELTOS EX,1.5L,,6MT,2024,seltos ex,kia,https://www.autocosmos.cl/catalogo/vigente/kia/seltos
KIA,SUV,SELTOS EX IVT,1.5L,,,2024,seltos ex ivt,kia,https://www.autocosmos.cl/catalogo/vigente/kia/seltos
KIA,SUV,SONET EX AC RI,1.5L,,6MT,2024,sonet ex ac ri,kia,https://www.autocosmos.cl/catalogo/vigente/kia/sonet
KIA,SUV,SONET EX RI FULL,1.5L,,6MT,2024,sonet ex ri full,kia,https://www.autocosmos.cl/catalogo/vigente/kia/sonet
KIA,SUV,SONET EX IVT ACC PLUS,1.5L,,,2024,sonet ex ivt acc plus,kia,https://www.autocosmos.cl/catalogo/vigente/kia/sonet
KIA,SUV,SONET EX IVT FULL,1.5L,,,2024,sonet ex ivt full,kia,https://www.autocosmos.cl/catalogo/vigente/kia/sonet
KIA,SUV,SONET EX IVT IR FULL,1.5L,,,2024,sonet ex ivt ir full,kia,https://www.autocosmos.cl/catalogo/vigente/kia/sonet
KIA,SUV,SORENTO EX DSL,2.2L,2WD,8DCT,2024,sorento ex dsl,kia,https://www.autocosmos.cl/catalogo/vigente/kia/sorento
KIA,SUV,SORENTO EX GSL,2.5L,2WD,6AT,2024,sorento ex gsl,kia,https://www.autocosmos.cl/catalogo/vigente/kia/sorento
KIA,SUV,SORENTO EX GSL FULL,2.5L,2WD,6AT,2024,sorento ex gsl full,kia,https://www.autocosmos.cl/catalogo/vigente/kia/sorento
KIA,SUV,SORENTO EX GSL FULL,2.5L,AWD,6AT,2024,sorento ex gsl full,kia,https://www.autocosmos.cl/catalogo/vigente/kia/sorento
KIA,SUV,SPORTAGE EX TURBO-GDI GSL,1.6L,AWD,7DCT,2024,sportage ex turbogdi gsl,kia,https://www.autocosmos.cl/catalogo/vigente/kia/sportage
KIA,SUV,SPORTAGE EX GSL,2.0L,,6AT,2024,sportage ex gsl,kia,https://www.autocosmos.cl/catalogo/vigente/kia/sportage
KIA,SUV,SPORTAGE EX GSL BS,2.0L,,6AT,2024,sportage ex gsl bs,kia,https://www.autocosmos.cl/catalogo/vigente/kia/sportage
KIA,SUV,SPORTAGE EX GSL,2.0L,,6MT,2024,sportage ex gsl,kia,https://www.autocosmos.cl/catalogo/vigente/kia/sportage
KIA,SUV,SPORTAGE EX DSL,2.0L,AWD,8AT,2024,sportage ex dsl,kia,https://www.autocosmos.cl/catalogo/vigente/kia/sportage
KIA,SUV,SPORTAGE EX DSL BS,2.0L,,8AT,2024,sportage ex dsl bs,kia,https://www.autocosmos.cl/catalogo/vigente/kia/sportage
KIA,SUV,SPROTAGE EX GSL,2.0L,AWD,6AT,2024,sprotage ex gsl,kia,
KIA,SUV,SPROTAGE EX DSL,2.0L,,8AT,2024,sprotage ex dsl,kia,
MAHINDRA,SUV,XUV300 COMFORT,,,MT,2024,xuv300 comfort,mahindra,
MAHINDRA,SUV,XUV300 ELITE,,,MT,2024,xuv300 elite,mahindra,
MAHINDRA,SUV,XUV300 LUXURY,,,MT,2024,xuv300 luxury,mahindra,
MAXUS,SUV,D60 ELITE,,4X2,AT,2024,d60 elite,maxus,https://www.autocosmos.cl/catalogo/vigente/maxus/d60
MAXUS,SUV,D60 LUXURY,,4X2,AT,2024,d60 luxury,maxus,https://www.autocosmos.cl/catalogo/vigente/maxus/d60
MAXUS,SUV,D90 ELITE,,4X4,AT,2024,d90 elite,maxus,https://www.autocosmos.cl/catalogo/vigente/maxus/d90
MAXUS,SUV,D90 FLAGSHIP,,4X4,AT,2024,d90 flagship,maxus,https://www.autocosmos.cl/catalogo/vigente/maxus/d90
MAXUS,SUV,D90 LUXURY,,4X4,AT,2024,d90 luxury,maxus,https://www.autocosmos.cl/catalogo/vigente/maxus/d90
MAXUS,SUV,EUNIQ 6,,,AT,2024,euniq 6,maxus,https://www.autocosmos.cl/catalogo/vigente/maxus/euniq-6
MAXUS,SUV,G90 ELITE,,,AT,2024,g90 elite,maxus,
MAXUS,SUV,G90 LUXURY,,,AT,2024,g90 luxury,maxus,
MG,SUV,3 STD,1.5,,AT,2024,3 std,mg,https://www.autocosmos.cl/catalogo/vigente/mg/3
MG,SUV,HS COM,1.5T,,,2024,hs com,mg,https://www.autocosmos.cl/catalogo/vigente/mg/hs
MG,SUV,HS DLX,1.5T,,DCT,2024,hs dlx,mg,https://www.autocosmos.cl/catalogo/vigente/mg/hs
MG,SUV,HS TROPHY,1.5T,,DCT,2024,hs trophy,mg,https://www.autocosmos.cl/catalogo/vigente/mg/hs
MG,SUV,MARVEL R DLX,,,AT,2024,marvel r dlx,mg,https://www.autocosmos.cl/catalogo/vigente/mg/marvel-r
MG,SUV,MG ZS COM,1.5L,,AT,2024,mg zs com,mg,https://www.autocosmos.cl/catalogo/vigente/mg/zs
MG,SUV,MG ZS STD,1.5L,,AT,2024,mg zs std,mg,https://www.autocosmos.cl/catalogo/vigente/mg/zs
MG,SUV,ONE COM,1.5T,,CVT,2024,one com,mg,https://www.autocosmos.cl/catalogo/vigente/mg/one
MG,SUV,ONE DLX,1.5T,,CVT,2024,one dlx,mg,https://www.autocosmos.cl/catalogo/vigente/mg/one
MG,SUV,RX5 COM,1.5T,,,2024,rx5 com,mg,https://www.autocosmos.cl/catalogo/vigente/mg/5
MG,SUV,RX5 COM,1.5T,,DCT,2024,rx5 com,mg,https://www.autocosmos.cl/catalogo/vigente/mg/5
MG,SUV,RX5 DLX,1.5T,,DCT,2024,rx5 dlx,mg,https://www.autocosmos.cl/catalogo/vigente/mg/5
MG,SUV,ZS COM,1.5L,,,2024,zs com,mg,https://www.autocosmos.cl/catalogo/vigente/mg/zs
MG,SUV,ZS STD,1.5L,,,2024,zs std,mg,https://www.autocosmos.cl/catalogo/vigente/mg/zs
MG,SUV,ZS EV DLX,,,AT,2024,zs ev dlx,mg,https://www.autocosmos.cl/catalogo/vigente/mg/zs
MG,SUV,ZX 6 TROPHY,1.3T,,AT,2024,zx 6 trophy,mg,https://www.autocosmos.cl/catalogo/vigente/mg/6
MG,SUV,ZX COM,1.5L,,,2024,zx com,mg,https://www.autocosmos.cl/catalogo/vigente/mg/zx
MG,SUV,ZX DLX,1.5L,,CVT,2024,zx dlx,mg,https://www.autocosmos.cl/catalogo/vigente/mg/zx
MG,SUV,ZX DLX,1.5L,,,2024,zx dlx,mg,https://www.autocosmos.cl/catalogo/vigente/mg/zx
MITSUBISHI,SUV,ASX GL,1.6L,4X2,MT,2024,asx gl,mitsubishi,https://www.autocosmos.cl/catalogo/vigente/mitsubishi/asx
MITSUBISHI,SUV,ASX GLS,1.6L,4X2,MT,2024,asx gls,mitsubishi,https://www.autocosmos.cl/catalogo/vigente/mitsubishi/asx
MITSUBISHI,SUV,ASX GLS,2.0L,4X2,AT,2024,asx gls,mitsubishi,https://www.autocosmos.cl/catalogo/vigente/mitsubishi/asx
MITSUBISHI,SUV,ECLIPSE CROSS RS,1.5,4X2,AT,2024,eclipse cross rs,mitsubishi,https://www.autocosmos.cl/catalogo/vigente/mitsubishi/eclipse-cross
MITSUBISHI,SUV,ECLIPSE CROSS RX,1.5,4X2,AT,2024,eclipse cross rx,mitsubishi,https://www.autocosmos.cl/catalogo/vigente/mitsubishi/eclipse-cross
MITSUBISHI,SUV,MONTERO SPORT,3.0,2WD,AT,2024,montero sport,mitsubishi,https://www.autocosmos.cl/catalogo/vigente/mitsubishi/montero-sport
MITSUBISHI,SUV,MONTERO SPORT,3.0,4WD,AT,2024,montero sport,mitsubishi,https://www.autocosmos.cl/catalogo/vigente/mitsubishi/montero-sport
MITSUBISHI,SUV,MONTERO SPORT LIMITED,3.0,4WD,AT,2024,montero sport limited,mitsubishi,https://www.autocosmos.cl/catalogo/vigente/mitsubishi/montero-sport
MITSUBISHI,SUV,OUTLANDER GL,,4X2,AT,2024,outlander gl,mitsubishi,https://www.autocosmos.cl/catalogo/vigente/mitsubishi/outlander
MITSUBISHI,SUV,OUTLANDER GLS,,4X4,AT,2024,outlander gls,mitsubishi,https://www.autocosmos.cl/catalogo/vigente/mitsubishi/outlander
MITSUBISHI,SUV,OUTLANDER GLS LIMITED,,4X4,AT,2024,outlander gls limited,mitsubishi,https://www.autocosmos.cl/catalogo/vigente/mitsubishi/outlander
MITSUBISHI,SUV,OUTLANDER GLX,,4X2,AT,2024,outlander glx,mitsubishi,https://www.autocosmos.cl/catalogo/vigente/mitsubishi/outlander
MITSUBISHI,SUV,XPANDER CROSS,,,AT,2024,xpander cross,mitsubishi,https://www.autocosmos.cl/catalogo/vigente/mitsubishi/xpander-cross
MITSUBISHI,SUV,XPANDER GL,,,MT,2024,xpander gl,mitsubishi,https://www.autocosmos.cl/catalogo/vigente/mitsubishi/xpander
MITSUBISHI,SUV,XPANDER GLX,,,AT,2024,xpander glx,mitsubishi,https://www.autocosmos.cl/catalogo/vigente/mitsubishi/xpander
NISSAN,SUV,KICKS ADVANCE,,,CVT,2024,kicks advance,nissan,https://www.autocosmos.cl/catalogo/vigente/nissan/kicks
NISSAN,SUV,KICKS ADVANCE,,,MT,2024,kicks advance,nissan,https://www.autocosmos.cl/catalogo/vigente/nissan/kicks
NISSAN,SUV,KICKS EXCLUSIVE,,,CVT,2024,kicks exclusive,nissan,https://www.autocosmos.cl/catalogo/vigente/nissan/kicks
NISSAN,SUV,KICKS SENSE,,,MT,2024,kicks sense,nissan,https://www.autocosmos.cl/catalogo/vigente/nissan/kicks
NISSAN,SUV,PATHFINDER ADVANCE,,2WD,AT,2024,pathfinder advance,nissan,https://www.autocosmos.cl/catalogo/vigente/nissan/pathfinder
NISSAN,SUV,PATHFINDER ADVANCE,,4WD,AT,2024,pathfinder advance,nissan,https://www.autocosmos.cl/catalogo/vigente/nissan/pathfinder
NISSAN,SUV,PATHFINDER EXCLUSIVE,,4WD,AT,2024,pathfinder exclusive,nissan,https://www.autocosmos.cl/catalogo/vigente/nissan/pathfinder
NISSAN,SUV,PATHFINDER SENSE,,2WD,AT,2024,pathfinder sense,nissan,https://www.autocosmos.cl/catalogo/vigente/nissan/pathfinder
NISSAN,SUV,QASHQAI ADVANCE,,,CVT,2024,qashqai advance,nissan,https://www.autocosmos.cl/catalogo/vigente/nissan/qashqai
NISSAN,SUV,QASHQAI ADVANCE PLUS,,,CVT,2024,qashqai advance plus,nissan,https://www.autocosmos.cl/catalogo/vigente/nissan/qashqai
NISSAN,SUV,QASHQAI ADVANCE,,,MT,2024,qashqai advance,nissan,https://www.autocosmos.cl/catalogo/vigente/nissan/qashqai
NISSAN,SUV,QASHQAI EXCLUSIVE,,4WD,CVT,2024,qashqai exclusive,nissan,https://www.autocosmos.cl/catalogo/vigente/nissan/qashqai
NISSAN,SUV,QASHQAI SENSE,,,MT,2024,qashqai sense,nissan,https://www.autocosmos.cl/catalogo/vigente/nissan/qashqai
NISSAN,SUV,X-TRAIL ADVANCE 3 ROW E-POWER,,AWD,,2024,xtrail advance 3 row epower,nissan,https://www.autocosmos.cl/catalogo/vigente/nissan/x-trail
NISSAN,SUV,X-TRAIL ADVANCE 3ROW,,,CVT,2024,xtrail advance 3row,nissan,https://www.autocosmos.cl/catalogo/vigente/nissan/x-trail
NISSAN,SUV,X-TRAIL EXCLUSIVE 3 ROW E-POWER,,AWD,,2024,xtrail exclusive 3 row epower,nissan,https://www.autocosmos.cl/catalogo/vigente/nissan/x-trail
NISSAN,SUV,X-TRAIL EXCLUSIVE 3ROW -,,AWD,CVT,2024,xtrail exclusive 3row,nissan,https://www.autocosmos.cl/catalogo/vigente/nissan/x-trail
NISSAN,SUV,X-TRAIL SEMSE 3ROW,,,CVT,2024,xtrail semse 3row,nissan,https://www.autocosmos.cl/catalogo/vigente/nissan/x-trail
NISSAN,SUV,X-TRAIL SENSE 2ROW,,,CVT,2024,xtrail sense 2row,nissan,https://www.autocosmos.cl/catalogo/vigente/nissan/x-trail
OPEL,SUV,CROSSLAND EDITION AT6 E6.4,1.2T,,,2024,crossland edition at6 e64,opel,https://www.autocosmos.cl/catalogo/vigente/opel/crossland
OPEL,SUV,CROSSLAND EDITION MT6,1.2T,,,2024,crossland edition mt6,opel,https://www.autocosmos.cl/catalogo/vigente/opel/crossland
OPEL,SUV,GRANDLAND GRANDLAND GS AT8,1.2T,,,2024,grandland grandland gs at8,opel,https://www.autocosmos.cl/catalogo/vigente/opel/grandland
OPEL,SUV,GRANDLAND GRANDLAND GS MT6,1.2T,,,2024,grandland grandland gs mt6,opel,https://www.autocosmos.cl/catalogo/vigente/opel/grandland
OPEL,SUV,GRANDLAND GRANDLAND GS 1.5TD AT8,,,,2024,grandland grandland gs 15td at8,opel,https://www.autocosmos.cl/catalogo/vigente/opel/grandland
OPEL,SUV,GRANDLAND GRANDLAND ULTIMATE AT8,1.2T,,,2024,grandland grandland ultimate at8,opel,https://www.autocosmos.cl/catalogo/vigente/opel/grandland
OPEL,SUV,MOKKA ELEGANCE 130HP MT6 E6.4,1.2,,,2024,mokka elegance 130hp mt6 e64,opel,https://www.autocosmos.cl/catalogo/vigente/opel/mokka
OPEL,SUV,MOKKA ELEGANCE 130HP AT8,1.2T,,,2024,mokka elegance 130hp at8,opel,https://www.autocosmos.cl/catalogo/vigente/opel/mokka
OPEL,SUV,MOKKA GS LINE 130HP AT8,1.2T,,,2024,mokka gs line 130hp at8,opel,https://www.autocosmos.cl/catalogo/vigente/opel/mokka
OPEL,SUV,MOKKA 1.5TD ELEGANCE 110HP MT6,,,,2024,mokka 15td elegance 110hp mt6,opel,https://www.autocosmos.cl/catalogo/vigente/opel/mokka
PEUGEOT,SUV,ACTIVE PACK PURETECH 130HP,1.2,,,2024,active pack puretech 130hp,peugeot,
PEUGEOT,SUV,ALTURE PACK PURETECH 130HP,1.2,,,2024,alture pack puretech 130hp,peugeot,
PEUGEOT,SUV,ALTURE PACK BLUEHDI 130HP,1.5,,EAT8,2024,alture pack bluehdi 130hp,peugeot,
PEUGEOT,SUV,ELÉCTRICO 136HP,,,,2024,electrico 136hp,peugeot,
PEUGEOT,SUV,ACTIVE PACK PURETECH 130HP,1.2,,,2024,active pack puretech 130hp,peugeot,
PEUGEOT,SUV,ALTURE BLUEHDI 130HP,1.5,,EAT8,2024,alture bluehdi 130hp,peugeot,
PEUGEOT,SUV,ALTURE PACK THP 1650HP,1.6,,EAT6,2024,alture pack thp 1650hp,peugeot,
PEUGEOT,SUV,GT BLUEHDI 130HP,1.5,,EAT8,2024,gt bluehdi 130hp,peugeot,
PEUGEOT,SUV,GT PURETECH 180HP,1.6,,EAT8,2024,gt puretech 180hp,peugeot,
PEUGEOT,SUV,HYBRID4 300 EEAT8,,,,2024,hybrid4 300 eeat8,peugeot,https://www.autocosmos.cl/catalogo/vigente/peugeot/3008-hybrid4
PEUGEOT,SUV,ALTURE BLUEHDI 130HP,1.5,,EAT8,2024,alture bluehdi 130hp,peugeot,
PEUGEOT,SUV,GT BLUEHDI 130HP,1.5,,EAT8,2024,gt bluehdi 130hp,peugeot,
PEUGEOT,SUV,ALTURETHP 165HP,1.6,,EAT6,2024,alturethp 165hp,peugeot,
PEUGEOT,SUV,GT PURETECH 180HP,1.6,,EAT8,2024,gt puretech 180hp,peugeot,
PEUGEOT,SUV,GT BLACK PACK BLUEHDI 130,,,EAT8,2024,gt black pack bluehdi 130,peugeot,
PEUGEOT,SUV,GT BLACK PACK PURETECH 180,,,EAT8,2024,gt black pack puretech 180,peugeot,
PEUGEOT,SUV,RIFTER ALURE BLUEHDI 100,,,MT,2024,rifter alure bluehdi 100,peugeot,https://www.autocosmos.cl/catalogo/vigente/peugeot/rifter
PEUGEOT,SUV,RIFTER ALURE BLUEHDI 130,,,AT,2024,rifter alure bluehdi 130,peugeot,https://www.autocosmos.cl/catalogo/vigente/peugeot/rifter
PEUGEOT,SUV,RIFTER ALURE PURETECH 130,,,AT,2024,rifter alure puretech 130,peugeot,https://www.autocosmos.cl/catalogo/vigente/peugeot/rifter
SSANGYONG,SUV,KORANDO GLX 6AB,1.5T,2WD,AT,2024,korando glx 6ab,ssangyong,https://www.autocosmos.cl/catalogo/vigente/ssangyong/korando
SSANGYONG,SUV,KORANDO GLX 6AB,1.5T,2WD,MT,2024,korando glx 6ab,ssangyong,https://www.autocosmos.cl/catalogo/vigente/ssangyong/korando
SSANGYONG,SUV,KORANDO GLX 1.6TD 6AB,,2WD,AT,2024,korando glx 16td 6ab,ssangyong,https://www.autocosmos.cl/catalogo/vigente/ssangyong/korando
SSANGYONG,SUV,KORANDO GLX 1.6TD 6AB,,2WD,MT,2024,korando glx 16td 6ab,ssangyong,https://www.autocosmos.cl/catalogo/vigente/ssangyong/korando
SSANGYONG,SUV,KORANDO LIMITED 6AB,1.5T,2WD,AT,2024,korando limited 6ab,ssangyong,https://www.autocosmos.cl/catalogo/vigente/ssangyong/korando
SSANGYONG,SUV,KORANDO LX,1.5T,2WD,MT,2024,korando lx,ssangyong,https://www.autocosmos.cl/catalogo/vigente/ssangyong/korando
SSANGYONG,SUV,REXTON GLX 2.2TD 6AB,,2WD,AT,2024,rexton glx 22td 6ab,ssangyong,https://www.autocosmos.cl/catalogo/vigente/ssangyong/rexton
SSANGYONG,SUV,REXTON GLX 2.2TD 6AB,,2WD,MT,2024,rexton glx 22td 6ab,ssangyong,https://www.autocosmos.cl/catalogo/vigente/ssangyong/rexton
SSANGYONG,SUV,REXTON GLX 2.2TD 6AB,,4WD,AT,2024,rexton glx 22td 6ab,ssangyong,https://www.autocosmos.cl/catalogo/vigente/ssangyong/rexton
SSANGYONG,SUV,REXTON LX 6AB,2.0T,4WD,AT,2024,rexton lx 6ab,ssangyong,https://www.autocosmos.cl/catalogo/vigente/ssangyong/rexton
SSANGYONG,SUV,REXTON LX 6AB,2.0T,2WD,MT,2024,rexton lx 6ab,ssangyong,https://www.autocosmos.cl/catalogo/vigente/ssangyong/rexton
SSANGYONG,SUV,REXTON LX 2.2TD 2AB,,2WD,AT,2024,rexton lx 22td 2ab,ssangyong,https://www.autocosmos.cl/catalogo/vigente/ssangyong/rexton
SSANGYONG,SUV,REXTON LX 2.2TD 2AB,,2WD,MT,2024,rexton lx 22td 2ab,ssangyong,https://www.autocosmos.cl/catalogo/vigente/ssangyong/rexton
SSANGYONG,SUV,TIVOLI GLX,1.6,2WD,MT,2024,tivoli glx,ssangyong,https://www.autocosmos.cl/catalogo/vigente/ssangyong/tivoli
SSANGYONG,SUV,TIVOLI LIMITED 6 AB,1.6,2WD,AT,2024,tivoli limited 6 ab,ssangyong,https://www.autocosmos.cl/catalogo/vigente/ssangyong/tivoli
SSANGYONG,SUV,TIVOLI LX,1.6,2WD,MT,2024,tivoli lx,ssangyong,https://www.autocosmos.cl/catalogo/vigente/ssangyong/tivoli
SSANGYONG,SUV,TORRES GLX,1.5T,2WD,AT,2024,torres glx,ssangyong,https://www.autocosmos.cl/catalogo/vigente/ssangyong/torres
SSANGYONG,SUV,TORRES GLX,1.5T,2WD,MT,2024,torres glx,ssangyong,https://www.autocosmos.cl/catalogo/vigente/ssangyong/torres
SSANGYONG,SUV,TORRES GLX,1.5T,4WD,AT,2024,torres glx,ssangyong,https://www.autocosmos.cl/catalogo/vigente/ssangyong/torres
SSANGYONG,SUV,TORRES LIMITED PLUS BITONO,1.5T,4WD,AT,2024,torres limited plus bitono,ssangyong,https://www.autocosmos.cl/catalogo/vigente/ssangyong/torres
SSANGYONG,SUV,TORRES LIMITED PLUS SUNROOF,1.5T,4WD,AT,2024,torres limited plus sunroof,ssangyong,https://www.autocosmos.cl/catalogo/vigente/ssangyong/torres
SUBARU,SUV,CROSSTREK 2.0I,,AWD,AT,2024,crosstrek 20i,subaru,https://www.autocosmos.cl/catalogo/vigente/subaru/crosstrek
SUBARU,SUV,CROSSTREK 2.0I DYNAMIC EYESIGH,,AWD,AT,2024,crosstrek 20i dynamic eyesigh,subaru,https://www.autocosmos.cl/catalogo/vigente/subaru/crosstrek
SUBARU,SUV,CROSSTREK 2.0I TOURING EYESIGH,,AWD,AT,2024,crosstrek 20i touring eyesigh,subaru,https://www.autocosmos.cl/catalogo/vigente/subaru/crosstrek
TOYOTA,SUV,4RUNNER LIMITED,,4X4,AT,2024,4runner limited,toyota,https://www.autocosmos.cl/catalogo/vigente/toyota/4runner
TOYOTA,SUV,4RUNNER SR5,,4X2,AT,2024,4runner sr5,toyota,https://www.autocosmos.cl/catalogo/vigente/toyota/4runner
TOYOTA,SUV,4RUNNER SR5,,4X4,AT,2024,4runner sr5,toyota,https://www.autocosmos.cl/catalogo/vigente/toyota/4runner
TOYOTA,SUV,COROLLA CROSS HEV SEG HEV,1.8,,AT,2024,corolla cross hev seg hev,toyota,https://www.autocosmos.cl/catalogo/vigente/toyota/corolla
TOYOTA,SUV,COROLLA CROSS HEV XEI HEV,1.8,,AT,2024,corolla cross hev xei hev,toyota,https://www.autocosmos.cl/catalogo/vigente/toyota/corolla
TOYOTA,SUV,FORTUNER SR5,2.7L,4X2,AT,2024,fortuner sr5,toyota,https://www.autocosmos.cl/catalogo/vigente/toyota/fortuner
TOYOTA,SUV,FORTUNER SR5 TDI,2.8,4X4,AT,2024,fortuner sr5 tdi,toyota,https://www.autocosmos.cl/catalogo/vigente/toyota/fortuner
TOYOTA,SUV,FORTUNER SR5 TDI,2.8,4X4,MT,2024,fortuner sr5 tdi,toyota,https://www.autocosmos.cl/catalogo/vigente/toyota/fortuner
TOYOTA,SUV,FORTUNER SRX TDI,2.8,4X4,AT,2024,fortuner srx tdi,toyota,https://www.autocosmos.cl/catalogo/vigente/toyota/fortuner
TOYOTA,SUV,RAIZE GAS E,1.2,,MT,2024,raize gas e,toyota,https://www.autocosmos.cl/catalogo/vigente/toyota/raize
TOYOTA,SUV,RAIZE GAS,1.2,,MT,2024,raize gas,toyota,https://www.autocosmos.cl/catalogo/vigente/toyota/raize
TOYOTA,SUV,RAV4 LE,2.0,4X2,AT,2024,rav4 le,toyota,https://www.autocosmos.cl/catalogo/vigente/toyota/rav4
TOYOTA,SUV,RAV4 LE,2.0,4X2,MT,2024,rav4 le,toyota,https://www.autocosmos.cl/catalogo/vigente/toyota/rav4
TOYOTA,SUV,RAV4 LE,2.0,4X4,MT,2024,rav4 le,toyota,https://www.autocosmos.cl/catalogo/vigente/toyota/rav4
TOYOTA,SUV,RAV4 LIMITED HV,2.5,4X4,AT,2024,rav4 limited hv,toyota,https://www.autocosmos.cl/catalogo/vigente/toyota/rav4
TOYOTA,SUV,RAV4 XLE,2.0,4X2,AT,2024,rav4 xle,toyota,https://www.autocosmos.cl/catalogo/vigente/toyota/rav4
TOYOTA,SUV,RAV4 XLE HV,2.5,4X2,AT,2024,rav4 xle hv,toyota,https://www.autocosmos.cl/catalogo/vigente/toyota/rav4
TOYOTA,SUV,RAV4 XSE HV,2.5,4X2,AT,2024,rav4 xse hv,toyota,https://www.autocosmos.cl/catalogo/vigente/toyota/rav4
TOYOTA,SUV,YARIS CROSS XI,1.5,,AT,2024,yaris cross xi,toyota,https://www.autocosmos.cl/catalogo/vigente/toyota/yaris
