MARCA,MODELO,TIPO PRODUCTO
CHANGAN,HUNTER COMFORT 2.0T 4X2 MT 2024,CAMIONETA
CHANGAN,HUNTER COMFORT 2.0T 4X4 MT 2024,CAMIONETA
CHANGAN,HUNTER ELITE SPORT 2.0T 4X4 MT 2024,CAMIONETA
CHANGAN,HUNTER LUXURY 2.0T 4X2 MT 2024,CAMIONETA
CHANGAN,MD 301 AC ESP MT 2024,CAMIONETA
CHANGAN,MD201 MT 2024,CAMIONETA
CHANGAN,MD201 XL 1.5L MT 2024,CAMIONETA
CHANGAN,MS 201 MT 2024,CAMIONETA
CHANGAN,MS 301 PLUS AC ESP 2024,CAMIONETA
CHEVROLET,COLORADO HIGH COUNTRY 4X4 AT 2024,CAMIONETA
CHEVROLET,COLORADO LS 4X2 MT 2024,CAMIONETA
CHEVROLET,COLORADO LT 4X4 AT 2024,CAMIONETA
CHEVROLET,COLORADO LT 4X4 MT 2024,CAMIONETA
CHEVROLET,COLORADO LTZ 4X4 AT 2024,CAMIONETA
CHEVROLET,COLORADO Z71 4X4 AT 2024,CAMIONETA
CHEVROLET,MONTANA 1.2 T LT MT 2024,CAMIONETA
CHEVROLET,MONTANA 1.2 T LTZ AT 2024,CAMIONETA
CHEVROLET,MONTANA 1.2 T PREMIER AT 2024,CAMIONETA
CHEVROLET,MONTANA 1.2 T PREMIER MT 2024,CAMIONETA
CHEVROLET,MONTANA 1.2 T RS AT 2024,CAMIONETA
CHEVROLET,SILVERADO HC 3.0 TD 4X4 AT 2024,CAMIONETA
CHEVROLET,SILVERADO LT TRAIL BOSS Z71 5.3L V8 4X4 AT 2024,CAMIONETA
CHEVROLET,SILVERADO ZR2 6.2L V8 4X4 AT 2024,CAMIONETA
DFSK,D1 CONFORT 4X2 MT 2024,CAMIONETA
DFSK,D1 LUXURY 4X4 AT 2024,CAMIONETA
DFSK,D1 LUXURY 4X4 MT 2024,CAMIONETA
DONGFENG,DF 212 CS MT 2024,CAMIONETA
FORD,MAVERICK LARIAT FX4 HEV AT 2024,CAMIONETA
FORD,MAVERICK XLT 2.0 4X2 AT 2024,CAMIONETA
FORD,RANGER DSL LIMITED 3.0 4X4 AT 2024,CAMIONETA
FORD,RANGER DSL XL 2.0 4X2 MT 2024,CAMIONETA
FORD,RANGER DSL XL 2.0 4X4 MT 2024,CAMIONETA
FORD,RANGER DSL XLS 2.0 4X2 MT 2024,CAMIONETA
FORD,RANGER DSL XLS 2.0 4X4 MT 2024,CAMIONETA
FORD,RANGER DSL XLT 2.0 4X2 AT 2024,CAMIONETA
FORD,RANGER DSL XLT 2.0 4X4 AT 2024,CAMIONETA
FORD,RANGER DSL XLT 2.0 4X4 MT 2024,CAMIONETA
FOTON,G7 LITE 4X4 2024,CAMIONETA
FOTON,G7 ULTIMATE 4X2 2024,CAMIONETA
FOTON,G7 ULTIMATE 4X4 2024,CAMIONETA
GREAT WALL,POER 4X2 DELUXE 2024,CAMIONETA
GREAT WALL,POER 4X2 ELITE 2024,CAMIONETA
GREAT WALL,POER 4X2 ELITE PANT 2024,CAMIONETA
GREAT WALL,POER 4X4 DELUXE 2024,CAMIONETA
GREAT WALL,POER 4X4 ELITE 2024,CAMIONETA
GREAT WALL,POER 4X4 ELITE PANT 2024,CAMIONETA
GREAT WALL,POER PLUS 4X2 ELITE 2024,CAMIONETA
GREAT WALL,POER PLUS 4X4 DELUXE 2024,CAMIONETA
GREAT WALL,POER PLUS 4X4 ELITE 2024,CAMIONETA
GREAT WALL,WINGLE 7 4X2 ELITE 2024,CAMIONETA
GREAT WALL,WINGLE 7 4X4 ELITE PLUS 2024,CAMIONETA
JAC,T8 CE COMFORT 2.0T 4X2 MT 2024,CAMIONETA
JAC,T8 CE COMFORT 2.0T 4X4 MT 2024,CAMIONETA
JAC,T8 PRO ADVANCE 4X4 MT 2024,CAMIONETA
JAC,T8 PRO LUXURY 4X2 MT 2024,CAMIONETA
JAC,T8 PRO LUXURY 4X4 MT 2024,CAMIONETA
JAC,T8 XE ADVANCE 2.0T 4X2 MT 2024,CAMIONETA
JAC,T8 XE ADVANCE 2.0T 4X4 MT 2024,CAMIONETA
JMC,GRAND AVENUE 4X2 AT 2024,CAMIONETA
JMC,GRAND AVENUE 4X2 MT 2024,CAMIONETA
JMC,GRAND AVENUE 4X4 AT 2024,CAMIONETA
JMC,GRAND AVENUE 4X4 MT 2024,CAMIONETA
JMC,VIGUS EV AT 2024,CAMIONETA
JMC,VIGUS NEW PLUS 4X2 MT 2024,CAMIONETA
JMC,VIGUS NEW PLUS 4X4 MT 2024,CAMIONETA
JMC,VIGUS NEW WORK 4X2 MT 2024,CAMIONETA
JMC,VIGUS NEW WORK 4X4 MT 2024,CAMIONETA
JMC,VIGUS PRO 4X2 AT 2024,CAMIONETA
JMC,VIGUS PRO 4X4 AT 2024,CAMIONETA
KARRY,Q52 CD 1.6L MT 2024,CAMIONETA
KIA,FRONTIER C/C LX 2.5L AV AB MT 2024,CAMIONETA
KIA,FRONTIER C/C LX 2.5L AV MT 2024,CAMIONETA
KIA,FRONTIER D/C LX 2.5L AV AB MT 2024,CAMIONETA
KIA,FRONTIER P/UP LX 2.5L AV AB MT 2024,CAMIONETA
MAXUS,T60 ANCAP E6 4X4 MT 2024,CAMIONETA
MAXUS,T60 DX 4X2 MT 2024,CAMIONETA
MAXUS,T60 DX E6 4X2 MT 2024,CAMIONETA
MAXUS,T60 DX E6 4X4 MT 2024,CAMIONETA
MAXUS,T60 E6 GL 4X2 AT 2024,CAMIONETA
MAXUS,T60 E6 GL 4X2 MT 2024,CAMIONETA
MAXUS,T60 E6 GL 4X4 MT 2024,CAMIONETA
MAXUS,T60 E6 GLX 4X4 AT 2024,CAMIONETA
MAXUS,T60 SC DX E6 4X2 MT 2024,CAMIONETA
MAXUS,T60 SC DX E6 4X4 MT 2024,CAMIONETA
MAXUS,T90 E6 4X4 AT 2024,CAMIONETA
MAXUS,T90 E6 4X4 MT 2024,CAMIONETA
MAXUS,T90 EV 4X2 AT 2024,CAMIONETA
MAZDA,BT-50 CORE 4X4 AT 2024,CAMIONETA
MAZDA,BT-50 CORE 4X4 MT 2024,CAMIONETA
MAZDA,BT-50 HIGH 4X4 AT 2024,CAMIONETA
MAZDA,BT-50 HIGH PLUS 4X4 AT 2024,CAMIONETA
MITSUBISHI,L200 D/C TD DAKAR CRS 4X4 MT 2024,CAMIONETA
MITSUBISHI,L200 D/C TD KATANA CR 4X2 MT 2024,CAMIONETA
MITSUBISHI,L200 D/C TD KATANA CRT 4X4 MT 2024,CAMIONETA
MITSUBISHI,L200 D/C TD WORK CR 4X2 MT 2024,CAMIONETA
NISSAN,NAVARA DC P4X 2024,CAMIONETA
NISSAN,NAVARA DC PLATINUM 2.3D 4X4 AT 2024,CAMIONETA
NISSAN,NAVARA DC PLATINUM 2.3D 4X4 MT 2024,CAMIONETA
NISSAN,NAVARA DC SE 2.3D 4X2 MT 2024,CAMIONETA
NISSAN,NAVARA DC SE 2.3D 4X4 MT 2024,CAMIONETA
NISSAN,NAVARA DC XE 2.3D 4X2 MT 2024,CAMIONETA
NISSAN,NAVARA DC XE 2.3D 4X4 AT 2024,CAMIONETA
NISSAN,NAVARA DC XE 2.3D 4X4 MT 2024,CAMIONETA
PEUGEOT,LANDTREK ACTION4 BLUEHDI 180 4X4 AT 2024,CAMIONETA
PEUGEOT,LANDTREK ACTIVE BLUEHDI 180 4X2 MT 2024,CAMIONETA
PEUGEOT,LANDTREK ACTIVE BLUEHDI 180 4X4 AT 2024,CAMIONETA
PEUGEOT,LANDTREK ACTIVE BLUEHDI 180 4X4 MT 2024,CAMIONETA
RAM,1000 BIGHORN LX 1.8 AT 2024,CAMIONETA
RAM,1000 BIGHORN NIGHT EDITION 1.8 AT 2024,CAMIONETA
RAM,1000 REBEL 2.0 4X4 AT 2024,CAMIONETA
RAM,1500 CREW CAB BIGHORN 3.6L AT 2024,CAMIONETA
RAM,1500 CREW CAB LIMITED 5.7L AT 2024,CAMIONETA
RAM,1500 CREW CAB REBEL 5.7L AT 2024,CAMIONETA
RAM,700 BIGHORN CD 1.3 CVT AT 2024,CAMIONETA
RAM,700 BIGHORN CD 1.3L MT 2024,CAMIONETA
RAM,700 LARAMIE CD 1.3 CVT AT 2024,CAMIONETA
RAM,700 LARAMIE CD 1.3L MT 2024,CAMIONETA
RAM,700 LONGHORN CD 1.3 CVT AT 2024,CAMIONETA
RAM,700 SLT CS 1.3L MT 2024,CAMIONETA
RAM,700 SLT DC 1.3L MT 2024,CAMIONETA
RAM,RAMPAGE BIGHORN 2.0L AT 2024,CAMIONETA
RAM,RAMPAGE LARAMIE 2.0L AT 2024,CAMIONETA
RAM,RAMPAGE R/T 2.0L AT 2024,CAMIONETA
RENAULT,OROCH INTENS 1.3 TURBO 4X2 AT 2024,CAMIONETA
RENAULT,OROCH INTENS 1.3 TURBO 4X2 KIT AT 2024,CAMIONETA
RENAULT,OROCH INTENS 1.3 TURBO 4X4 KITMT 2024,CAMIONETA
RENAULT,OROCH INTENS 1.3 TURBO 4X4 MT 2024,CAMIONETA
RENAULT,OROCH ZEN 1.6L 4X2 MT 2024,CAMIONETA
SSANGYONG,MUSSO GLX 2.2TD 4X4 MT 2024,CAMIONETA
SSANGYONG,MUSSO GRAND GLX 2.2TD 4X2 AT 2024,CAMIONETA
SSANGYONG,MUSSO GRAND GLX 2.2TD 4X2 MT 2024,CAMIONETA
SSANGYONG,MUSSO GRAND GLX 2.2TD 4X4 MT 2024,CAMIONETA
SSANGYONG,MUSSO GRAND LIMITED 2.2TD 4X4 AT 2024,CAMIONETA
SSANGYONG,MUSSO GRAND LIMITED PLUS 2.2TD 4X4 AT 2024,CAMIONETA
SSANGYONG,MUSSO GRAND LX 2.2TD 4X2 MT 2024,CAMIONETA
SSANGYONG,MUSSO GRAND LX 2.2TD 4X4 MT 2024,CAMIONETA
SSANGYONG,MUSSO LIMITED 2.2TD 4X4 AT 2024,CAMIONETA
SSANGYONG,MUSSO LIMITED PLUS 2.2TD 4X4 AT 2024,CAMIONETA
TOYOTA,HILUX DX 2.4 4X2 MT 2024,CAMIONETA
TOYOTA,HILUX DX 2.4 4X4 MT 2024,CAMIONETA
TOYOTA,HILUX DX 2.8 4X4 MT 2024,CAMIONETA
TOYOTA,HILUX DX CS 2.8 4X4 MT 2024,CAMIONETA
TOYOTA,HILUX DX DC 2.4 4X2 MT 2024,CAMIONETA
TOYOTA,HILUX DX DC 2.4 4X4 MT 2024,CAMIONETA
TOYOTA,HILUX SR 2.4 4X2 MT 2024,CAMIONETA
TOYOTA,HILUX SR 2.4 4X4 MT 2024,CAMIONETA
TOYOTA,HILUX SR 2.7 4X2 MT 2024,CAMIONETA
TOYOTA,HILUX SR 2.8 4X4 MT 2024,CAMIONETA
TOYOTA,HILUX SR DC 2.4 4X2 MT 2024,CAMIONETA
TOYOTA,HILUX SR DC 2.4 4X4 MT 2024,CAMIONETA
TOYOTA,HILUX SRV 2.8 4X4 AT 2024,CAMIONETA
ZNA,R6 AT 2024,CAMIONETA
BAIC,EU5 EV 2024,SEDÁN
BYD,HAN EV 2024,SEDÁN
BYD,QIN PLUS DM 2024,SEDÁN
BYD,SEAL EV 2024,SEDÁN
CHANGAN,ALSVIN COMFORT 2024,SEDÁN
CHANGAN,ALSVIN ELITE AT 2024,SEDÁN
CHANGAN,ALSVIN LUXURY 2024,SEDÁN
CHEVROLET,ONIX 1.0 LT R 2024,SEDÁN
CHEVROLET,ONIX 1.0 LTZ P2 2024,SEDÁN
CHEVROLET,ONIX 1.0 PREMIER R 2024,SEDÁN
CHEVROLET,ONIX 1.2 LS P 2024,SEDÁN
CHEVROLET,SAIL NB 1.5L LT 2024,SEDÁN
CHEVROLET,SAIL NB 1.5L LTZ 2024,SEDÁN
CHEVROLET,SAIL NB 1.5L LTZ CVT 2024,SEDÁN
CITROEN,1.5 HDI 100 BVM6 C-ELYSEE FEEL PACK 2024,SEDÁN
CITROEN,C4 1.5 BLUEHDI 130 S&S EAT8 FEEL PACK 2024,SEDÁN
CITROEN,C4 1.5 BLUEHDI 130 S&S EAT8 SHINE 2024,SEDÁN
HYUNDAI,ACCENT BN7I 1.5 DESIGN 2024,SEDÁN
HYUNDAI,ACCENT BN7I 1.5 PLUS 2024,SEDÁN
HYUNDAI,GRAND I10 AI3 1.2 DESIGN FL 2024,SEDÁN
HYUNDAI,GRAND I10 AI3 1.2 PLUS FL 2024,SEDÁN
KIA,EV6 EV GT-LINE 77.4KWH AWD 2024,SEDÁN
KIA,SOLUTO EX 1.4L 5MT G SRF FULL 2024,SEDÁN
KIA,SOLUTO LX 1.4L 5MT G LL 2024,SEDÁN
MG,3 AT COM 2024,SEDÁN
MG,5 1.5L CVT COM 2024,SEDÁN
MG,5 1.5L CVT DLX 2024,SEDÁN
MG,5 1.5L MT COM 2024,SEDÁN
MG,5 1.5L MT DLX 2024,SEDÁN
MG,6 1.5T MT COM 2024,SEDÁN
MG,6 1.5T MT DLX 2024,SEDÁN
MG,GT 1.5L CVT COM 2WD 2024,SEDÁN
MG,GT 1.5L MT COM 2WD 2024,SEDÁN
MG,GT 1.5T DCT DLX 2024,SEDÁN
NISSAN,LEAF 2024,SEDÁN
NISSAN,SENTRA ADVANCE CVT 2024,SEDÁN
NISSAN,SENTRA ADVANCE MT 2024,SEDÁN
NISSAN,SENTRA EXCLUSIVE CVT 2024,SEDÁN
NISSAN,SENTRA SENSE MT 2024,SEDÁN
NISSAN,VERSA ADVANCE CVT 2024,SEDÁN
NISSAN,VERSA ADVANCE MT 2024,SEDÁN
NISSAN,VERSA EXCLUSIVE CVT 2024,SEDÁN
NISSAN,VERSA SENSE CVT 2024,SEDÁN
NISSAN,VERSA SENSE MT 2024,SEDÁN
TOYOTA,COROLLA SEG 1.8 HEV 2024,SEDÁN
TOYOTA,YARIS 1.5 I 2024,SEDÁN
BAIC,BJ40P DIESEL PREMIUM 4X4 2024,SUV
BAIC,BJ40P GASOLINA ELITE 4X2 2024,SUV
BAIC,BJ40P GASOLINA LUXURY 4X4 2024,SUV
BAIC,X35 1.5T CVT LUXURY 2024,SUV
BAIC,X35 1.5T MT COMFORT 2024,SUV
BAIC,X35 1.5T MT ELITE 2024,SUV
BAIC,X55 E6 1.5T MT COMFORT 2024,SUV
BAIC,X55 E6 1.5T MT ELITE 2024,SUV
BAIC,X55 PLUS COMFORT 2024,SUV
BAIC,X55 PLUS ELITE 2024,SUV
BAIC,X55 PLUS LUXURY 2024,SUV
BYD,SONG PLUS DM GL AT 2024,SUV
BYD,SONG PLUS DM GS AT 2024,SUV
BYD,YUAN PLUS EV GL AT 2024,SUV
BYD,YUAN PLUS EV GS AT 2024,SUV
CHANGAN,CS15 1.5L COMFORT MT 2024,SUV
CHANGAN,CS15 1.5L ELITE AT 2024,SUV
CHANGAN,CS15 1.5L ELITE MT 2024,SUV
CHANGAN,CS15 1.5L LUXURY MT 2024,SUV
CHANGAN,CS35 1.4L PLUS ELITE AT 2024,SUV
CHANGAN,CS35 1.4L PLUS LUX AT 2024,SUV
CHANGAN,CS35 1.6L PLUS COMFORT MT 2024,SUV
CHANGAN,CS35 1.6L PLUS LUXURY MT 2024,SUV
CHANGAN,CS55 1.5L COMFORT MT 2024,SUV
CHANGAN,CS55 1.5L LUXURY AT 2024,SUV
CHANGAN,CS55 1.5L LUXURY MT 2024,SUV
CHANGAN,CS55 1.5L PLUS ELITE AT 2024,SUV
CHANGAN,CS55 1.5L PLUS LUXURY AT 2024,SUV
CHERY,TIGGO 2 1.0L PRO GLX CVT AT 2024,SUV
CHERY,TIGGO 2 1.0L PRO GLX MT 2024,SUV
CHERY,TIGGO 2 1.5L GLS CVT AT 2024,SUV
CHERY,TIGGO 2 1.5L PRO GLS CVT AT 2024,SUV
CHERY,TIGGO 2 1.5L PRO GLS MT 2024,SUV
CHERY,TIGGO 3 1.5L PRO GLS CVT AT 2024,SUV
CHERY,TIGGO 3 1.5L PRO GLX CVT AT 2024,SUV
CHERY,TIGGO 3 1.5L PRO GLX MT 2024,SUV
CHERY,TIGGO 7 1.5L PRO GLS CVT AT 2024,SUV
CHERY,TIGGO 7 1.5L PRO GLX CVT AT 2024,SUV
CHERY,TIGGO 8 1.5L GLS MT 2024,SUV
CHERY,TIGGO 8 1.5L GLX DCT AT 2024,SUV
CHERY,TIGGO 8 1.6L PRO GLX DCT AT 2024,SUV
CHERY,TIGGO 8 1.6L PRO MAX GLX DCT AT 2024,SUV
CHERY,TIGGO 8 2.0L PRO MAX GLX AWD AT 2024,SUV
CHEVROLET,BLAZER 3.6L RS AWD AT 2024,SUV
CHEVROLET,BOLT EUV AT 2024,SUV
CHEVROLET,CAPTIVA 1.5L LTZ CVT P AT 2024,SUV
CHEVROLET,CAPTIVA 1.5L LTZ P MT 2024,SUV
CHEVROLET,CAPTIVA 1.5L PREMIER CVT P AT 2024,SUV
CHEVROLET,CAPTIVA 1.5L PREMIER P MT 2024,SUV
CHEVROLET,GROOVE 1.5L LTZ R MT 2024,SUV
CHEVROLET,GROOVE 1.5L PREMIER R MT 2024,SUV
CHEVROLET,SPIN 1.8L ACTIV 7P AT 2024,SUV
CHEVROLET,SPIN 1.8L PREMIER 7P MT 2024,SUV
CHEVROLET,SUBURBAN Z71 5.3L 4WD P AT 2024,SUV
CHEVROLET,TAHOE Z71 5.3L AT 4WD P AT 2024,SUV
CHEVROLET,TRACKER 1.2L LS R MT 2024,SUV
CHEVROLET,TRACKER 1.2L LTZ P MT 2024,SUV
CHEVROLET,TRACKER 1.2L LTZ R AT 2024,SUV
CHEVROLET,TRACKER 1.2L PREMIER P3 AT 2024,SUV
CHEVROLET,TRACKER 1.2L PREMIER P4 AT 2024,SUV
CHEVROLET,TRACKER 1.2L RS R AT 2024,SUV
CHEVROLET,TRAVERSE 3.6L LT AWD AT 2024,SUV
CHEVROLET,TRAVERSE 3.6L PREMIER AWD AT 2024,SUV
CHEVROLET,TRAVERSE 3.6L RS AWD AT 2024,SUV
CITROEN,C5 AIRCROSS 1.5L BLUEHDI 130 S&S FEEL AT 2024,SUV
CITROEN,C5 AIRCROSS 1.5L BLUEHDI 130 S&S FEEL PACK AT 2024,SUV
CITROEN,C5 AIRCROSS 1.5L BLUEHDI 130 S&S SHINE AT 2024,SUV
CITROEN,C5 AIRCROSS HYBRID 225 SHINE AT 2024,SUV
DFSK,SUV 500 1.5 COMFORT 2024,SUV
DFSK,SUV 500 1.5 LUXURY 2024,SUV
DFSK,SUV 500 1.5 LUXURY CVT 2024,SUV
DFSK,SUV 560 1.8 COMFORT 2R 2024,SUV
DFSK,SUV 560 1.8L COMFORT 2024,SUV
DFSK,SUV 600 COMFORT 1.5T AT 2024,SUV
DFSK,SUV 600 COMFORT 1.5T MT 2024,SUV
DFSK,SUV 600 LUXURY 1.5T AT 2024,SUV
EXEED,LX 1.5T CVT ADVANCED AT 2024,SUV
EXEED,LX 1.5T CVT UNLIMITED AT 2024,SUV
EXEED,LX 1.5T CVT UNLIMITED AWD AT 2024,SUV
EXEED,TXL 2.0T DCT UNLIMITED AT 2024,SUV
EXEED,TXL 2.0T DCT UNLIMITED AWD AT 2024,SUV
FIAT,FASTBACK AUDACE CVT 1.0L AT 2024,SUV
FIAT,FASTBACK DRIVE CVT 1.0L AT 2024,SUV
FIAT,FASTBACK IMPETUS CVT 1.0L AT 2024,SUV
FIAT,PULSE DRIVE CVT 1.3L AT 2024,SUV
FIAT,PULSE DRIVE MT 1.3L MT 2024,SUV
FIAT,PULSE IMPETUS 1.0L CVT AT 2024,SUV
FORD,ESCAPE PLATINUM 2.0L ECOBOOST AWD AT 2024,SUV
FORD,ESCAPE PLATINUM 2.5L HEV AWD AT 2024,SUV
FORD,ESCAPE ST LINE 2.5L FHEV AT 2024,SUV
FORD,TERRITORY TREND 1.5L 4X2 AT 2024,SUV
GAC,EMKOO 1.5T GDI GE AT 2024,SUV
GAC,EMKOO 1.5T GDI GL AT 2024,SUV
GAC,EMZOOM 1.5T GB AT 2024,SUV
GAC,EMZOOM 1.5T GL AT 2024,SUV
GAC,EMZOOM 1.5T GL R-STYLE AT 2024,SUV
GAC,GS3 POWER 1.5T AT GB AT 2024,SUV
GAC,GS3 POWER 1.5T AT GS AT 2024,SUV
GAC,GS3 POWER 1.5T MT GB MT 2024,SUV
GAC,GS3 POWER 1.5T MT GS MT 2024,SUV
GAC,GS4 POWER 1.5T AT GB AT 2024,SUV
GAC,GS4 POWER 1.5T AT GE AT 2024,SUV
GAC,GS4 POWER 1.5T AT GL AT 2024,SUV
GAC,GS4 POWER 1.5T MT GB MT 2024,SUV
GAC,GS8 2.0T AT GL 2WD AT 2024,SUV
GAC,GS8 2.0T AT GT 2WD AT 2024,SUV
GAC,GS8 2.0T AT GT 4WD AT 2024,SUV
GAC,GS8 2.0T AT GX 4WD AT 2024,SUV
HAVAL,H6 ACTIVE 2WD AT 2024,SUV
HAVAL,H6 DELUXE 2WD AT 2024,SUV
HAVAL,H6 DELUXE AWD AT 2024,SUV
HAVAL,H6 ELITE 2WD AT 2024,SUV
HAVAL,H6 GT DELUXE AWD AT 2024,SUV
HAVAL,H6 GT ELITE 2WD AT 2024,SUV
HAVAL,H6 HIBRIDA DELUXE 2WD AT 2024,SUV
HAVAL,H6 HIDRIDA ELITE 2WD AT 2024,SUV
HAVAL,JOLION ACTIVE MT 2024,SUV
HAVAL,JOLION DELUXE AT 2024,SUV
HAVAL,JOLION ELITE AT 2024,SUV
HAVAL,JOLION ELITE MT 2024,SUV
HAVAL,JOLION HIBRIDO DELUXE 2WD AT 2024,SUV
HAVAL,JOLION HIBRIDO ELITE 2WD AT 2024,SUV
HYUNDAI,CRETA GRAND SU2I 2.0 AT VALUE 2024,SUV
HYUNDAI,CRETA GRAND SU2I 2.0 MT PLUS 2024,SUV
HYUNDAI,CRETA SU2ID 1.5 CVT DESIGN 2024,SUV
HYUNDAI,CRETA SU2ID 1.5 CVT PLUS 2024,SUV
HYUNDAI,CRETA SU2ID 1.5 CVT PREMIUM 2024,SUV
HYUNDAI,CRETA SU2ID 1.5 GO MT 2024,SUV
HYUNDAI,CRETA SU2ID 1.5 MT DESIGN 2024,SUV
HYUNDAI,CRETA SU2ID 1.5 MT PLUS 2024,SUV
HYUNDAI,IONIQ 5 NE EV AWD LIMITED AT 2024,SUV
HYUNDAI,IONIQ 5 NE EV LIMITED AT 2024,SUV
HYUNDAI,IONIQ 5 NE EV PREMIUM AT 2024,SUV
HYUNDAI,KONA OS EV PREMIUM AT 2024,SUV
HYUNDAI,PALISADE LX2 3.5 AWD PREMIUM FL AT 2024,SUV
HYUNDAI,SANTA FE MX5 2.5 GDI AT DESIGN  2024,SUV
HYUNDAI,SANTA FE MX5 2.5 GDI AT PLUS  2024,SUV
HYUNDAI,SANTA FE MX5 2.5T GDI AT CALLIGRAPHY  2024,SUV
HYUNDAI,SANTA FE MX5 2.5T GDI AT LIMITED  2024,SUV
HYUNDAI,SANTA FE TM 2.5 VALUE FL AT 2024,SUV
HYUNDAI,TUCSON NX4 1.6 AT 4WD LIMITED  2024,SUV
HYUNDAI,TUCSON NX4 1.6 AT PLUS  2024,SUV
HYUNDAI,TUCSON NX4 1.6 HEV AT LIMITED  2024,SUV
HYUNDAI,TUCSON NX4 1.6 HEV AT VALUE  2024,SUV
HYUNDAI,TUCSON NX4 2.0 4WD AT PLUS  2024,SUV
HYUNDAI,TUCSON NX4 2.0 AT PLUS  2024,SUV
HYUNDAI,TUCSON NX4 2.0 AT VALUE  2024,SUV
HYUNDAI,TUCSON NX4 2.0 MT PLUS  2024,SUV
HYUNDAI,VENUE QX 1.6 AT VALUE  2024,SUV
HYUNDAI,VENUE QX 1.6 MT PLUS  2024,SUV
HYUNDAI,VENUE QX 1.6 MT VALUE  2024,SUV
JAC,JS2 COMFORT MT 2024,SUV
JAC,JS2 LUXURY CVT AT 2024,SUV
JAC,JS2 LUXURY MT 2024,SUV
JAC,JS3 SE LUXURY 1.6 MT 2024,SUV
JAC,JS3 XE ADVANCE 1.6 CVT AT 2024,SUV
JAC,JS3 XE ADVANCE 1.6 MT 2024,SUV
JAC,JS3 XE LUXURY 1.6 CVT AT 2024,SUV
JAC,JS4 ADVANCE 1.5T AT 2024,SUV
JAC,JS4 ADVANCE BICOLOR 1.5T AT 2024,SUV
JAC,JS4 COMFORT 1.6 MT 2024,SUV
JAC,JS4 COMFORT BICOLOR 1.6 MT 2024,SUV
JAC,JS4 LUXURY 1.5T CVT AT 2024,SUV
JAC,JS4 LUXURY 1.5T MT 2024,SUV
JAC,JS4 LUXURY BICOLOR 1.5T CVT AT 2024,SUV
JAC,JS4 LUXURY BICOLOR 1.5T MT 2024,SUV
JAC,JS6 ADVANCE DCT AT 2024,SUV
JAC,JS6 COMFORT DCT AT 2024,SUV
JAC,JS6 LUXURY DCT AT 2024,SUV
JAC,JS8 ADVANCE XE DCT AT 2024,SUV
JAC,JS8 COMFORT CE MT 2024,SUV
JAC,JS8 LUXURY SE DCT AT 2024,SUV
JAC,JS8 LUXURY SE MT 2024,SUV
JEEP,COMMANDER LIMITED 1.3 4X2 AT 2024,SUV
JEEP,COMMANDER LIMITED 2.0 4X4 AT 2024,SUV
JEEP,COMMANDER LIMITED 2.0 G 4X4 AT 2024,SUV
JEEP,COMMANDER OVERLAND 1.3 4X2 AT AT 2024,SUV
JEEP,COMMANDER OVERLAND 2.0 G 4X4 AT AT 2024,SUV
JEEP,COMPASS LIMITED 4X2 AT 2024,SUV
JEEP,COMPASS LONGITUDE 4X2 AT 2024,SUV
JEEP,COMPASS SPORT 4X2 AT 2024,SUV
JEEP,GRAND CHEROKEE L SUMMIT 3.6L 3ROW AT 2024,SUV
JEEP,RENEGADE LONGITUDE 1.3 AT 2024,SUV
JEEP,RENEGADE LONGITUDE X 1.3 AT 2024,SUV
JEEP,RENEGADE SPORT 1.3 AT 2024,SUV
JEEP,WRANGLER UNLIMITED RUBICON 3.6L AT 2024,SUV
JETOUR,DASHING 1.5L TURBO LUX MT 2024,SUV
JETOUR,DASHING 6DCT 1.5L TURBO LUX AT 2024,SUV
JETOUR,DASHING 7DCT 1.6L TURBO GDI LIMITED AT 2024,SUV
JETOUR,X70 1.5T LUX AT 2024,SUV
JETOUR,X70 1.5T LUX MT 2024,SUV
JETOUR,X70 1.5T STD AT 2024,SUV
JETOUR,X70 1.5T STD MT 2024,SUV
JETOUR,X70 PLUS 1.5T 6DCT AT 2024,SUV
JETOUR,X70 PLUS 1.6T 7DCT AT 2024,SUV
JETOUR,X90 PLUS 2.0T GDI 7DCT AT 2024,SUV
KAIYI,KYX3 5MT LUX MT 2024,SUV
KAIYI,KYX3 5MT STD MT 2024,SUV
KAIYI,KYX3 CVT LUX AT 2024,SUV
KAIYI,KYX3 PRO 1.5T CVT AT 2024,SUV
KIA,CARENS EX 1.4L 7DCT TURBO-GDI 7P 2024,SUV
KIA,CARENS EX 1.4L 7DCT TURBO-GDI FULL 7P 2024,SUV
KIA,CARENS LX 1.5L 6MT 7P 2024,SUV
KIA,NIRO EV EX 64.8KWH 2WD FULL 2024,SUV
KIA,NIRO EV LX 64.8KWH 2WD 2024,SUV
KIA,NIRO EV6 GT-LINE 77.4KWH AWD 2024,SUV
KIA,NIRO EV9 GT-LINE 99.8KWH AWD 6P1 2024,SUV
KIA,NIRO EV9 GT-LINE 99.8KWH AWD 6P2 2024,SUV
KIA,NIRO EV9 GT-LINE 99.8KWH AWD 6P3 2024,SUV
KIA,NIRO EV9 GT-LINE 99.8KWH AWD 7P 2024,SUV
KIA,SELTOS EX 1.4L 7DCT TURBO 2024,SUV
KIA,SELTOS EX 1.4L 7DCT TURBO FULL 2024,SUV
KIA,SELTOS EX 1.5L 6MT 2024,SUV
KIA,SELTOS EX 1.5L IVT 2024,SUV
KIA,SONET EX 1.5L 6MT AC RI 2024,SUV
KIA,SONET EX 1.5L 6MT RI FULL 2024,SUV
KIA,SONET EX 1.5L IVT ACC PLUS 2024,SUV
KIA,SONET EX 1.5L IVT FULL 2024,SUV
KIA,SONET EX 1.5L IVT IR FULL 2024,SUV
KIA,SORENTO EX 2.2L DSL 8DCT 2WD 2024,SUV
KIA,SORENTO EX 2.5L GSL 6AT 2WD 2024,SUV
KIA,SORENTO EX 2.5L GSL 6AT 2WD FULL 2024,SUV
KIA,SORENTO EX 2.5L GSL 6AT AWD FULL 2024,SUV
KIA,SPORTAGE EX 1.6L TURBO-GDI 7DCT GSL AWD 2024,SUV
KIA,SPORTAGE EX 2.0L 6AT GSL 2024,SUV
KIA,SPORTAGE EX 2.0L 6AT GSL BS 2024,SUV
KIA,SPORTAGE EX 2.0L 6MT GSL 2024,SUV
KIA,SPORTAGE EX 2.0L 8AT DSL AWD 2024,SUV
KIA,SPORTAGE EX 2.0L 8AT DSL BS 2024,SUV
KIA,SPROTAGE EX 2.0L 6AT GSL AWD 2024,SUV
KIA,SPROTAGE EX 2.0L 8AT DSL 2024,SUV
MAHINDRA,XUV300 MT COMFORT 2024,SUV
MAHINDRA,XUV300 MT ELITE 2024,SUV
MAHINDRA,XUV300 MT LUXURY 2024,SUV
MAXUS,D60 ELITE 7DCT 4X2 AT 2024,SUV
MAXUS,D60 LUXURY 7DCT 4X2 AT 2024,SUV
MAXUS,D90 ELITE 4X4 AT 2024,SUV
MAXUS,D90 FLAGSHIP 4X4 AT 2024,SUV
MAXUS,D90 LUXURY 4X4 AT 2024,SUV
MAXUS,EUNIQ 6 AT 2024,SUV
MAXUS,G90 ELITE AT 2024,SUV
MAXUS,G90 LUXURY AT 2024,SUV
MG,3 1.5 STD AT 2024,SUV
MG,HS 1.5T COM 2024,SUV
MG,HS 1.5T DCT DLX 2024,SUV
MG,HS 1.5T DCT TROPHY 2024,SUV
MG,MARVEL R DLX AT 2024,SUV
MG,MG ZS 1.5L COM AT 2024,SUV
MG,MG ZS 1.5L STD AT 2024,SUV
MG,ONE 1.5T CVT COM 2024,SUV
MG,ONE 1.5T CVT DLX 2024,SUV
MG,RX5 1.5T COM 2024,SUV
MG,RX5 1.5T DCT COM 2024,SUV
MG,RX5 1.5T DCT DLX 2024,SUV
MG,ZS 1.5L COM 2024,SUV
MG,ZS 1.5L STD 2024,SUV
MG,ZS EV DLX AT 2024,SUV
MG,ZX 1.3T AT 6 TROPHY 2024,SUV
MG,ZX 1.5L COM 2024,SUV
MG,ZX 1.5L CVT DLX 2024,SUV
MG,ZX 1.5L DLX 2024,SUV
MITSUBISHI,ASX 1.6L GL 4X2 MT 2024,SUV
MITSUBISHI,ASX 1.6L GLS 4X2 MT 2024,SUV
MITSUBISHI,ASX 2.0L GLS 4X2 AT 2024,SUV
MITSUBISHI,ECLIPSE CROSS RS 1.5 4X2 AT AT 2024,SUV
MITSUBISHI,ECLIPSE CROSS RX 1.5 4X2 AT AT 2024,SUV
MITSUBISHI,MONTERO SPORT 3.0 2WD AT 2024,SUV
MITSUBISHI,MONTERO SPORT 3.0 4WD AT 2024,SUV
MITSUBISHI,MONTERO SPORT 3.0 4WD LIMITED AT 2024,SUV
MITSUBISHI,OUTLANDER 4X2 GL 4X2 AT 2024,SUV
MITSUBISHI,OUTLANDER GLS 4X4 AT 2024,SUV
MITSUBISHI,OUTLANDER GLS LIMITED 4X4 AT 2024,SUV
MITSUBISHI,OUTLANDER GLX 4X2 AT 2024,SUV
MITSUBISHI,XPANDER CROSS AT 2024,SUV
MITSUBISHI,XPANDER GL MT 2024,SUV
MITSUBISHI,XPANDER GLX AT 2024,SUV
NISSAN,KICKS ADVANCE CVT 2024,SUV
NISSAN,KICKS ADVANCE MT 2024,SUV
NISSAN,KICKS EXCLUSIVE CVT 2024,SUV
NISSAN,KICKS SENSE MT 2024,SUV
NISSAN,PATHFINDER ADVANCE AT 2WD 2024,SUV
NISSAN,PATHFINDER ADVANCE AT 4WD 2024,SUV
NISSAN,PATHFINDER EXCLUSIVE AT 4WD 2024,SUV
NISSAN,PATHFINDER SENSE AT 2WD 2024,SUV
NISSAN,QASHQAI ADVANCE CVT 2024,SUV
NISSAN,QASHQAI ADVANCE CVT PLUS 2024,SUV
NISSAN,QASHQAI ADVANCE MT 2024,SUV
NISSAN,QASHQAI EXCLUSIVE CVT 4WD 2024,SUV
NISSAN,QASHQAI SENSE MT 2024,SUV
NISSAN,X-TRAIL ADVANCE 3 ROW AWD E-POWER 2024,SUV
NISSAN,X-TRAIL ADVANCE CVT 3ROW 2024,SUV
NISSAN,X-TRAIL EXCLUSIVE 3 ROW AWD E-POWER 2024,SUV
NISSAN,X-TRAIL EXCLUSIVE CVT 3ROW - AWD 2024,SUV
NISSAN,X-TRAIL SEMSE CVT 3ROW 2024,SUV
NISSAN,X-TRAIL SENSE CVT 2ROW 2024,SUV
OPEL,CROSSLAND EDITION 1.2T AT6 E6.4 2024,SUV
OPEL,CROSSLAND EDITION 1.2T MT6 2024,SUV
OPEL,GRANDLAND GRANDLAND GS 1.2T AT8 2024,SUV
OPEL,GRANDLAND GRANDLAND GS 1.2T MT6 2024,SUV
OPEL,GRANDLAND GRANDLAND GS 1.5TD AT8 2024,SUV
OPEL,GRANDLAND GRANDLAND ULTIMATE 1.2T AT8 2024,SUV
OPEL,MOKKA 1.2 ELEGANCE 130HP MT6 E6.4 2024,SUV
OPEL,MOKKA 1.2T ELEGANCE 130HP AT8 2024,SUV
OPEL,MOKKA 1.2T GS LINE 130HP AT8 2024,SUV
OPEL,MOKKA 1.5TD ELEGANCE 110HP MT6 2024,SUV
PEUGEOT,2008 1.2 ACTIVE PACK PURETECH 130HP 2024,SUV
PEUGEOT,2008 1.2 ALTURE PACK PURETECH 130HP 2024,SUV
PEUGEOT,2008 1.5 ALTURE PACK BLUEHDI 130HP EAT8 2024,SUV
PEUGEOT,2008 ELÉCTRICO 136HP 2024,SUV
PEUGEOT,3008 ACTIVE PACK 1.2 PURETECH 130HP 2024,SUV
PEUGEOT,3008 ALTURE 1.5 BLUEHDI 130HP EAT8 2024,SUV
PEUGEOT,3008 ALTURE PACK 1.6 THP 1650HP EAT6 2024,SUV
PEUGEOT,3008 GT 1.5 BLUEHDI 130HP EAT8 2024,SUV
PEUGEOT,3008 GT 1.6 PURETECH 180HP EAT8 2024,SUV
PEUGEOT,3008 HYBRID4 300 EEAT8 2024,SUV
PEUGEOT,5008 1.5 ALTURE BLUEHDI 130HP EAT8 2024,SUV
PEUGEOT,5008 1.5 GT BLUEHDI 130HP EAT8 2024,SUV
PEUGEOT,5008 1.6 ALTURETHP 165HP EAT6 2024,SUV
PEUGEOT,5008 1.6 GT PURETECH 180HP EAT8 2024,SUV
PEUGEOT,5008 GT BLACK PACK BLUEHDI 130 EAT8 2024,SUV
PEUGEOT,5008 GT BLACK PACK PURETECH 180 EAT8 2024,SUV
PEUGEOT,RIFTER ALURE BLUEHDI 100 MT 2024,SUV
PEUGEOT,RIFTER ALURE BLUEHDI 130 AT 2024,SUV
PEUGEOT,RIFTER ALURE PURETECH 130 AT 2024,SUV
SSANGYONG,KORANDO GLX 1.5T 6AT 2WD 6AB AT 2024,SUV
SSANGYONG,KORANDO GLX 1.5T 6MT 2WD 6AB MT 2024,SUV
SSANGYONG,KORANDO GLX 1.6TD 6AT 2WD 6AB AT 2024,SUV
SSANGYONG,KORANDO GLX 1.6TD 6MT 2WD 6AB MT 2024,SUV
SSANGYONG,KORANDO LIMITED 1.5T 6AT 2WD 6AB AT 2024,SUV
SSANGYONG,KORANDO LX 1.5T 6MT 2WD MT 2024,SUV
SSANGYONG,REXTON GLX 2.2TD 2WD 6AB AT 2024,SUV
SSANGYONG,REXTON GLX 2.2TD 2WD 6AB MT 2024,SUV
SSANGYONG,REXTON GLX 2.2TD 8AT 4WD 6AB AT 2024,SUV
SSANGYONG,REXTON LX 2.0T 6AT 4WD 6AB AT 2024,SUV
SSANGYONG,REXTON LX 2.0T 6MT 2WD 6AB MT 2024,SUV
SSANGYONG,REXTON LX 2.2TD 8AT 2WD 2AB AT 2024,SUV
SSANGYONG,REXTON LX 2.2TD 8AT 2WD 2AB MT 2024,SUV
SSANGYONG,TIVOLI GLX 1.6 6MT 2WD MT 2024,SUV
SSANGYONG,TIVOLI LIMITED 1.6 6AT 2WD 6 AB AT 2024,SUV
SSANGYONG,TIVOLI LX 1.6 6MT 2WD MT 2024,SUV
SSANGYONG,TORRES GLX 1.5T 2WD AT 2024,SUV
SSANGYONG,TORRES GLX 1.5T 2WD MT 2024,SUV
SSANGYONG,TORRES GLX 1.5T 4WD AT 2024,SUV
SSANGYONG,TORRES LIMITED PLUS 1.5T 4WD BITONO AT 2024,SUV
SSANGYONG,TORRES LIMITED PLUS 1.5T 4WD SUNROOF AT 2024,SUV
SUBARU,CROSSTREK 2.0I AWD CVT AT 2024,SUV
SUBARU,CROSSTREK 2.0I AWD CVT DYNAMIC EYESIGH AT 2024,SUV
SUBARU,CROSSTREK 2.0I AWD CVT TOURING EYESIGH AT 2024,SUV
TOYOTA,4RUNNER LIMITED 4X4 AT 2024,SUV
TOYOTA,4RUNNER SR5 4X2 AT 2024,SUV
TOYOTA,4RUNNER SR5 4X4 AT 2024,SUV
TOYOTA,COROLLA CROSS HEV SEG 1.8 HEV AT 2024,SUV
TOYOTA,COROLLA CROSS HEV XEI 1.8 HEV AT 2024,SUV
TOYOTA,FORTUNER SR5 4X2 2.7L AT 2024,SUV
TOYOTA,FORTUNER SR5 4X4 TDI 2.8 AT 2024,SUV
TOYOTA,FORTUNER SR5 4X4 TDI 2.8 MT 2024,SUV
TOYOTA,FORTUNER SRX 4X4 TDI 2.8 AT 2024,SUV
TOYOTA,RAIZE 1.2 CVT GAS E MT 2024,SUV
TOYOTA,RAIZE 1.2 MT GAS MT 2024,SUV
TOYOTA,RAV4 LE 2.0 4X2 CVT AT 2024,SUV
TOYOTA,RAV4 LE 2.0 4X2 MT 2024,SUV
TOYOTA,RAV4 LE 2.0 4X4 MT 2024,SUV
TOYOTA,RAV4 LIMITED 2.5 HV CVT 4X4 AT 2024,SUV
TOYOTA,RAV4 XLE 2.0 4X2 CVT AT 2024,SUV
TOYOTA,RAV4 XLE 2.5 4X2 CVT HV AT 2024,SUV
TOYOTA,RAV4 XSE 2.5 4X2 CVT HV AT 2024,SUV
TOYOTA,YARIS CROSS XI 1.5 AT 2024,SUV
CITROEN,SPACETOURER BLUEHDI 150 S&S BVM6 BUSINESS TALLA XL 2024,MINIBUS
HYUNDAI,STARIA MB 2.2 CEDI 11P 2024,MINIBUS
HYUNDAI,STARIA MB 2.2 CRDI 4WD 9P LUXURY 2024,MINIBUS
HYUNDAI,STARIA MB 2.2 CRDI 9P 2024,MINIBUS
JAC,SUNRAY 13+1 MT 2024,MINIBUS
JAC,SUNRAY 14+1 MT 2024,MINIBUS
JAC,SUNRAY 16+1 MT 2024,MINIBUS
JAC,SUNRAY 17+1 MT 2024,MINIBUS
MAXUS,G10 MINIBUS 6+1 E6 2024,MINIBUS
MAXUS,G10 MINIBUS 9+1 E6 2024,MINIBUS
MAXUS,G90 MINIBUS ELITE 6+1 2024,MINIBUS
MAXUS,G90 MINIBUS LUXURY 6+1 2024,MINIBUS
MAXUS,MIFA 9 90 KWH LUXURY 2024,MINIBUS
PEUGEOT,TRAVELLER BUSINESS L3 8P BLUEHDI 180 EAT8 2024,MINIBUS
PEUGEOT,TRAVELLER BUSINESS L3 9P BLUEHDI 145 2024,MINIBUS
TOYOTA,HIACE TURISMO L1H1 MT 2024,MINIBUS
CHANGAN,M 201 CARGO 2024,FURGÓN
CHANGAN,M 201 CARGO AC 2024,FURGÓN
CHEVROLET,N 400 MAX 1.5 L AC P MT 2024,FURGÓN
CHEVROLET,N 400 MAX 1.5 L P MT 2024,FURGÓN
CITROEN,BERLINGO CARGO 1.6 HDI 92 BVM5 M 2024,FURGÓN
CITROEN,BERLINGO CARGO 1.6 HDI 92 BVM5 XL 2024,FURGÓN
CITROEN,JUMPER CARGO L2H2 BLUEHDI 165 S&S BVM6 2024,FURGÓN
CITROEN,JUMPER CARGO L3H2 BLUEHDI 165 S&S BVM6 2024,FURGÓN
CITROEN,JUMPER CARGO L4H2 BLUEHDI 165 S&S BVM6 2024,FURGÓN
CITROEN,JUMPY CARGO BLUEHDI 150 S&S BVM6 XL 2024,FURGÓN
FARIZON,V6E AT 2024,FURGÓN
FIAT,DUCATO MAXI CARGO L1 H1 MT 2024,FURGÓN
KYC,V3 CARGO VAN MT 2024,FURGÓN
KYC,V5 CARGO VAN MT 2024,FURGÓN
MAXUS,DELIVER 9 CARGO L2H2 2024,FURGÓN
MAXUS,EDELIVER 9 L2H2 2024,FURGÓN
MAXUS,EDELIVER 9 L3H2 2024,FURGÓN
MAXUS,G10 CARGO 2024,FURGÓN
OPEL,COMBO 1.5 TD MT 2024,FURGÓN
OPEL,MOVANO CARGO VAN L2H2 MT 2024,FURGÓN
OPEL,VIVARO 2.0 TD MT 2024,FURGÓN
PEUGEOT,BOXER FURGÓN D/C L4H2 BLUEHDI 165 2024,FURGÓN
PEUGEOT,BOXER FURGÓN L2H2 BLUEHDI 165 MT 2024,FURGÓN
PEUGEOT,BOXER FURGÓN L3H2 BLUEHDI 165 MT 2024,FURGÓN
PEUGEOT,BOXER FURGÓN L4H2 BLUEHDI 165 MT 2024,FURGÓN
PEUGEOT,EXPERT L3 BLUEHDI 145 MT 2024,FURGÓN
PEUGEOT,PARTNER L1 BLUEHDI 100 MT 2024,FURGÓN
PEUGEOT,PARTNER L1 EV AT 2024,FURGÓN
PEUGEOT,PARTNER L2 BLUEHDI 100 MT 2024,FURGÓN
PEUGEOT,TRAVELLER ACTIVE L3 8P BLUEHDI 180 EAT8 AT 2024,FURGÓN
PEUGEOT,TRAVELLER BUSINESS L3 9P BLUEHDI 145 MT 2024,FURGÓN
RAM,V 700 CITY 1.3L 2024,FURGÓN
RAM,V1000 CORTO 1.3L 2024,FURGÓN
RAM,V700 RAPID 1.4L 2024,FURGÓN
TOYOTA,HIACE CARGO L1H1 2024,FURGÓN
