ID,Codigo,Link,Nombre,Descripcion/Obervaciones,Tipo,ProcedenciaOC,EsTratoDirecto,EsCompraAgil,CodigoTipo,CodigoAbreviadoTipoOC,DescripcionTipoOC,codigoEstado,Estado,codigoEstadoProveedor,EstadoProveedor,FechaCreacion,FechaEnvio,FechaSolicitudCancelacion,fechaUltimaModificacion,FechaAceptacion,FechaCancelacion,tieneItems,PromedioCalificacion,CantidadEvaluacion,MontoTotalOC,TipoMonedaOC,MontoTotalOC_PesosChilenos,Impuestos,TipoImpuesto,Descuentos,Cargos,TotalNetoOC,CodigoUnidadCompra,RutUnidadCompra,UnidadCompra,CodigoOrganismoPublico,OrganismoPublico,sector,ActividadComprador,CiudadUnidadCompra,RegionUnidadCompra,PaisUnidadCompra,CodigoSucursal,RutSucursal,Sucursal,CodigoProveedor,NombreProveedor,ActividadProveedor,ComunaProveedor,RegionProveedor,PaisProveedor,Financiamiento,PorcentajeIva,Pais,TipoDespacho,FormaPago,CodigoLicitacion,Codigo_ConvenioMarco,IDItem,codigoCategoria,Categoria,codigoProductoONU,NombreroductoGenerico,RubroN1,RubroN2,RubroN3,EspecificacionComprador,EspecificacionProveedor,cantidad,UnidadMedida,monedaItem,precioNeto,totalCargos,totalDescuentos,totalImpuestos,totalLineaNeto,Forma de Pago,Year,Month
47361047,2483-1516-CM22,http://www.mercadopublico.cl/PurchaseOrder/Modules/PO/DetailsPurchaseOrder.aspx?codigoOC=2483-1516-CM22,Orden de Compra generada por la Gran Compra: 66431,"GRAN COMPRA ""ADQUISICIÓN DE 10 CAMIONETAS PARA LA DIRECCIÓN DE SEGURIDAD PÚBLICA Y COMUNITARIA""
Decreto Alcaldicio E. N°258, Aprueba Acuerdo Complementario de Gran Compra
ENVIAR FACTURA: facturacionmunicipal@quilicura.cl
",CM,Proveniente de convenio marco,No,No,9,CM,Convenio Marco,6,Aceptada,4,Aceptada,2022-12-29,2023-01-30,2023-01-30,2023-01-30,2023-02-01,,1,5,1,142942800,CLP,142942800,22822800,IVA,0,0,120120000,3475,69.071.300-4,DEPARTAMENTO COMPRAS PÚBLICAS,88313,I MUNICIPALIDAD DE QUILICURA,Municipalidades,GOBIERNO CENTRAL| MUNICIPALIDADES,Quilicura,Región Metropolitana de Santiago,CL,772552.0,76.245.828-4,PORSCHE CHILE SPA,1370525.0,PORSCHE CHILE SPA.,DISTRIBUCION DE VEHÍCULOS AUTOMOTORES Y REPUESTOS,Las Condes,Región Metropolitana de Santiago,Chile,.,19,CL,7,2.0,,2239-5-LR21,126296932,25101500.0,Vehículos y equipamiento en general / Vehículos motorizados / Vehículos para pasajeros,25101507.0,SUV o todo terrenos,Vehículos y equipamiento en general,Vehículos motorizados,Vehículos para pasajeros,(1848003) CAMIONETA VOLKSWAGEN SAVEIRO DOBLE CABINA MACROZONA METROPOLITANA 2022 1848003,"(1848003) CAMIONETA VOLKSWAGEN SAVEIRO DOBLE CABINA MACROZONA METROPOLITANA 2022; Código:  ;Región : RM
",10,,CLP,12012000.0,0,0,0.0,120120000,30 dias contra la recepcion conforme de la factura,2023,1
47355494,2369-101-CM22,http://www.mercadopublico.cl/PurchaseOrder/Modules/PO/DetailsPurchaseOrder.aspx?codigoOC=2369-101-CM22,GC 66880 Adquisición de camionetas DIPRESEH,"CONVENIO MARCO ID 2239-5-LR21
DECRETO 2152 APRUEBA ACUERDO COMPLEMENTARIO ",CM,Proveniente de convenio marco,No,No,9,CM,Convenio Marco,6,Aceptada,4,Aceptada,2022-12-29,2023-02-27,2023-02-27,2023-04-11,2023-02-28,,1,4,19,"132466135,2",CLP,"132466135,2","21150055,2",IVA,0,0,111316080,3361,69.010.100-9,SECRETARIA COMUNAL DE PLANIFICACIÓN,86624,I MUNICIPALIDAD DE ARICA,Municipalidades,GOBIERNO CENTRAL Y ADMINISTRACION PUBLICA,Arica,Región de Arica y Parinacota,CL,26569.0,91.502.000-3,Salinas y Fabres S.A.,26778.0,SALINAS Y FABRES SOCIEDAD ANONIMA,VENTA AL POR MAYOR DE VEHICULOS AUTOMOTORES (IMPOR,Santiago,Región Metropolitana de Santiago,Chile,"29.03 ""vehículos""",19,CL,7,2.0,,2239-5-LR21,126281646,25101500.0,Vehículos y equipamiento en general / Vehículos motorizados / Vehículos para pasajeros,25101507.0,SUV o todo terrenos,Vehículos y equipamiento en general,Vehículos motorizados,Vehículos para pasajeros,(1848049) CAMIONETA NISSAN NAVARA DC SE 2.3D MT 4WD MACROZONA NORTE 2022 1848049,"(1848049) CAMIONETA NISSAN NAVARA DC SE 2.3D MT 4WD MACROZONA NORTE 2022; Código:  ;Región : XV
",4,,CLP,27829020.0,0,0,0.0,111316080,30 dias contra la recepcion conforme de la factura,2023,2
47605412,4372-9-SE23,http://www.mercadopublico.cl/PurchaseOrder/Modules/PO/DetailsPurchaseOrder.aspx?codigoOC=4372-9-SE23,Adquisición vehículo DIDECO Cauquenes,"Consiste en la compra de una camioneta Maxus T60Dx 4x4 año 2023, de acuerdo a solicitud de la Dirección de Desarrollo Comunitario de la comuna.",SE,Proveniente de convenio marco,No,No,8,SE,Sin emisión automática,6,Aceptada,4,Aceptada,2023-02-15,2023-02-20,2023-02-20,2023-02-20,2023-02-21,,1,5,3,21181286,CLP,21181286,3381886,IVA,0,0.0,17799400,5288,69.120.400-6,Secpla,7351,I MUNICIPALIDAD DE CAUQUENES,Municipalidades,ACTIVIDADES DE OTRAS ASOCIACIONES N.C.P.,Cauquenes,Región del Maule ,CL,197000.0,86.519.000-K,MARITANO Y EBENSPERGER LTDA,61164.0,Maritano y Ebensperger Ltda.,VENTA O COMPRAVENTA AL POR MENOR DE VEHICULOS AUTO,Concepción,Región del Biobío ,Chile,2152903000,19,CL,12,2.0,,,126992347,25101500.0,Vehículos y equipamiento en general / Vehículos motorizados / Vehículos para pasajeros,25101507.0,Camiones ligeros o vehículos de deporte de utilida,Vehículos y equipamiento en general,Vehículos motorizados,Vehículos para pasajeros,"Adquisición de camioneta Maxus T60 2.8L DX 4x4 2023, de acuerdo a condiciones y especificaciones técnicas de convenio marco ID 1929053 y con entrega en cruce cercano a Cauquenes.","cotización N°1001213039-2
",1,Unidad,CLP,17799400.0,0,0,0.0,17799400,30 dias contra la recepcion conforme de la factura,2023,2
47608466,4372-11-SE23,http://www.mercadopublico.cl/PurchaseOrder/Modules/PO/DetailsPurchaseOrder.aspx?codigoOC=4372-11-SE23,Adquisición vehículo Seguridad Pública Cauquenes,"Consiste en la adquisición  de una camioneta para la Dirección de Seguridad Pública, marca Maxus T60 2.8L DX 4x4 2023, de acuerdo a especificaciones y condiciones de convenio marco ID 1929053.",SE,Proveniente de convenio marco,No,No,8,SE,Sin emisión automática,6,Aceptada,4,Aceptada,2023-02-15,2023-02-23,2023-02-23,2023-02-23,2023-03-07,,1,"4,56",5,"21203318,85",CLP,"21203318,85","3385403,85",IVA,0,0,17817915,5288,69.120.400-6,Secpla,7351,I MUNICIPALIDAD DE CAUQUENES,Municipalidades,ACTIVIDADES DE OTRAS ASOCIACIONES N.C.P.,Cauquenes,Región del Maule ,CL,32639.0,79.853.470-K,SALAZAR ISRAEL,32414.0,AUTOMOTRIZ CORDILLERA S.A.,VENTA AL POR MAYOR DE VEHICULOS AUTOMOTORES (IMPOR,Concepción,Región del Biobío ,Chile,2152903,19,CL,12,2.0,,,127001991,25101500.0,Vehículos y equipamiento en general / Vehículos motorizados / Vehículos para pasajeros,25101507.0,Camiones ligeros o vehículos de deporte de utilida,Vehículos y equipamiento en general,Vehículos motorizados,Vehículos para pasajeros,Camioneta Maxus T60 2.8L DX 4x4 2023 de acuerdo a especificaciones y condiciones de convenio marco.,"oferta económica y comercia de la empresa Automotriz Cordillera S.A, la que incluye inscripción y placa patente del vehículo.",1,Unidad,CLP,17817915.0,0,0,0.0,17817915,30 dias contra la recepcion conforme de la factura,2023,2
47635451,3959-39-SE23,http://www.mercadopublico.cl/PurchaseOrder/Modules/PO/DetailsPurchaseOrder.aspx?codigoOC=3959-39-SE23,REPARACION Y MANTENCION AMBULANCIAS AREA SALUD ,"REPARACION Y MANTENCION DE  DOS AMBULANCIAS DEL AREA SALUD MUNICIPAL

ID COMPROMISO 215-22-04-011 - 215-22-06-002",SE,Proveniente de convenio marco,No,No,8,SE,Sin emisión automática,6,Aceptada,4,Aceptada,2023-02-21,2023-02-23,2023-02-21,2023-02-23,2023-02-23,,1,4,44,"14856177,77",CLP,"14856177,77","2371994,77",IVA,0,0,12484183,4879,69.073.800-7,Unidad de Salud,118625,I MUNICIPALIDAD DE NAVIDAD,Municipalidades,HOTELES| ESTACIONAMIENTO DE VEHICULOS Y PARQUIMETROS| GOBIERNO CENTRAL,Navidad,Región del Libertador General Bernardo O´Higgins,CL,168145.0,92.475.000-6,KAUFMANN S.A - SUC. PLACILLA,26855.0,KAUFMANN S A VEHICULOS MOTORIZADOS,VENTA AL POR MAYOR DE VEHICULOS AUTOMOTORES (IMPOR,Algarrobo,Región de Valparaíso ,Chile,215-22-04-011,19,CL,22,2.0,,,127085044,25101700.0,Vehículos y equipamiento en general / Vehículos motorizados / Vehículos de emergencia,25101703.0,Ambulancias,Vehículos y equipamiento en general,Vehículos motorizados,Vehículos de emergencia,"REPARACION Y MANTENCION DE AMBULANCIA MERCEDES BENZ SPRINTER 314, SEGUN COTIZACION N° 0101843605",KAUFFMAN S.A,1,Unidad no definida,CLP,11921146.0,0,0,0.0,11921146,30 dias contra la recepcion conforme de la factura,2023,2
47635451,3959-39-SE23,http://www.mercadopublico.cl/PurchaseOrder/Modules/PO/DetailsPurchaseOrder.aspx?codigoOC=3959-39-SE23,REPARACION Y MANTENCION AMBULANCIAS AREA SALUD ,"REPARACION Y MANTENCION DE  DOS AMBULANCIAS DEL AREA SALUD MUNICIPAL

ID COMPROMISO 215-22-04-011 - 215-22-06-002",SE,Proveniente de convenio marco,No,No,8,SE,Sin emisión automática,6,Aceptada,4,Aceptada,2023-02-21,2023-02-23,2023-02-21,2023-02-23,2023-02-23,,1,4,44,"14856177,77",CLP,"14856177,77","2371994,77",IVA,0,0,12484183,4879,69.073.800-7,Unidad de Salud,118625,I MUNICIPALIDAD DE NAVIDAD,Municipalidades,HOTELES| ESTACIONAMIENTO DE VEHICULOS Y PARQUIMETROS| GOBIERNO CENTRAL,Navidad,Región del Libertador General Bernardo O´Higgins,CL,168145.0,92.475.000-6,KAUFMANN S.A - SUC. PLACILLA,26855.0,KAUFMANN S A VEHICULOS MOTORIZADOS,VENTA AL POR MAYOR DE VEHICULOS AUTOMOTORES (IMPOR,Algarrobo,Región de Valparaíso ,Chile,215-22-04-011,19,CL,22,2.0,,,127085043,25101700.0,Vehículos y equipamiento en general / Vehículos motorizados / Vehículos de emergencia,25101703.0,Ambulancias,Vehículos y equipamiento en general,Vehículos motorizados,Vehículos de emergencia,REPARACION Y MANTENCION Y AMBULANCIA SPRINTER MERCEDES BENZ 314 SEGUN COTIZACION N° 0101843766,KAUFFMAN S.A,1,Unidad no definida,CLP,563037.0,0,0,0.0,563037,30 dias contra la recepcion conforme de la factura,2023,2
47794736,2341-183-CM23,http://www.mercadopublico.cl/PurchaseOrder/Modules/PO/DetailsPurchaseOrder.aspx?codigoOC=2341-183-CM23,Orden de Compra generada por la Gran Compra: 67579,"SP 1 DIRECCIÓN DE SEGURIDAD PUBLICA 
ADQ 369
CONTACTO MARCELA MORENO
FONO 229270751
CORREO CONTACTO  marcelamoreno@sanbernardo.cl

ENVIAR FACTURA AL CORREO  facturasadquisiciones@sanbernardo.cl
",CM,Proveniente de convenio marco,No,No,9,CM,Convenio Marco,6,Aceptada,4,Aceptada,2023-03-21,2023-03-21,2023-03-21,2023-03-21,2023-03-21,,1,"4,93333333333333",3,173609100,CLP,173609100,27719100,IVA,0,0,145890000,3334,69.072.700-5,OFICINA DE ADQUISICIONES,86548,I MUNICIPALIDAD DE SAN BERNARDO,Municipalidades,GOBIERNO CENTRAL,San Bernardo,Región Metropolitana de Santiago,CL,27324.0,96.642.160-6,PIAMONTE S.A.,27411.0,PIAMONTE S A,CULTIVO DE UVA DESTINADA A PRODUCCION DE VINO| VEN,Ñuñoa,Región Metropolitana de Santiago,Chile,OB/C 98-1001,19,CL,12,2.0,,2239-5-LR21,127575052,25101500.0,Vehículos y equipamiento en general / Vehículos motorizados / Vehículos para pasajeros,25101507.0,SUV o todo terrenos,Vehículos y equipamiento en general,Vehículos motorizados,Vehículos para pasajeros,(1929036) CAMIONETA JMC VIGUS WORK 2.5L 4X4 MACROZONA METROPOLITANA 2023 1929036,"(1929036) CAMIONETA JMC VIGUS WORK 2.5L 4X4 MACROZONA METROPOLITANA 2023; Código:  ;Región : RM
",10,,CLP,14589000.0,0.0,0,0.0,145890000,30 dias contra la recepcion conforme de la factura,2023,3
47825410,609-133-CM23,http://www.mercadopublico.cl/PurchaseOrder/Modules/PO/DetailsPurchaseOrder.aspx?codigoOC=609-133-CM23,Adquisición de camionetas - Orden de Compra generada por la Gran Compra: 67521,"ACUERDO COMPLEMENTARIO POR LA ADQUISICIÓN DE 9 CAMIONETAS
PARA TRABAJO EN TERRENO DEL INSTITUTO DE DESARROLLO
AGROPECUARIO, EFECTUADA BAJO EL PROCESO DE GRANDES COMPRAS
DE CONVENIO MARCO.",CM,Proveniente de convenio marco,No,No,9,CM,Convenio Marco,12,Recepcion Conforme,7,Recepcion Conforme,2023-03-27,2023-03-27,2023-03-27,2023-03-27,2023-03-27,,1,"4,93333333333333",3,251138790,CLP,251138790,40097790,IVA,0,0,211041000,1605,61.307.000-1,Instituto de Desarrollo Agropecuario - INDAP,6937,INSTITUTO DE DESARROLLO AGROPECUARIO,"Gob. Central, Universidades",INVESTIGACIONES Y DESARROLLO EXPERIMENTAL - CS SOC,Santiago,Región Metropolitana de Santiago,CL,27324.0,96.642.160-6,PIAMONTE S.A.,27411.0,PIAMONTE S A,CULTIVO DE UVA DESTINADA A PRODUCCION DE VINO| VEN,Ñuñoa,Región Metropolitana de Santiago,Chile,551,19,CL,7,2.0,,2239-5-LR21,127669536,25101500.0,Vehículos y equipamiento en general / Vehículos motorizados / Vehículos para pasajeros,25101507.0,SUV o todo terrenos,Vehículos y equipamiento en general,Vehículos motorizados,Vehículos para pasajeros,(1929987) CAMIONETA MITSUBISHI L200 KATANA CRT 2.4L 4X4 MACROZONA METROPOLITANA 2023 1929987,"(1929987) CAMIONETA MITSUBISHI L200 KATANA CRT 2.4L 4X4 MACROZONA METROPOLITANA 2023; Código:  ;Región : RM
",9,,CLP,23449000.0,0.0,0,0.0,211041000,30 dias contra la recepcion conforme de la factura,2023,3
47862231,3243-25-CM23,http://www.mercadopublico.cl/PurchaseOrder/Modules/PO/DetailsPurchaseOrder.aspx?codigoOC=3243-25-CM23,Orden de Compra generada por la Gran Compra: 67693,"ADQUISICIÓN DE 03 CAMIONETAS 4X4, MUNICIPALIDAD DE SANTO DOMINGO",CM,Proveniente de convenio marco,No,No,9,CM,Convenio Marco,12,Recepcion Conforme,7,Recepcion Conforme,2023-03-31,2023-04-25,2023-04-25,2023-04-25,2023-04-26,,1,5,3,"95011201,74",CLP,"95011201,74","15169855,74",IVA,0,0,79841346,4164,69.073.500-8,Departamento Secpla,113981,I MUNICIPALIDAD DE SANTO DOMINGO,Municipalidades,,Santo Domingo,Región de Valparaíso ,CL,62896.0,86.519.000-K,Maritano y Ebensperger Ltda.,61164.0,Maritano y Ebensperger Ltda.,VENTA O COMPRAVENTA AL POR MENOR DE VEHICULOS AUTO,Concepción,Región del Biobío ,Chile,215-29-03-000-000-000,19,CL,22,2.0,,2239-5-LR21,127784337,25101500.0,Vehículos y equipamiento en general / Vehículos motorizados / Vehículos para pasajeros,25101507.0,SUV o todo terrenos,Vehículos y equipamiento en general,Vehículos motorizados,Vehículos para pasajeros,(1929215) CAMIONETA TOYOTA HILUX 2.4L DX CD 4X4 MACROZONA CENTRO 2023 1929215,"(1929215) CAMIONETA TOYOTA HILUX 2.4L DX CD 4X4 MACROZONA CENTRO 2023; Código:  ;Región : V
",3,,CLP,26613782.0,0,0,0.0,79841346,30 dias contra la recepcion conforme de la factura,2023,4
48003655,1715-54-CM23,http://www.mercadopublico.cl/PurchaseOrder/Modules/PO/DetailsPurchaseOrder.aspx?codigoOC=1715-54-CM23,Orden de Compra generada por la Gran Compra: 67731,Adquisición de tres camionetas bajo la modalidad de grandes compras de convenio marco.,CM,Proveniente de convenio marco,No,No,9,CM,Convenio Marco,6,Aceptada,4,Aceptada,2023-04-24,2023-04-25,2023-04-25,2023-04-25,2023-05-03,,1,"4,56",5,"91029245,16",CLP,"91029245,16","14534081,16",IVA,0,0,76495164,2711,70.816.700-2,Corp. de Asistencia Judicial Región del Bío-Bío,7354,CORPORACION DE ASISTENCIA JUDICIAL DE LA REGION DEL BIO BIO,"Gob. Central, Universidades",,Concepción,Región del Biobío ,CL,32639.0,79.853.470-K,SALAZAR ISRAEL,32414.0,AUTOMOTRIZ CORDILLERA S.A.,VENTA AL POR MAYOR DE VEHICULOS AUTOMOTORES (IMPOR,Concepción,Región del Biobío ,Chile,1,19,CL,7,2.0,,2239-5-LR21,128211989,25101500.0,Vehículos y equipamiento en general / Vehículos motorizados / Vehículos para pasajeros,25101507.0,SUV o todo terrenos,Vehículos y equipamiento en general,Vehículos motorizados,Vehículos para pasajeros,(1930012) CAMIONETA NISSAN NAVARA 2.3D DC SE 4X4 MACROZONA SUR 2023 1930012,"(1930012) CAMIONETA NISSAN NAVARA 2.3D DC SE 4X4 MACROZONA SUR 2023; Código:  ;Región : VIII
",3,,CLP,25498388.0,0,0,0.0,76495164,30 dias contra la recepcion conforme de la factura,2023,4
48156249,1593-236-CM23,http://www.mercadopublico.cl/PurchaseOrder/Modules/PO/DetailsPurchaseOrder.aspx?codigoOC=1593-236-CM23,Vehículos tipo SUV para la Superintendencia de Servicios Sanitarios/ CBS-5320-2023,"Adquisición de 8 vehículos tipo SUV según proceso de Gran Compra, inspector fiscal Juan Toledo Astudillo.

Envío de factura: dipresrecepcion@custodium.com junto al XML",CM,Proveniente de convenio marco,No,No,9,CM,Convenio Marco,6,Aceptada,4,Aceptada,2023-05-18,2023-05-18,2023-05-18,2023-05-18,2023-05-19,,1,"4,56",5,"139331997,28",CLP,"139331997,28","22246285,28",IVA,0,0,117085712,2589,61.221.000-4,Superintendencia de Servicios Sanitarios - SISS,7192,SUPERINTENDENCIA DE SERVICIOS SANITARIOS,"Gob. Central, Universidades",,Santiago,Región Metropolitana de Santiago,CL,32639.0,79.853.470-K,SALAZAR ISRAEL,32414.0,AUTOMOTRIZ CORDILLERA S.A.,VENTA AL POR MAYOR DE VEHICULOS AUTOMOTORES (IMPOR,Concepción,Región del Biobío ,Chile,546,19,CL,7,2.0,,2239-5-LR21,128666152,25101500.0,Vehículos y equipamiento en general / Vehículos motorizados / Vehículos para turismo,25101503.0,Automóviles,Vehículos y equipamiento en general,Vehículos motorizados,Vehículos para turismo,(1928021) SUV CHERY TIGGO 7 PRO 1.5L GLX AUT MACROZONA CENTRO 2023 1928021,"(1928021) SUV CHERY TIGGO 7 PRO 1.5L GLX AUT MACROZONA CENTRO 2023; Código:  ;Región : RM
",8,,CLP,14635714.0,0.0,0,0.0,117085712,30 dias contra la recepcion conforme de la factura,2023,5
48211428,1596-185-CM23,http://www.mercadopublico.cl/PurchaseOrder/Modules/PO/DetailsPurchaseOrder.aspx?codigoOC=1596-185-CM23,REPOSICIÓN 2 CAMIONETAS 4X4 PARA LA I. MUNICIPALIDAD DE RETIRO,"Adquisición  Proyecto REPOSICIÓN 2 CAMIONETAS 4X4 PARA LA I. MUNICIPALIDAD DE RETIRO"" COD. BIP.  40.045.258-0. 
COMPRA PARA LA I. MUNICIPALIDAD DE RETIRO
INCLUYE: Permiso Circulación, Placa Patente,  SOAP, Rev. Técnica, Logos.
LUGAR DE ENTREGA: Dependencias I. Municipalidad de Retiro, Plazo 30 días corridos 
",CM,Proveniente de convenio marco,No,No,9,CM,Convenio Marco,12,Recepcion Conforme,7,Recepcion Conforme,2023-05-25,2023-05-31,2023-05-25,2023-05-31,2023-06-01,,1,4,19,"83513019,52",CLP,"83513019,52","13334011,52",IVA,0,0,70179008,2592,72.227.000-2,Gobierno Regional del Maule,7223,GOBIERNO REGIONAL VII REGION,"Gob. Central, Universidades",Servicio Publico,Talca,Región del Maule ,CL,26569.0,91.502.000-3,Salinas y Fabres S.A.,26778.0,SALINAS Y FABRES SOCIEDAD ANONIMA,VENTA AL POR MAYOR DE VEHICULOS AUTOMOTORES (IMPOR,Santiago,Región Metropolitana de Santiago,Chile,1106,19,CL,22,2.0,,2239-5-LR21,128830780,25101500.0,Vehículos y equipamiento en general / Vehículos motorizados / Vehículos para pasajeros,25101507.0,SUV o todo terrenos,Vehículos y equipamiento en general,Vehículos motorizados,Vehículos para pasajeros,(1930078) CAMIONETA SSANGYONG MUSSO 2.2L LIMITED PLUS AUT 4X4 MACROZONA SUR 2023 1930078,"(1930078) CAMIONETA SSANGYONG MUSSO 2.2L LIMITED PLUS AUT 4X4 MACROZONA SUR 2023; Código:  ;Región : VII
",2,,CLP,35089504.0,0.0,0,0.0,70179008,30 dias contra la recepcion conforme de la factura,2023,5
48007966,2369-53-CM23,http://www.mercadopublico.cl/PurchaseOrder/Modules/PO/DetailsPurchaseOrder.aspx?codigoOC=2369-53-CM23,GC 67581 Adquisición de camionetas para Municipalidad de Arica,"GRAN COMPRA N°67581 ID 2239-5-LR21
DECRETO 3996 AUTORIZA SELECCIÓN BAJO LA MODALIDAD CONVENIO MARCO ID 2239-5-LR21
DECRETO 6000 APRUEBA ACUERDO COMPLEMENTARIO",CM,Proveniente de convenio marco,No,No,9,CM,Convenio Marco,6,Aceptada,4,Aceptada,2023-04-25,2023-06-27,2023-06-20,2023-06-27,2023-06-27,,1,0,0,"197232468,3",CLP,"197232468,3","31490898,3",IVA,0,0,165741570,3361,69.010.100-9,SECRETARIA COMUNAL DE PLANIFICACIÓN,86624,I MUNICIPALIDAD DE ARICA,Municipalidades,GOBIERNO CENTRAL Y ADMINISTRACION PUBLICA,Arica,Región de Arica y Parinacota,CL,24507.0,84.807.200-1,BRUNO FRITSCH S.A.,24823.0,BRUNO FRITSCH S.A.,VENTA O COMPRAVENTA AL POR MENOR DE VEHICULOS AUTO,Maipú,Región Metropolitana de Santiago,Chile,"215.31.02.007.00 ""Proy. inversión Dimao""",19,CL,9,2.0,,2239-5-LR21,128225104,25101500.0,Vehículos y equipamiento en general / Vehículos motorizados / Vehículos para pasajeros,25101507.0,SUV o todo terrenos,Vehículos y equipamiento en general,Vehículos motorizados,Vehículos para pasajeros,(1929214) CAMIONETA TOYOTA HILUX 2.4L DX CD 4X4 MACROZONA NORTE 2023 1929214,"(1929214) CAMIONETA TOYOTA HILUX 2.4L DX CD 4X4 MACROZONA NORTE 2023; Código:  ;Región : XV
",6,,CLP,27623595.0,0,0,0.0,165741570,30 dias contra la recepcion conforme de la factura,2023,6
48126143,662237-130-CM23,http://www.mercadopublico.cl/PurchaseOrder/Modules/PO/DetailsPurchaseOrder.aspx?codigoOC=662237-130-CM23,GC Renovación Flota de Vehículos 2023 Gran Compra: 68084,"Res.Exta. 409 Aprueba acuerdo Complementario de fecha 9 de junio de 2023
Citar OC en factura, pago de factura a 30 días, facturas a dipresrecepcion@custodium.com. Contraparte mauricio.farias@senda.gob.cl. Se adjuntan doctos de orientación para facturación. Monto de la compra indicado en la Resolución $187.988.000, proveedor facturará de acuerdo a este monto
S-2425/23
",CM,Proveniente de convenio marco,No,No,9,CM,Convenio Marco,12,Recepcion Conforme,7,Recepcion Conforme,2023-05-12,2023-06-13,2023-06-09,2023-06-13,2023-06-14,,1,"4,34838709677419",62,"187988003,28",CLP,"187988003,28","30014891,28",IVA,0,0,157973112,662237,61.980.170-9,SENDA NACIONAL,1264424,SERVICIO NACIONAL PARA LA PREVENCION Y REHABILITACION DEL CONSUMO DE D,"Gob. Central, Universidades",SERVICIO PÚBLICO,Santiago,Región Metropolitana de Santiago,CL,32636.0,79.649.140-k,Automotores Gildemeister CAMIONES,32413.0,AUTOMOTORES GILDEMEISTER SPA,REPARACION OTROS TIPOS DE MAQUINARIA Y EQUIPOS DE ,Pudahuel,Región Metropolitana de Santiago,Chile,456,19,CL,22,2.0,,2239-5-LR21,128575160,25101500.0,Vehículos y equipamiento en general / Vehículos motorizados / Vehículos para turismo,25101503.0,Automóviles,Vehículos y equipamiento en general,Vehículos motorizados,Vehículos para turismo,(1930341) SUV HYUNDAI TUCSON NX4 2.0 MT PLUS MACROZONA METROPOLITANA 2023 1930341,"(1930341) SUV HYUNDAI TUCSON NX4 2.0 MT PLUS MACROZONA METROPOLITANA 2023; Código:  ;Región : RM
",8,,CLP,19746639.0,0,0,0.0,157973112,30 dias contra la recepcion conforme de la factura,2023,6
48233202,1596-192-CM23,http://www.mercadopublico.cl/PurchaseOrder/Modules/PO/DetailsPurchaseOrder.aspx?codigoOC=1596-192-CM23,ADQ. 04 CAMIONETAS MUNICIPALIDAD DE MOLINA,"Adquisición  Proyecto ADQUISICIÓN 04 CAMIONETAS MUNICIPALIDAD DE MOLINA"" COD. BIP.  40.012.928-0. 
COMPRA PARA LA I. MUNICIPALIDAD DE MOLINA
INCLUYE: Permiso Circulación, Placa Patente,  SOAP, Rev. Técnica, Logos.
LUGAR DE ENTREGA: Dependencias I. Municipalidad de Molina, Plazo 10 días corridos 
",CM,Proveniente de convenio marco,No,No,9,CM,Convenio Marco,12,Recepcion Conforme,7,Recepcion Conforme,2023-05-30,2023-06-13,2023-05-30,2023-05-30,2023-06-20,,1,"4,56",5,"84767603,2",CLP,"84767603,2","13534323,2",IVA,0,0,71233280,2592,72.227.000-2,Gobierno Regional del Maule,7223,GOBIERNO REGIONAL VII REGION,"Gob. Central, Universidades",Servicio Publico,Talca,Región del Maule ,CL,32639.0,79.853.470-K,SALAZAR ISRAEL,32414.0,AUTOMOTRIZ CORDILLERA S.A.,VENTA AL POR MAYOR DE VEHICULOS AUTOMOTORES (IMPOR,Concepción,Región del Biobío ,Chile,1112,19,CL,22,2.0,,2239-5-LR21,128894712,25101500.0,Vehículos y equipamiento en general / Vehículos motorizados / Vehículos para pasajeros,25101507.0,SUV o todo terrenos,Vehículos y equipamiento en general,Vehículos motorizados,Vehículos para pasajeros,(1929053) CAMIONETA MAXUS T60 2.8L DX 4X4 MACROZONA CENTRO 2023 1929053,"(1929053) CAMIONETA MAXUS T60 2.8L DX 4X4 MACROZONA CENTRO 2023; Código:  ;Región : VII
",4,,CLP,17808320.0,0,0,0.0,71233280,30 dias contra la recepcion conforme de la factura,2023,6
48261254,1596-197-CM23,http://www.mercadopublico.cl/PurchaseOrder/Modules/PO/DetailsPurchaseOrder.aspx?codigoOC=1596-197-CM23,"REPOSICIÓN 02 CAMIONETAS, COMUNA DE LICANTÉN","Adquisición  Proyecto REPOSICIÓN DOS CAMIONETAS COMUNA DE LICANTEN"" COD. BIP.  40.030.146-0. 
COMPRA PARA LA I. MUNICIPALIDAD DE LICANTÉN
INCLUYE: Permiso Circulación, Placa Patente,  SOAP, Rev. Técnica, Logos.
LUGAR DE ENTREGA: Dependencias I. Municipalidad de Licantén, Plazo 10 días corridos.",CM,Proveniente de convenio marco,No,No,9,CM,Convenio Marco,12,Recepcion Conforme,7,Recepcion Conforme,2023-06-02,2023-06-16,2023-06-02,2023-06-02,2023-06-16,,1,4,19,"66352055,7",CLP,"66352055,7","10594025,7",IVA,0,0,55758030,2592,72.227.000-2,Gobierno Regional del Maule,7223,GOBIERNO REGIONAL VII REGION,"Gob. Central, Universidades",Servicio Publico,Talca,Región del Maule ,CL,26569.0,91.502.000-3,Salinas y Fabres S.A.,26778.0,SALINAS Y FABRES SOCIEDAD ANONIMA,VENTA AL POR MAYOR DE VEHICULOS AUTOMOTORES (IMPOR,Santiago,Región Metropolitana de Santiago,Chile,1151,19,CL,22,2.0,,2239-5-LR21,128977350,25101500.0,Vehículos y equipamiento en general / Vehículos motorizados / Vehículos para pasajeros,25101507.0,SUV o todo terrenos,Vehículos y equipamiento en general,Vehículos motorizados,Vehículos para pasajeros,(1929235) CAMIONETA TOYOTA HILUX 2.4L SR CD 4X4 MACROZONA SUR 2023 1929235,"(1929235) CAMIONETA TOYOTA HILUX 2.4L SR CD 4X4 MACROZONA SUR 2023; Código:  ;Región : VII
",2,,CLP,27879015.0,0,0,0.0,55758030,30 dias contra la recepcion conforme de la factura,2023,6
48261780,1596-198-CM23,http://www.mercadopublico.cl/PurchaseOrder/Modules/PO/DetailsPurchaseOrder.aspx?codigoOC=1596-198-CM23,ADQ. CAMIONETAS SEGURIDAD PÚBLICA COMUNA DE LONGAVÍ,"Adquisición  Proyecto ADQUISICIÓN CAMIONETAS PARA DIRECCIÓN DE SEGURIDAD PÚBLICA, COMUNA DE LONGAVÍ"" COD. BIP.  40.029.586-0. 
COMPRA PARA LA I. MUNICIPALIDAD DE LONGAVÍ
INCLUYE: Permiso Circulación, Placa Patente,  SOAP, Rev. Técnica, Logos.
LUGAR DE ENTREGA: Dependencias I. Municipalidad de Longaví, Plazo 10 días corridos 
",CM,Proveniente de convenio marco,No,No,9,CM,Convenio Marco,6,Aceptada,4,Aceptada,2023-06-02,2023-06-13,2023-06-05,2023-06-05,2023-06-14,,1,4,19,"66280655,7",CLP,"66280655,7","10582625,7",IVA,0,0,55698030,2592,72.227.000-2,Gobierno Regional del Maule,7223,GOBIERNO REGIONAL VII REGION,"Gob. Central, Universidades",Servicio Publico,Talca,Región del Maule ,CL,26569.0,91.502.000-3,Salinas y Fabres S.A.,26778.0,SALINAS Y FABRES SOCIEDAD ANONIMA,VENTA AL POR MAYOR DE VEHICULOS AUTOMOTORES (IMPOR,Santiago,Región Metropolitana de Santiago,Chile,1152,19,CL,22,2.0,,2239-5-LR21,128979081,25101500.0,Vehículos y equipamiento en general / Vehículos motorizados / Vehículos para pasajeros,25101507.0,SUV o todo terrenos,Vehículos y equipamiento en general,Vehículos motorizados,Vehículos para pasajeros,(1929235) CAMIONETA TOYOTA HILUX 2.4L SR CD 4X4 MACROZONA SUR 2023 1929235,"(1929235) CAMIONETA TOYOTA HILUX 2.4L SR CD 4X4 MACROZONA SUR 2023; Código:  ;Región : VII
",2,,CLP,27849015.0,0,0,0.0,55698030,30 dias contra la recepcion conforme de la factura,2023,6
48306370,4594-451-CM23,http://www.mercadopublico.cl/PurchaseOrder/Modules/PO/DetailsPurchaseOrder.aspx?codigoOC=4594-451-CM23,Orden de Compra generada por la Gran Compra: 68291,"04 camionetas para el Departamento de Salud de Coihueco las que deben ser despachadas a la dirección de 18 de septiembre N°1643, Coihueco.",CM,Proveniente de convenio marco,No,No,9,CM,Convenio Marco,6,Aceptada,4,Aceptada,2023-06-09,2023-06-12,2023-06-09,2023-07-07,2023-06-19,,1,0,0,"106620491,88",CLP,"106620491,88","17023439,88",IVA,0,0,89597052,5510,69.141.102-8,Departamento de Salud,7146,I MUNICIPALIDAD DE COIHUECO,Municipalidades,,Coihueco,Región del Ñuble,CL,24507.0,84.807.200-1,BRUNO FRITSCH S.A.,24823.0,BRUNO FRITSCH S.A.,VENTA O COMPRAVENTA AL POR MENOR DE VEHICULOS AUTO,Maipú,Región Metropolitana de Santiago,Chile,29-03,19,CL,7,2.0,,2239-5-LR21,129109557,25101500.0,Vehículos y equipamiento en general / Vehículos motorizados / Vehículos para pasajeros,25101507.0,SUV o todo terrenos,Vehículos y equipamiento en general,Vehículos motorizados,Vehículos para pasajeros,(1929211) CAMIONETA TOYOTA HILUX 2.4L DX CD 4X2 MACROZONA SUR 2023 1929211,"(1929211) CAMIONETA TOYOTA HILUX 2.4L DX CD 4X2 MACROZONA SUR 2023; Código:  ;Región : XVI
",4,,CLP,22399263.0,0,0,0.0,89597052,30 dias contra la recepcion conforme de la factura,2023,6
48451028,1596-246-CM23,http://www.mercadopublico.cl/PurchaseOrder/Modules/PO/DetailsPurchaseOrder.aspx?codigoOC=1596-246-CM23,ADQUISICION DE VEHÍCULOS DE APOYO A LA FUNCIÓN POLICIAL DE LA VII ZONA CARABINEROS MAULE,"Adquisición  ProyectoADQUISICION DE VEHÍCULOS DE APOYO A LA FUNCIÓN POLICIAL DE LA VII ZONA CARABINEROS MAULE Código Bip N° 40.032.126-0.
COMPRA PARA LA CARABINEROS 
INCLUYE: Los vehículos deberán entregarse con: Permiso de circulación, 1° inscripción en Registro Nacional de Vehículos Motorizados R.N.V.M. a nombre de la Institución beneficiaria, placa patente, Certificado de Emisiones y pago sello verde cuando corresponda, Seguro Obligatorio, Revisión Técnica, Logotipos y disco fiscal, Garantía de Fabrica y pago del TAG por traslado, si fuera necesario.
LUGAR DE ENTREGA: Dependencias VII ZONA DE CARABINEROS MAULE, Plazo 10 días corridos 
",CM,Proveniente de convenio marco,No,No,9,CM,Convenio Marco,12,Recepcion Conforme,7,Recepcion Conforme,2023-07-04,2023-07-10,2023-07-10,2023-07-10,2023-07-11,,1,4,19,"76821259,2",CLP,"76821259,2","12265579,2",IVA,0,0,64555680,2592,72.227.000-2,Gobierno Regional del Maule,7223,GOBIERNO REGIONAL VII REGION,"Gob. Central, Universidades",Servicio Publico,Talca,Región del Maule ,CL,26569.0,91.502.000-3,Salinas y Fabres S.A.,26778.0,SALINAS Y FABRES SOCIEDAD ANONIMA,VENTA AL POR MAYOR DE VEHICULOS AUTOMOTORES (IMPOR,Santiago,Región Metropolitana de Santiago,Chile,1416,19,CL,22,2.0,,2239-5-LR21,129534343,25101500.0,Vehículos y equipamiento en general / Vehículos motorizados / Vehículos para pasajeros,25101507.0,SUV o todo terrenos,Vehículos y equipamiento en general,Vehículos motorizados,Vehículos para pasajeros,(1929217) CAMIONETA TOYOTA HILUX 2.4L DX CD 4X4 MACROZONA SUR 2023 1929217,"(1929217) CAMIONETA TOYOTA HILUX 2.4L DX CD 4X4 MACROZONA SUR 2023; Código:  ;Región : VII
",2,,CLP,32277840.0,0,0,0.0,64555680,30 dias contra la recepcion conforme de la factura,2023,7
48460909,29-98-CM23,http://www.mercadopublico.cl/PurchaseOrder/Modules/PO/DetailsPurchaseOrder.aspx?codigoOC=29-98-CM23,ADQUISICIÓN DE CAMIONETAS Orden de Compra generada por la Gran Compra: 68326,"ADQUISICION DE CAMIONETAS TRACCIÓN 4X4 DOBLE CABINA.
PRESUPUESTO FORA EXENTO DE IMPUESTOS, EL PROVEEDOR DEBERÁ EMITIR FACTURA EXENTA DE IMPUESTOS. CONTACTO: D.T. y S. Sr:C. VILO ANEXO 24102-24398
ENTREGA EN GRUPO DE ABASTECIMIENTO FACH JULIO CAÑAS S/N NGRESO POR CALLE VOLCAN OSORNO S/N° PARAD 37 1/2 GRAN AVENIDA, EL BOSQUE.FONO:229761728 HORARIO DE LUNES A JUEVES DE 08:00 A 12:00HRS. DE 14:00 A 16:00 HRS.- VIERNES DE 08:00 A 12:00HRS. DE 14:00 A 15:00 HRS.
PLAZO DE ENTREGA: 90 DÍAS CORRIDOS.-
",CM,Proveniente de convenio marco,No,No,9,CM,Convenio Marco,12,Recepcion Conforme,7,Recepcion Conforme,2023-07-05,2023-07-11,2023-07-11,2023-07-11,2023-07-11,,1,0,0,365062348,CLP,365062348,0,Exento,0,0,365062348,1028,61.103.035-5,Comando Logístico,6946,FUERZA AEREA DE CHILE COMANDO LOGISTICO,FFAA,,El Bosque,Región Metropolitana de Santiago,CL,24507.0,84.807.200-1,BRUNO FRITSCH S.A.,24823.0,BRUNO FRITSCH S.A.,VENTA O COMPRAVENTA AL POR MENOR DE VEHICULOS AUTO,Maipú,Región Metropolitana de Santiago,Chile,005047300002000033102012152903000000,0,CL,12,2.0,,2239-5-LR21,129561532,25101500.0,Vehículos y equipamiento en general / Vehículos motorizados / Vehículos para pasajeros,25101507.0,SUV o todo terrenos,Vehículos y equipamiento en general,Vehículos motorizados,Vehículos para pasajeros,(1929216) CAMIONETA TOYOTA HILUX 2.4L DX CD 4X4 MACROZONA METROPOLITANA 2023 1929216,"(1929216) CAMIONETA TOYOTA HILUX 2.4L DX CD 4X4 MACROZONA METROPOLITANA 2023; Código:  ;Región : RM
",14,,CLP,26075882.0,0.0,0,0.0,365062348,30 dias contra la recepcion conforme de la factura,2023,7
48520779,1593-339-CM23,http://www.mercadopublico.cl/PurchaseOrder/Modules/PO/DetailsPurchaseOrder.aspx?codigoOC=1593-339-CM23,Adquisición 4 Great Wall Poer / CBS-5386-2023,"Adquisición de 4 camionetas Great Wall Poer 4x4 2.0L Deluxe desde proceso de gran compra ID 68604. Inspector fiscal Sr. Juan Toledo. Factura debe emitirse una vez entregado los productos, remitirlo al correo electrónico dipresrecepcion@custodium.com junto al XML y contra recepción conforme por parte del inspector fiscal y aceptada la orden de compra a través del sistema
",CM,Proveniente de convenio marco,No,No,9,CM,Convenio Marco,6,Aceptada,4,Aceptada,2023-07-14,2023-07-17,2023-07-14,2023-07-14,2023-07-18,,1,"4,03333333333333",12,87536400,CLP,87536400,13976400,IVA,0,0,73560000,2589,61.221.000-4,Superintendencia de Servicios Sanitarios - SISS,7192,SUPERINTENDENCIA DE SERVICIOS SANITARIOS,"Gob. Central, Universidades",,Santiago,Región Metropolitana de Santiago,CL,39850.0,94.141.000-6,Derco SPA,39256.0,DERCO S.P.A,VENTA AL POR MAYOR DE VEHICULOS AUTOMOTORES (IMPOR,Quilicura,Región Metropolitana de Santiago,Chile,779,19,CL,7,2.0,,2239-5-LR21,129741032,25101500.0,Vehículos y equipamiento en general / Vehículos motorizados / Vehículos para pasajeros,25101507.0,SUV o todo terrenos,Vehículos y equipamiento en general,Vehículos motorizados,Vehículos para pasajeros,(1928886) CAMIONETA GREAT WALL POER 2.0L DELUXE 4X4 MACROZONA METROPOLITANA 2023 1928886,"(1928886) CAMIONETA GREAT WALL POER 2.0L DELUXE 4X4 MACROZONA METROPOLITANA 2023; Código:  ;Región : RM
",4,,CLP,18390000.0,0,0,0.0,73560000,30 dias contra la recepcion conforme de la factura,2023,7
48599947,2405-73-SE23,http://www.mercadopublico.cl/PurchaseOrder/Modules/PO/DetailsPurchaseOrder.aspx?codigoOC=2405-73-SE23,ADQUISICIÓN DE 08 VEHÍCULOS SUV ,"ORDEN DE COMPRA PROVENIENTE DE LA GRAN COMPRA ID 68583 PARA ADQUISICION DE 08 VEHICULOS SUV PARA LAS DISTINTAS OPERACIONES DE LA ILUSTRE MUNICIPALIDAD DE IQUIQUE, MEDIANTE UN PROCESOS DE GRAN COMPRA EN EL MERCADO PÚBLICO DE CHILE COMPRA EN CONVENIO MARCO, PARA LA ADQUISICIÓN DE VEHÍCULOS SUV Y CAMIONETAS.
ID LICITACION CONVENIO N°2239-5-LR21
",SE,Proveniente de convenio marco,No,No,8,SE,Sin emisión automática,6,Aceptada,4,Aceptada,2023-07-27,2023-07-27,2023-07-27,2023-07-27,2023-07-28,,1,"4,34838709677419",62,108669576,CLP,108669576,0,Exento,0,3200000,105469576,3397,69.010.300-1,SECRETARIA COMUNAL DE PLANIFICACION,87175,I MUNICIPALIDAD DE IQUIQUE,Municipalidades,,Iquique,Región de Tarapacá  ,CL,32637.0,79.649.140-k,Automotores Gildemeister - Casa Matriz,32413.0,AUTOMOTORES GILDEMEISTER SPA,REPARACION OTROS TIPOS DE MAQUINARIA Y EQUIPOS DE ,Vitacura,Región Metropolitana de Santiago,Chile,215.29.03.001,0,CL,22,2.0,,,129980915,25101500.0,Vehículos y equipamiento en general / Vehículos motorizados / Vehículos para turismo,25101503.0,Automóviles,Vehículos y equipamiento en general,Vehículos motorizados,Vehículos para turismo,,,8,Unidad,CLP,13183697.0,0,0,0.0,105469576,30 dias contra la recepcion conforme de la factura,2023,7
48600045,5911-188-CM23,http://www.mercadopublico.cl/PurchaseOrder/Modules/PO/DetailsPurchaseOrder.aspx?codigoOC=5911-188-CM23,Orden de Compra generada por la Gran Compra: 68780,Adquisición de 10 Vehículos Institucionales,CM,Proveniente de convenio marco,No,No,9,CM,Convenio Marco,12,Recepcion Conforme,7,Recepcion Conforme,2023-07-27,2023-07-27,2023-07-27,2023-07-27,2023-07-27,,1,"4,34838709677419",62,"244979004,9",CLP,"244979004,9","39114294,9",IVA,0,0,205864710,304869,70.819.400-K,TRIBUNAL CONSTITUCIONAL,299576,TRIBUNAL CONSTITUCIONAL,Legislativo y judicial,,Santiago,Región Metropolitana de Santiago,CL,32636.0,79.649.140-k,Automotores Gildemeister CAMIONES,32413.0,AUTOMOTORES GILDEMEISTER SPA,REPARACION OTROS TIPOS DE MAQUINARIA Y EQUIPOS DE ,Pudahuel,Región Metropolitana de Santiago,Chile,23970049,19,CL,7,2.0,,2239-5-LR21,129980732,25101500.0,Vehículos y equipamiento en general / Vehículos motorizados / Vehículos para turismo,25101503.0,Automóviles,Vehículos y equipamiento en general,Vehículos motorizados,Vehículos para turismo,(1930359) SUV HYUNDAI TUCSON NX4 2.0 AT VALUE MACROZONA METROPOLITANA 2023 1930359,"(1930359) SUV HYUNDAI TUCSON NX4 2.0 AT VALUE MACROZONA METROPOLITANA 2023; Código:  ;Región : RM
",10,,CLP,20586471.0,0,0,0.0,205864710,30 dias contra la recepcion conforme de la factura,2023,7
48303489,5240-136-CM23,http://www.mercadopublico.cl/PurchaseOrder/Modules/PO/DetailsPurchaseOrder.aspx?codigoOC=5240-136-CM23,ADQUISICIÓN DE CAMIONETAS 4X4 PARA CARABINEROS DE CHILE,"ACUERDO COMPLEMENTARIO N°03-2023 
VIGENCIA Y DURACION DEL ACUERDO COMPLEMENTARIO: CONFORME CLAUSULA TERCERO
PRECIO: CONFORME CLAUSULA CUARTO 
FORMA DE PAGO Y FACTURACION: CONFORME CLAUSULA QUINTO 
OBLIGACIONES DEL VENDEDOR: CONFORME CLAUSULA SEXTO 
PLAZO Y LUGAR DE ENTREGA: CONFORME CLAUSULA SEPTIMO
MULTAS POR ATRASO EN LA ENTREGA: CONFORME CLAUSULA NOVENO
",CM,Proveniente de convenio marco,No,No,9,CM,Convenio Marco,12,Recepcion Conforme,7,Recepcion Conforme,2023-06-08,2023-08-18,2023-08-18,2024-01-12,2023-09-06,,1,"4,56",5,119166600,CLP,119166600,19026600,IVA,0,0,100140000,6153,61.938.500-4,Direccion de Compras Publicas de Carabineros,113812,DIRECCION DE LOGISTICA DE CARABINEROS,FFAA,,Santiago,Región Metropolitana de Santiago,CL,32639.0,79.853.470-K,SALAZAR ISRAEL,32414.0,AUTOMOTRIZ CORDILLERA S.A.,VENTA AL POR MAYOR DE VEHICULOS AUTOMOTORES (IMPOR,Concepción,Región del Biobío ,Chile,DECRETO EXENTO N°387,19,CL,12,2.0,,2239-5-LR21,129100790,25101500.0,Vehículos y equipamiento en general / Vehículos motorizados / Vehículos para pasajeros,25101507.0,SUV o todo terrenos,Vehículos y equipamiento en general,Vehículos motorizados,Vehículos para pasajeros,(1929023) CAMIONETA JMC VIGUS PLUS 2.4L 4X4 MACROZONA CENTRO 2023 1929023,"(1929023) CAMIONETA JMC VIGUS PLUS 2.4L 4X4 MACROZONA CENTRO 2023; Código:  ;Región : VI
",6,,CLP,16690000.0,0,0,0.0,100140000,30 dias contra la recepcion conforme de la factura,2023,8
48412783,5240-162-CM23,http://www.mercadopublico.cl/PurchaseOrder/Modules/PO/DetailsPurchaseOrder.aspx?codigoOC=5240-162-CM23,"ADQUISICION DE VEHCULOS TIPO COMANDO CON CARGO AL FONDO ROTATIVO DE ABASTECIMIENTO F.O.R.A., PARA CARABINEROS DE CHILE","ACUERDO COMPLEMENTARIO N°04-2023 
VIGENCIA Y DURACION DEL ACUERDO COMPLEMENTARIO: CONFORME CLAUSULA TERCERO 
PRECIO: CONFORME CLAUSULA CUARTO 
FORMA DE PAGO Y FACTURACION: CONFORME CLAUSULA QUINTO 
OBLIGACIONES DEL VENDEDOR: CONFORME CLAUSULA SEXTO 
PLAZO Y LUGAR DE ENTREGA: CONFORME CLAUSULA SEPTIMO
",CM,Proveniente de convenio marco,No,No,9,CM,Convenio Marco,12,Recepcion Conforme,7,Recepcion Conforme,2023-06-28,2023-08-17,2023-08-16,2023-12-22,2023-08-17,,1,"4,34838709677419",62,123803526,CLP,123803526,0,Exento,0,0,123803526,6153,61.938.500-4,Direccion de Compras Publicas de Carabineros,113812,DIRECCION DE LOGISTICA DE CARABINEROS,FFAA,,Santiago,Región Metropolitana de Santiago,CL,32636.0,79.649.140-k,Automotores Gildemeister CAMIONES,32413.0,AUTOMOTORES GILDEMEISTER SPA,REPARACION OTROS TIPOS DE MAQUINARIA Y EQUIPOS DE ,Pudahuel,Región Metropolitana de Santiago,Chile,29.03.001,0,CL,12,2.0,,2239-5-LR21,129425076,25101500.0,Vehículos y equipamiento en general / Vehículos motorizados / Vehículos para turismo,25101503.0,Automóviles,Vehículos y equipamiento en general,Vehículos motorizados,Vehículos para turismo,(1930341) SUV HYUNDAI TUCSON NX4 2.0 MT PLUS MACROZONA METROPOLITANA 2023 1930341,"(1930341) SUV HYUNDAI TUCSON NX4 2.0 MT PLUS MACROZONA METROPOLITANA 2023; Código:  ;Región : RM
",7,,CLP,17686218.0,0,0,0.0,123803526,30 dias contra la recepcion conforme de la factura,2023,8
48500465,618-247-CM23,http://www.mercadopublico.cl/PurchaseOrder/Modules/PO/DetailsPurchaseOrder.aspx?codigoOC=618-247-CM23,(ksc) Adquisición de camionetas para Corfo.,"Adquisición de camionetas para Corfo, vía convenio marco ID 2239-5-LR21. 
Orden de Compra generada por la Gran Compra: 68560.
Contacto: Jaime Gamboa; jgamboa@corfo.cl.",CM,Proveniente de convenio marco,No,No,9,CM,Convenio Marco,6,Aceptada,4,Aceptada,2023-07-11,2023-08-22,2023-08-22,2023-08-22,2023-08-24,,1,4,1,"48828571,47",CLP,"48828571,47","7796158,47",IVA,0,0,41032413,1614,60.706.000-2,Subgerencia de Administración,6942,CORPORACION DE FOMENTO DE LA PRODUCCION,"Gob. Central, Universidades",-,Santiago,Región Metropolitana de Santiago,CL,976986.0,86.385.500-4,COMERCIAL ANFRUNS Y COMPAÑIA SPA,184380.0,COMERCIAL ANFRUNS Y COMPANIA SPA,Automotriz,,,,29.03.001,19,CL,9,2.0,,2239-5-LR21,129678730,25101500.0,Vehículos y equipamiento en general / Vehículos motorizados / Vehículos para pasajeros,25101507.0,SUV o todo terrenos,Vehículos y equipamiento en general,Vehículos motorizados,Vehículos para pasajeros,(1928933) CAMIONETA GREAT WALL WINGLE7 2.0L ELITE 4X2 MACROZONA CENTRO 2023 1928933,"(1928933) CAMIONETA GREAT WALL WINGLE7 2.0L ELITE 4X2 MACROZONA CENTRO 2023; Código:  ;Región : VI
",2,,CLP,13677471.0,0,0,0.0,27354942,30 dias contra la recepcion conforme de la factura,2023,8
48500465,618-247-CM23,http://www.mercadopublico.cl/PurchaseOrder/Modules/PO/DetailsPurchaseOrder.aspx?codigoOC=618-247-CM23,(ksc) Adquisición de camionetas para Corfo.,"Adquisición de camionetas para Corfo, vía convenio marco ID 2239-5-LR21. 
Orden de Compra generada por la Gran Compra: 68560.
Contacto: Jaime Gamboa; jgamboa@corfo.cl.",CM,Proveniente de convenio marco,No,No,9,CM,Convenio Marco,6,Aceptada,4,Aceptada,2023-07-11,2023-08-22,2023-08-22,2023-08-22,2023-08-24,,1,4,1,"48828571,47",CLP,"48828571,47","7796158,47",IVA,0,0,41032413,1614,60.706.000-2,Subgerencia de Administración,6942,CORPORACION DE FOMENTO DE LA PRODUCCION,"Gob. Central, Universidades",-,Santiago,Región Metropolitana de Santiago,CL,976986.0,86.385.500-4,COMERCIAL ANFRUNS Y COMPAÑIA SPA,184380.0,COMERCIAL ANFRUNS Y COMPANIA SPA,Automotriz,,,,29.03.001,19,CL,9,2.0,,2239-5-LR21,129678731,25101500.0,Vehículos y equipamiento en general / Vehículos motorizados / Vehículos para pasajeros,25101507.0,SUV o todo terrenos,Vehículos y equipamiento en general,Vehículos motorizados,Vehículos para pasajeros,(1928933) CAMIONETA GREAT WALL WINGLE7 2.0L ELITE 4X2 MACROZONA CENTRO 2023 1928933,"(1928933) CAMIONETA GREAT WALL WINGLE7 2.0L ELITE 4X2 MACROZONA CENTRO 2023; Código:  ;Región : RM
",1,,CLP,13677471.0,0,0,0.0,13677471,30 dias contra la recepcion conforme de la factura,2023,8
48529139,2831-22-CM23,http://www.mercadopublico.cl/PurchaseOrder/Modules/PO/DetailsPurchaseOrder.aspx?codigoOC=2831-22-CM23,Gran Compra: 68508 Adq. Móviles Municipales,"Adquisición de 16 móviles municipales, en virtud del Convenio Mandato Completo e Irrevocable del proyecto ""Adquisición Móviles Municipales, Municipalidad de Quillota"". ",CM,Proveniente de convenio marco,No,No,9,CM,Convenio Marco,6,Aceptada,4,Aceptada,2023-07-17,2023-08-29,2023-08-28,2023-08-29,2023-08-29,,1,5,3,"442473225,6",CLP,"442473225,6","70646985,6",IVA,0,0,371826240,3817,69.060.100-1,SECRETARIA COMUNAL DE PLANIFICACION,88203,I MUNICIPALIDAD DE QUILLOTA,Municipalidades,MUNICIPALIDADES,Quillota,Región de Valparaíso ,CL,62896.0,86.519.000-K,Maritano y Ebensperger Ltda.,61164.0,Maritano y Ebensperger Ltda.,VENTA O COMPRAVENTA AL POR MENOR DE VEHICULOS AUTO,Chillán,Región del Ñuble,Chile,N°1597,19,CL,12,2.0,,2239-5-LR21,129765795,25101500.0,Vehículos y equipamiento en general / Vehículos motorizados / Vehículos para pasajeros,25101507.0,SUV o todo terrenos,Vehículos y equipamiento en general,Vehículos motorizados,Vehículos para pasajeros,(1929209) CAMIONETA TOYOTA HILUX 2.4L DX CD 4X2 MACROZONA CENTRO 2023 1929209,"(1929209) CAMIONETA TOYOTA HILUX 2.4L DX CD 4X2 MACROZONA CENTRO 2023; Código:  ;Región : V
",11,,CLP,22411290.0,0,0,0.0,246524190,30 dias contra la recepcion conforme de la factura,2023,8
48529139,2831-22-CM23,http://www.mercadopublico.cl/PurchaseOrder/Modules/PO/DetailsPurchaseOrder.aspx?codigoOC=2831-22-CM23,Gran Compra: 68508 Adq. Móviles Municipales,"Adquisición de 16 móviles municipales, en virtud del Convenio Mandato Completo e Irrevocable del proyecto ""Adquisición Móviles Municipales, Municipalidad de Quillota"". ",CM,Proveniente de convenio marco,No,No,9,CM,Convenio Marco,6,Aceptada,4,Aceptada,2023-07-17,2023-08-29,2023-08-28,2023-08-29,2023-08-29,,1,5,3,"442473225,6",CLP,"442473225,6","70646985,6",IVA,0,0,371826240,3817,69.060.100-1,SECRETARIA COMUNAL DE PLANIFICACION,88203,I MUNICIPALIDAD DE QUILLOTA,Municipalidades,MUNICIPALIDADES,Quillota,Región de Valparaíso ,CL,62896.0,86.519.000-K,Maritano y Ebensperger Ltda.,61164.0,Maritano y Ebensperger Ltda.,VENTA O COMPRAVENTA AL POR MENOR DE VEHICULOS AUTO,Chillán,Región del Ñuble,Chile,N°1597,19,CL,12,2.0,,2239-5-LR21,129765796,25101500.0,Vehículos y equipamiento en general / Vehículos motorizados / Vehículos para pasajeros,25101507.0,SUV o todo terrenos,Vehículos y equipamiento en general,Vehículos motorizados,Vehículos para pasajeros,(1929215) CAMIONETA TOYOTA HILUX 2.4L DX CD 4X4 MACROZONA CENTRO 2023 1929215,"(1929215) CAMIONETA TOYOTA HILUX 2.4L DX CD 4X4 MACROZONA CENTRO 2023; Código:  ;Región : V
",5,,CLP,25060410.0,0,0,0.0,125302050,30 dias contra la recepcion conforme de la factura,2023,8
48550754,1020-293-CM23,http://www.mercadopublico.cl/PurchaseOrder/Modules/PO/DetailsPurchaseOrder.aspx?codigoOC=1020-293-CM23,Gran Compra: 68572 Adq Vehiculos SOP,"FACTURAR A: Ministerio de Obras Públicas Dirección Gral de OOPP
RUT: 61.202.000-0
COD UDP: 2020
UNID: NIVEL_CENTRAL_SUBSECRETARIA
ENVIAR ARCHIVO XML CORREO: mop_dte@paperless.cl

COORDINAR LUGAR DE ENTREGA PREVIAMENTE CON:
jorge.alvarez.g@mop.gov.cl - Fono +56-2-24493163
patricio.bustos@mop.gov.cl - Fono +56-2-24493153",CM,Proveniente de convenio marco,No,No,9,CM,Convenio Marco,6,Aceptada,4,Aceptada,2023-07-19,2023-08-31,2023-08-11,2023-09-01,2023-08-31,,1,4,19,"178085261,2",CLP,"178085261,2","28433781,2",IVA,0,0,149651480,2016,61.202.000-0,MOP Subsecretaría ,7249,MINISTERIO DE OBRAS PUBLICAS DIREC CION GRAL DE OO PP DCYF,Obras Públicas,GOBIERNO CENTRAL Y ADMINISTRACION PUBLICA,Santiago,Región Metropolitana de Santiago,,26569.0,91.502.000-3,Salinas y Fabres S.A.,26778.0,SALINAS Y FABRES SOCIEDAD ANONIMA,VENTA AL POR MAYOR DE VEHICULOS AUTOMOTORES (IMPOR,Santiago,Región Metropolitana de Santiago,Chile,29.03.000,19,,12,2.0,,2239-5-LR21,129832321,25101500.0,Vehículos y equipamiento en general / Vehículos motorizados / Vehículos para turismo,25101503.0,Automóviles,Vehículos y equipamiento en general,Vehículos motorizados,Vehículos para turismo,(1928135) SUV NISSAN  X-TRAIL 2.5L SENSE AUT MACROZONA CENTRO 2023 1928135,"(1928135) SUV NISSAN  X-TRAIL 2.5L SENSE AUT MACROZONA CENTRO 2023; Código:  ;Región : VI
",3,,CLP,23582736.0,0,0,0.0,70748208,30 dias contra la recepcion conforme de la factura,2023,8
48550754,1020-293-CM23,http://www.mercadopublico.cl/PurchaseOrder/Modules/PO/DetailsPurchaseOrder.aspx?codigoOC=1020-293-CM23,Gran Compra: 68572 Adq Vehiculos SOP,"FACTURAR A: Ministerio de Obras Públicas Dirección Gral de OOPP
RUT: 61.202.000-0
COD UDP: 2020
UNID: NIVEL_CENTRAL_SUBSECRETARIA
ENVIAR ARCHIVO XML CORREO: mop_dte@paperless.cl

COORDINAR LUGAR DE ENTREGA PREVIAMENTE CON:
jorge.alvarez.g@mop.gov.cl - Fono +56-2-24493163
patricio.bustos@mop.gov.cl - Fono +56-2-24493153",CM,Proveniente de convenio marco,No,No,9,CM,Convenio Marco,6,Aceptada,4,Aceptada,2023-07-19,2023-08-31,2023-08-11,2023-09-01,2023-08-31,,1,4,19,"178085261,2",CLP,"178085261,2","28433781,2",IVA,0,0,149651480,2016,61.202.000-0,MOP Subsecretaría ,7249,MINISTERIO DE OBRAS PUBLICAS DIREC CION GRAL DE OO PP DCYF,Obras Públicas,GOBIERNO CENTRAL Y ADMINISTRACION PUBLICA,Santiago,Región Metropolitana de Santiago,,26569.0,91.502.000-3,Salinas y Fabres S.A.,26778.0,SALINAS Y FABRES SOCIEDAD ANONIMA,VENTA AL POR MAYOR DE VEHICULOS AUTOMOTORES (IMPOR,Santiago,Región Metropolitana de Santiago,Chile,29.03.000,19,,12,2.0,,2239-5-LR21,129832322,25101500.0,Vehículos y equipamiento en general / Vehículos motorizados / Vehículos para turismo,25101503.0,Automóviles,Vehículos y equipamiento en general,Vehículos motorizados,Vehículos para turismo,(1928651) SUV NISSAN  QASHQAI 1.3L SEMSE MT 2WD MACROZONA CENTRO 2023 1928651,"(1928651) SUV NISSAN  QASHQAI 1.3L SEMSE MT 2WD MACROZONA CENTRO 2023; Código:  ;Región : VI
",4,,CLP,19725818.0,0,0,0.0,78903272,30 dias contra la recepcion conforme de la factura,2023,8
48564128,1596-267-CM23,http://www.mercadopublico.cl/PurchaseOrder/Modules/PO/DetailsPurchaseOrder.aspx?codigoOC=1596-267-CM23,ADQUISICION DE VEHICULOS (CAMIONETAS) PARA LA ILUSTRE MUNICIPALIDAD DE SAN JAVIER,"Adquisición  Proyecto ADQUISICION DE VEHICULOS (CAMIONETAS) PARA LA ILUSTRE MUNICIPALIDAD DE SAN JAVIER COD. BIP.  40.016.560-0.
COMPRA PARA LA I. MUNICIPALIDAD DE SAN JAVIER
INCLUYE: Permiso Circulación, Placa Patente,  SOAP, Rev. Técnica, Logos.
LUGAR DE ENTREGA: Dependencias I. Municipalidad de San Javier, Plazo 10 días corridos

",CM,Proveniente de convenio marco,No,No,9,CM,Convenio Marco,12,Recepcion Conforme,7,Recepcion Conforme,2023-07-21,2023-08-01,2023-07-21,2023-08-01,2023-08-11,,1,4,19,"102152279,88",CLP,"102152279,88","16310027,88",IVA,0,0,85842252,2592,72.227.000-2,Gobierno Regional del Maule,7223,GOBIERNO REGIONAL VII REGION,"Gob. Central, Universidades",Servicio Publico,Talca,Región del Maule ,CL,26569.0,91.502.000-3,Salinas y Fabres S.A.,26778.0,SALINAS Y FABRES SOCIEDAD ANONIMA,VENTA AL POR MAYOR DE VEHICULOS AUTOMOTORES (IMPOR,Santiago,Región Metropolitana de Santiago,Chile,1570,19,CL,22,2.0,,2239-5-LR21,129872180,25101500.0,Vehículos y equipamiento en general / Vehículos motorizados / Vehículos para pasajeros,25101507.0,SUV o todo terrenos,Vehículos y equipamiento en general,Vehículos motorizados,Vehículos para pasajeros,(1929217) CAMIONETA TOYOTA HILUX 2.4L DX CD 4X4 MACROZONA SUR 2023 1929217,"(1929217) CAMIONETA TOYOTA HILUX 2.4L DX CD 4X4 MACROZONA SUR 2023; Código:  ;Región : VII
",3,,CLP,28614084.0,0,0,0.0,85842252,30 dias contra la recepcion conforme de la factura,2023,8
48680615,768-388-CM23,http://www.mercadopublico.cl/PurchaseOrder/Modules/PO/DetailsPurchaseOrder.aspx?codigoOC=768-388-CM23,Orden de Compra generada por la Gran Compra: 68755,"REPOSICIÓN PARQUE VEHICULAR PARA LA I ZONA TARAPACA, BIP 40018958, POR 9 CAMIONETAS DOBLE CABINA 4X4 COLOR FABRICA",CM,Proveniente de convenio marco,No,No,9,CM,Convenio Marco,6,Aceptada,4,Aceptada,2023-08-09,2023-08-30,2023-08-30,2023-08-30,2023-08-31,,1,0,0,278352900,CLP,278352900,44442900,IVA,0,0,233910000,1764,72.223.100-7,Gobierno Regional de Tarapacá,7084,GOBIERNO REGIONAL DE TARAPACA,"Gob. Central, Universidades",,Iquique,Región de Tarapacá  ,CL,24507.0,84.807.200-1,BRUNO FRITSCH S.A.,24823.0,BRUNO FRITSCH S.A.,VENTA O COMPRAVENTA AL POR MENOR DE VEHICULOS AUTO,Maipú,Región Metropolitana de Santiago,Chile,1014,19,CL,7,2.0,,2239-5-LR21,130217245,25101500.0,Vehículos y equipamiento en general / Vehículos motorizados / Vehículos para pasajeros,25101507.0,SUV o todo terrenos,Vehículos y equipamiento en general,Vehículos motorizados,Vehículos para pasajeros,(1929214) CAMIONETA TOYOTA HILUX 2.4L DX CD 4X4 MACROZONA NORTE 2023 1929214,"(1929214) CAMIONETA TOYOTA HILUX 2.4L DX CD 4X4 MACROZONA NORTE 2023; Código:  ;Región : I
",9,,CLP,25990000.0,0,0,0.0,233910000,30 dias contra la recepcion conforme de la factura,2023,8
48692181,1596-301-CM23,http://www.mercadopublico.cl/PurchaseOrder/Modules/PO/DetailsPurchaseOrder.aspx?codigoOC=1596-301-CM23,ADQUISICION DE VEHICULOS DE DOTACION OPERACIONES DE ONEMI MAULE,"
Adquisición  Proyecto ADQUISICION DE VEHICULOS DE DOTACION OPERACIONES DE ONEMI"" COD. BIP.  40.033.751-0. 
COMPRA PARA OFICINA NACIONAL DE EMERGENCIA
INCLUYE: Permiso Circulación, Placa Patente,  SOAP, Rev. Técnica, Logos.
LUGAR DE ENTREGA: Dirección Regional ONEMI Maule Talca, Plazo 15 días corridos 
",CM,Proveniente de convenio marco,No,No,9,CM,Convenio Marco,12,Recepcion Conforme,7,Recepcion Conforme,2023-08-10,2023-08-24,2023-08-10,2023-08-24,2023-08-24,,1,4,19,"64875715,52",CLP,"64875715,52","10358307,52",IVA,0,0,54517408,2592,72.227.000-2,Gobierno Regional del Maule,7223,GOBIERNO REGIONAL VII REGION,"Gob. Central, Universidades",Servicio Publico,Talca,Región del Maule ,CL,26569.0,91.502.000-3,Salinas y Fabres S.A.,26778.0,SALINAS Y FABRES SOCIEDAD ANONIMA,VENTA AL POR MAYOR DE VEHICULOS AUTOMOTORES (IMPOR,Santiago,Región Metropolitana de Santiago,Chile,1668,19,CL,22,2.0,,2239-5-LR21,130250375,25101500.0,Vehículos y equipamiento en general / Vehículos motorizados / Vehículos para pasajeros,25101507.0,SUV o todo terrenos,Vehículos y equipamiento en general,Vehículos motorizados,Vehículos para pasajeros,(1929217) CAMIONETA TOYOTA HILUX 2.4L DX CD 4X4 MACROZONA SUR 2023 1929217,"(1929217) CAMIONETA TOYOTA HILUX 2.4L DX CD 4X4 MACROZONA SUR 2023; Código:  ;Región : VII
",2,,CLP,27258704.0,0.0,0,0.0,54517408,30 dias contra la recepcion conforme de la factura,2023,8
48708311,1001-268-SE23,http://www.mercadopublico.cl/PurchaseOrder/Modules/PO/DetailsPurchaseOrder.aspx?codigoOC=1001-268-SE23,Servicio de mantención y reparación de vehículos ,TD. ART. 10 N°7 LETRA e) RES. DV. R.A. N°2000 DEL 22.09.2021,SE,Proveniente de convenio marco,No,No,8,SE,Sin emisión automática,6,Aceptada,4,Aceptada,2023-08-14,2023-08-23,2023-08-23,2023-08-23,2023-08-23,,1,4,19,"2471388,43",CLP,"2471388,43","394591,43",IVA,0,0,2076797,1997,61.202.000-0,Dirección de Vialidad - IX Región - Dirección Regional,7248,MINISTERIO DE OBRAS PUBLICAS DIREC CION GRAL DE OO PP DCYF,Obras Públicas,GOBIERNO CENTRAL Y ADMINISTRACION PUBLICA,Temuco,Región de la Araucanía ,CL,79958.0,91.502.000-3,Salinas y Fabres S.A. - Sucursal Temuco,26778.0,SALINAS Y FABRES SOCIEDAD ANONIMA,VENTA AL POR MAYOR DE VEHICULOS AUTOMOTORES (IMPOR,Padre Las Casas,Región de la Araucanía ,Chile,31-02-999 BIP 40038511-0,19,CL,12,2.0,,,130296322,25101900.0,Vehículos y equipamiento en general / Vehículos motorizados / Vehículos especiales y de recreación,25101903.0,Trineos motorizados o motos de nieve,Vehículos y equipamiento en general,Vehículos motorizados,Vehículos especiales y de recreación,"9R-MUJD-469, MOTONIVELADORA 6X6 PARA LA NIEVE, OT 3412852, EEPP 148120",PRESUPUESTO N°71767233,1,Global,CLP,242780.0,0,0,0.0,242780,30 dias contra la recepcion conforme de la factura,2023,8
48773100,978-296-CM23,http://www.mercadopublico.cl/PurchaseOrder/Modules/PO/DetailsPurchaseOrder.aspx?codigoOC=978-296-CM23,Orden de Compra generada por la Gran Compra: 68767,"adquisición de 5 Vehículos SUV 4x4 Gasolina, tipo ID 1930353, para la Dirección de Obras Portuarias - Gran Compra ID N° 68767.

Al momento de facturar incluir código 2240 en la glosa de la factura, se ajunta procedimiento de facturación",CM,Proveniente de convenio marco,No,No,9,CM,Convenio Marco,12,Recepcion Conforme,7,Recepcion Conforme,2023-08-24,2023-08-24,2023-08-24,2023-09-25,2023-08-24,,1,"4,34838709677419",62,"124032997,9",CLP,"124032997,9","19803587,9",IVA,0,0,104229410,1974,61.202.000-0,Dirección de Obras Portuarias - MOP,7246,MINISTERIO DE OBRAS PUBLICAS DIREC CION GRAL DE OO PP DCYF,Obras Públicas,GOBIERNO CENTRAL Y ADMINISTRACION PUBLICA,Santiago,Región Metropolitana de Santiago,CL,32636.0,79.649.140-k,Automotores Gildemeister CAMIONES,32413.0,AUTOMOTORES GILDEMEISTER SPA,REPARACION OTROS TIPOS DE MAQUINARIA Y EQUIPOS DE ,Pudahuel,Región Metropolitana de Santiago,Chile,29 03,19,CL,9,2.0,,2239-5-LR21,130488951,25101500.0,Vehículos y equipamiento en general / Vehículos motorizados / Vehículos para turismo,25101503.0,Automóviles,Vehículos y equipamiento en general,Vehículos motorizados,Vehículos para turismo,(1930353) SUV HYUNDAI TUCSON NX4 2.0 AT 4WD PLUS MACROZONA METROPOLITANA 2023 1930353,"(1930353) SUV HYUNDAI TUCSON NX4 2.0 AT 4WD PLUS MACROZONA METROPOLITANA 2023; Código:  ;Región : RM
",5,,CLP,20845882.0,0,0,0.0,104229410,30 dias contra la recepcion conforme de la factura,2023,8
48817582,609-450-CM23,http://www.mercadopublico.cl/PurchaseOrder/Modules/PO/DetailsPurchaseOrder.aspx?codigoOC=609-450-CM23,ADQUISICIÓN DE 13 VEHÍCULOS PARA TRABAJA EN TERRENO,"VALOR INCLUYE:
? FLETE A DOMICILIO CLIENTE REGION METROPOLITANA
? PATENTE COMPLETA
o INSCRIPCIÓN
o PERMISO DE CIRCULACIÓN
o SOAP
o TRÁMITES
o IMPUESTO VERDE",CM,Proveniente de convenio marco,No,No,9,CM,Convenio Marco,12,Recepcion Conforme,7,Recepcion Conforme,2023-08-30,2023-08-31,2023-08-30,2023-08-31,2023-08-31,,1,0,0,"282099998,18",CLP,"282099998,18","45041176,18",IVA,0,0,237058822,1605,61.307.000-1,Instituto de Desarrollo Agropecuario - INDAP,6937,INSTITUTO DE DESARROLLO AGROPECUARIO,"Gob. Central, Universidades",INVESTIGACIONES Y DESARROLLO EXPERIMENTAL - CS SOC,Santiago,Región Metropolitana de Santiago,CL,24507.0,84.807.200-1,BRUNO FRITSCH S.A.,24823.0,BRUNO FRITSCH S.A.,VENTA O COMPRAVENTA AL POR MENOR DE VEHICULOS AUTO,Maipú,Región Metropolitana de Santiago,Chile,1867,19,CL,7,2.0,,2239-5-LR21,130619194,25101500.0,Vehículos y equipamiento en general / Vehículos motorizados / Vehículos para turismo,25101503.0,Automóviles,Vehículos y equipamiento en general,Vehículos motorizados,Vehículos para turismo,(1928232) SUV TOYOTA RAV4 2.0L LE MACROZONA METROPOLITANA 2023 1928232,"(1928232) SUV TOYOTA RAV4 2.0L LE MACROZONA METROPOLITANA 2023; Código:  ;Región : RM
",13,,CLP,18235294.0,0,0,0.0,237058822,30 dias contra la recepcion conforme de la factura,2023,8
48441096,5240-169-CM23,http://www.mercadopublico.cl/PurchaseOrder/Modules/PO/DetailsPurchaseOrder.aspx?codigoOC=5240-169-CM23,ADQUISICIÓN DE CAMIONETAS 4X4 COLOR FÁBRICA,"ACUERDO COMPLEMENTARIO: 05/2023.
VIGENCIA DEL ACUERDO COMPLEMENTARIO Y DURACIÓN: CLAUSULA TERCERO DEL ACUERDO COMPLEMENTARIO Y RESOLUCIÓN EXENTA N°601. 
PLAZO Y LUGAR DE ENTREGA: CLAUSULA SÉPTIMO DEL ACUERDO COMPLEMENTARIO.
PRECIO: CLAUSULA CUARTO DEL ACUERDO COMPLEMENTARIO.
FORMA DE PAGO Y FACTURACIÓN: CLAUSULA QUINTO DEL ACUERDO COMPLEMENTARIO.
MULTAS: CLAUSULA NOVENO DEL ACUERDO COMPLEMENTARIO.",CM,Proveniente de convenio marco,No,No,9,CM,Convenio Marco,12,Recepcion Conforme,7,Recepcion Conforme,2023-07-03,2023-09-07,2023-09-07,2024-01-12,2023-09-07,,1,5,3,"185940001,38",CLP,"185940001,38","29687899,38",IVA,0,0,156252102,6153,61.938.500-4,Direccion de Compras Publicas de Carabineros,113812,DIRECCION DE LOGISTICA DE CARABINEROS,FFAA,,Santiago,Región Metropolitana de Santiago,CL,62896.0,86.519.000-K,Maritano y Ebensperger Ltda.,61164.0,Maritano y Ebensperger Ltda.,VENTA O COMPRAVENTA AL POR MENOR DE VEHICULOS AUTO,Chillán,Región del Ñuble,Chile,20,19,CL,12,2.0,,2239-5-LR21,129506127,25101500.0,Vehículos y equipamiento en general / Vehículos motorizados / Vehículos para pasajeros,25101507.0,SUV o todo terrenos,Vehículos y equipamiento en general,Vehículos motorizados,Vehículos para pasajeros,(1929215) CAMIONETA TOYOTA HILUX 2.4L DX CD 4X4 MACROZONA CENTRO 2023 1929215,"(1929215) CAMIONETA TOYOTA HILUX 2.4L DX CD 4X4 MACROZONA CENTRO 2023; Código:  ;Región : VI
",6,,CLP,26042017.0,0,0,0.0,156252102,30 dias contra la recepcion conforme de la factura,2023,9
48857556,1596-348-CM23,http://www.mercadopublico.cl/PurchaseOrder/Modules/PO/DetailsPurchaseOrder.aspx?codigoOC=1596-348-CM23,ADQUISICIÓN 04 CAMIONETAS HUALAÑÉ,"Adquisición  Proyecto ADQUISICIÓN CAMIONETAS ILUSTRE MUNICIPALIDAD DE HUALAÑE"" COD. BIP.  40.004.081-0. 
COMPRA PARA LA I. MUNICIPALIDAD DE HUALAÑE
INCLUYE: Permiso Circulación, Placa Patente,  SOAP, Rev. Técnica, Logos.
LUGAR DE ENTREGA: Dependencias I. Municipalidad de Hualañé, Plazo 10 días corridos 
",CM,Proveniente de convenio marco,No,No,9,CM,Convenio Marco,12,Recepcion Conforme,7,Recepcion Conforme,2023-09-05,2023-09-28,2023-09-05,2023-09-05,2023-09-28,,1,4,19,"129778881,96",CLP,"129778881,96","20720997,96",IVA,0,0,109057884,2592,72.227.000-2,Gobierno Regional del Maule,7223,GOBIERNO REGIONAL VII REGION,"Gob. Central, Universidades",Servicio Publico,Talca,Región del Maule ,CL,26569.0,91.502.000-3,Salinas y Fabres S.A.,26778.0,SALINAS Y FABRES SOCIEDAD ANONIMA,VENTA AL POR MAYOR DE VEHICULOS AUTOMOTORES (IMPOR,Santiago,Región Metropolitana de Santiago,Chile,2201,19,CL,22,2.0,,2239-5-LR21,130733227,25101500.0,Vehículos y equipamiento en general / Vehículos motorizados / Vehículos para pasajeros,25101507.0,SUV o todo terrenos,Vehículos y equipamiento en general,Vehículos motorizados,Vehículos para pasajeros,(1840079) CAMIONETAS NISSAN NAVARA DC SE 2.3D MT 4WD  MACROZONA SUR 1840079,"(1840079) CAMIONETAS NISSAN NAVARA DC SE 2.3D MT 4WD  MACROZONA SUR; Código: ;Región : VII
",4,,CLP,27264471.0,0,0,0.0,109057884,30 dias contra la recepcion conforme de la factura,2023,9
48975563,3020-25-CM23,http://www.mercadopublico.cl/PurchaseOrder/Modules/PO/DetailsPurchaseOrder.aspx?codigoOC=3020-25-CM23,Orden de Compra generada por la Gran Compra: 68612,"FACTURAR A NOMBRE DEL GOBIERNO REGIONAL DEL BIOBIO
RUT. 72.232.500-1
GIRO: ADMINISTRACION CENTRAL ADMINISTRACION PUBLICA
AVENIDA ARTURO PRAT 525, CONCEPCION ",CM,Proveniente de convenio marco,No,No,9,CM,Convenio Marco,6,Aceptada,4,Aceptada,2023-09-29,2023-09-29,2023-09-29,2023-09-29,2023-10-04,,1,0,0,316492400,CLP,316492400,50532400,IVA,0,0,265960000,3973,69.151.300-9,Departamento SECPLAN,113259,I MUNICIPALIDAD DE LOTA,Municipalidades,MUNICIPALIDADES,Lota,Región del Biobío ,CL,24507.0,84.807.200-1,BRUNO FRITSCH S.A.,24823.0,BRUNO FRITSCH S.A.,VENTA O COMPRAVENTA AL POR MENOR DE VEHICULOS AUTO,Maipú,Región Metropolitana de Santiago,Chile,29-03,19,CL,12,2.0,,2239-5-LR21,131063709,25101500.0,Vehículos y equipamiento en general / Vehículos motorizados / Vehículos para pasajeros,25101507.0,SUV o todo terrenos,Vehículos y equipamiento en general,Vehículos motorizados,Vehículos para pasajeros,(1930018) CAMIONETA NISSAN NAVARA 2.3D DC XE 4X4 MACROZONA SUR 2023 1930018,"(1930018) CAMIONETA NISSAN NAVARA 2.3D DC XE 4X4 MACROZONA SUR 2023; Código:  ;Región : VIII
",10,,CLP,26596000.0,0,0,0.0,265960000,30 dias contra la recepcion conforme de la factura,2023,9
48836201,5240-263-CM23,http://www.mercadopublico.cl/PurchaseOrder/Modules/PO/DetailsPurchaseOrder.aspx?codigoOC=5240-263-CM23,ADQUISICIÓN DE CAMIONETAS 4X4 COLOR FÁBRICA,"ACUERDO COMPLEMENTARIO N°07/2023
PRECIO: VER CLÁUSULA CUARTO DEL ACUERDO COMPLEMENTARIO
FORMA DE PAGO Y FACTURACIÓN: VER CLÁUSULA QUINTO DEL ACUERDO COMPLEMENTARIO
PLAZO Y LUGAR DE ENTREGA: VER CLÁUSULA SÉPTIMO DEL ACUERDO COMPLEMENTARIO",CM,Proveniente de convenio marco,No,No,9,CM,Convenio Marco,12,Recepcion Conforme,7,Recepcion Conforme,2023-09-01,2023-10-19,2023-10-19,2024-01-04,2023-10-19,,1,0,0,340340000,CLP,340340000,54340000,IVA,0,0,"2,86e+08",6153,61.938.500-4,Direccion de Compras Publicas de Carabineros,113812,DIRECCION DE LOGISTICA DE CARABINEROS,FFAA,,Santiago,Región Metropolitana de Santiago,CL,24507.0,84.807.200-1,BRUNO FRITSCH S.A.,24823.0,BRUNO FRITSCH S.A.,VENTA O COMPRAVENTA AL POR MENOR DE VEHICULOS AUTO,Maipú,Región Metropolitana de Santiago,Chile,10,19,CL,12,2.0,,2239-5-LR21,130672602,25101500.0,Vehículos y equipamiento en general / Vehículos motorizados / Vehículos para pasajeros,25101507.0,SUV o todo terrenos,Vehículos y equipamiento en general,Vehículos motorizados,Vehículos para pasajeros,(1930011) CAMIONETA NISSAN NAVARA 2.3D DC SE 4X4 MACROZONA METROPOLITANA 2023 1930011,"(1930011) CAMIONETA NISSAN NAVARA 2.3D DC SE 4X4 MACROZONA METROPOLITANA 2023; Código:  ;Región : RM
",11,,CLP,,0,0,0.0,"2,86e+08",30 dias contra la recepcion conforme de la factura,2023,10
48859611,5240-266-CM23,http://www.mercadopublico.cl/PurchaseOrder/Modules/PO/DetailsPurchaseOrder.aspx?codigoOC=5240-266-CM23,ADQUISICIÓN DE VEHÍCULOS SUV COLOR FÁBRICA CON CARGO FORA PARA CARABINEROS DE CHILE,"ACUERDO COMPLEMENTARIO N°08-2023: VER ACUERDO COMPLEMENTARIO ADJUNTO
VIGENCIA  Y DURACIÓN DEL ACUERDO COMPLEMENTARIO: VER CLÁUSULA TERCERO DEL ACUERDO COMPLEMENTARIO
PRECIO: VER CLÁUSULA CUARTO DEL  ACUERDO COMPLEMENTARIO
FORMA DE PAGO Y FACTURACIÓN: VER CLÁUSULA QUINTO DEL ACUERDO COMPLEMENTARIO
PLAZO Y LUGAR DE ENTREGA: VER CLÁUSULA SÉPTIMO DEL ACUERDO COMPLEMENTARIO",CM,Proveniente de convenio marco,No,No,9,CM,Convenio Marco,12,Recepcion Conforme,7,Recepcion Conforme,2023-09-06,2023-10-02,2023-10-02,2023-12-22,2023-10-03,,1,"4,34838709677419",62,376884702,CLP,376884702,0,Exento,0,0,376884702,6153,61.938.500-4,Direccion de Compras Publicas de Carabineros,113812,DIRECCION DE LOGISTICA DE CARABINEROS,FFAA,,Santiago,Región Metropolitana de Santiago,CL,32636.0,79.649.140-k,Automotores Gildemeister CAMIONES,32413.0,AUTOMOTORES GILDEMEISTER SPA,REPARACION OTROS TIPOS DE MAQUINARIA Y EQUIPOS DE ,Pudahuel,Región Metropolitana de Santiago,Chile,856 2023,0,CL,12,2.0,,2239-5-LR21,130739300,25101500.0,Vehículos y equipamiento en general / Vehículos motorizados / Vehículos para turismo,25101503.0,Automóviles,Vehículos y equipamiento en general,Vehículos motorizados,Vehículos para turismo,(1930359) SUV HYUNDAI TUCSON NX4 2.0 AT VALUE MACROZONA METROPOLITANA 2023 1930359,"(1930359) SUV HYUNDAI TUCSON NX4 2.0 AT VALUE MACROZONA METROPOLITANA 2023; Código:  ;Región : RM
",3,,CLP,21398824.0,0,0,0.0,64196472,30 dias contra la recepcion conforme de la factura,2023,10
48859611,5240-266-CM23,http://www.mercadopublico.cl/PurchaseOrder/Modules/PO/DetailsPurchaseOrder.aspx?codigoOC=5240-266-CM23,ADQUISICIÓN DE VEHÍCULOS SUV COLOR FÁBRICA CON CARGO FORA PARA CARABINEROS DE CHILE,"ACUERDO COMPLEMENTARIO N°08-2023: VER ACUERDO COMPLEMENTARIO ADJUNTO
VIGENCIA  Y DURACIÓN DEL ACUERDO COMPLEMENTARIO: VER CLÁUSULA TERCERO DEL ACUERDO COMPLEMENTARIO
PRECIO: VER CLÁUSULA CUARTO DEL  ACUERDO COMPLEMENTARIO
FORMA DE PAGO Y FACTURACIÓN: VER CLÁUSULA QUINTO DEL ACUERDO COMPLEMENTARIO
PLAZO Y LUGAR DE ENTREGA: VER CLÁUSULA SÉPTIMO DEL ACUERDO COMPLEMENTARIO",CM,Proveniente de convenio marco,No,No,9,CM,Convenio Marco,12,Recepcion Conforme,7,Recepcion Conforme,2023-09-06,2023-10-02,2023-10-02,2023-12-22,2023-10-03,,1,"4,34838709677419",62,376884702,CLP,376884702,0,Exento,0,0,376884702,6153,61.938.500-4,Direccion de Compras Publicas de Carabineros,113812,DIRECCION DE LOGISTICA DE CARABINEROS,FFAA,,Santiago,Región Metropolitana de Santiago,CL,32636.0,79.649.140-k,Automotores Gildemeister CAMIONES,32413.0,AUTOMOTORES GILDEMEISTER SPA,REPARACION OTROS TIPOS DE MAQUINARIA Y EQUIPOS DE ,Pudahuel,Región Metropolitana de Santiago,Chile,856 2023,0,CL,12,2.0,,2239-5-LR21,130739299,25101500.0,Vehículos y equipamiento en general / Vehículos motorizados / Vehículos para turismo,25101503.0,Automóviles,Vehículos y equipamiento en general,Vehículos motorizados,Vehículos para turismo,(1930353) SUV HYUNDAI TUCSON NX4 2.0 AT 4WD PLUS MACROZONA METROPOLITANA 2023 1930353,"(1930353) SUV HYUNDAI TUCSON NX4 2.0 AT 4WD PLUS MACROZONA METROPOLITANA 2023; Código:  ;Región : RM
",15,,CLP,20845882.0,0,0,0.0,312688230,30 dias contra la recepcion conforme de la factura,2023,10
49052972,5520-4510-SE23,http://www.mercadopublico.cl/PurchaseOrder/Modules/PO/DetailsPurchaseOrder.aspx?codigoOC=5520-4510-SE23,Adquisición de camionetas Toyota Hilux C/Doble 2.4 4x4 MT DX Diésel. Gran Compra N°1978-2023.-	,"Código IDIEM Facturación 12062201 (G) Gran Compra Nº1978-2023 - SOL: 11951. 
* Proveedor, las facturas electrónicas deben ser remitidas al correo electrónico proveedores@idiem.cl. 
* Para consulta de Pagos enviar mail a  pagosproveedores@idiem.cl   
* Para envío de archivo XML  a mail dte.cl@einvoicing.signature-cloud.com
* Emitir factura entre 1-20 de cada mes.
*La orden de compra deberá estar en estado aceptada por el proveedor al momento de  recepcionar la factura- CBU

",SE,Proveniente de convenio marco,No,No,8,SE,Sin emisión automática,12,Recepcion Conforme,7,Recepcion Conforme,2023-10-11,2023-10-11,2023-10-11,2023-10-11,2023-10-19,,1,0,0,155146250,CLP,155146250,24771250,IVA,4410,0,130379410,6433,60.910.000-1,FCFM IDIEM,7251,UNIVERSIDAD DE CHILE,"Gob. Central, Universidades",VENTA AL POR MENOR DE OTROS PRODUCTOS EN PEQUENOS ALMACENES NO ESPECIA| OTRAS ACTIVIDADES EMPRESARIALES N.C.P.| UNIVERSIDADES| HOSPITALES Y CLINICAS,Santiago,Región Metropolitana de Santiago,CL,24507.0,84.807.200-1,BRUNO FRITSCH S.A.,24823.0,BRUNO FRITSCH S.A.,VENTA O COMPRAVENTA AL POR MENOR DE VEHICULOS AUTO,Maipú,Región Metropolitana de Santiago,Chile,1978-2023	,19,CL,7,2.0,,,131271915,25101500.0,Vehículos y equipamiento en general / Vehículos motorizados / Vehículos para pasajeros,25101507.0,Camiones ligeros o vehículos de deporte de utilida,Vehículos y equipamiento en general,Vehículos motorizados,Vehículos para pasajeros,,"Toyota Hilux C/Doble 2.4 4x4 MT DX Diésel y/o similar
",5,Unidad no definida,CLP,26075882.0,0,0,0.0,130379410,30 dias contra la recepcion conforme de la factura,2023,10
49142439,2490-360-CM23,http://www.mercadopublico.cl/PurchaseOrder/Modules/PO/DetailsPurchaseOrder.aspx?codigoOC=2490-360-CM23,Orden de Compra generada por la Gran Compra: 68932,"ADQUISICIÓN DE 6 CAMIONETAS, MUNICIPALIDAD DE PROVIDENCIA.",CM,Proveniente de convenio marco,No,No,9,CM,Convenio Marco,12,Recepcion Conforme,7,Recepcion Conforme,2023-10-24,2023-10-24,2023-10-24,2023-10-24,2023-10-26,,1,"4,56",5,"167802830,58",CLP,"167802830,58","26792048,58",IVA,0,0,141010782,3482,69.070.300-9,Dirección de Secpla,88102,I MUNICIPALIDAD DE PROVIDENCIA,Municipalidades,GOBIERNO CENTRAL Y ADMINISTRACION PUBLICA,Providencia,Región Metropolitana de Santiago,CL,32639.0,79.853.470-K,SALAZAR ISRAEL,32414.0,AUTOMOTRIZ CORDILLERA S.A.,VENTA AL POR MAYOR DE VEHICULOS AUTOMOTORES (IMPOR,Concepción,Región del Biobío ,Chile,29.03.001.13.02.01-01,19,CL,7,2.0,,2239-5-LR21,131532267,25101500.0,Vehículos y equipamiento en general / Vehículos motorizados / Vehículos para pasajeros,25101507.0,SUV o todo terrenos,Vehículos y equipamiento en general,Vehículos motorizados,Vehículos para pasajeros,(1929114) CAMIONETA NISSAN NAVARA 2.3D DC XE MACROZONA METROPOLITANA 2023 1929114,"(1929114) CAMIONETA NISSAN NAVARA 2.3D DC XE MACROZONA METROPOLITANA 2023; Código:  ;Región : RM
",6,,CLP,23501797.0,0,0,0.0,141010782,30 dias contra la recepcion conforme de la factura,2023,10
49191395,1596-446-CM23,http://www.mercadopublico.cl/PurchaseOrder/Modules/PO/DetailsPurchaseOrder.aspx?codigoOC=1596-446-CM23,ADQUISICIÓN CAMIONETAS ILUSTRE MUNICIPALIDAD DE VICHUQUÉN,"Adquisición  Proyecto ADQUISICIÓN CAMIONETAS ILUSTRE MUNICIPALIDAD DE VICHUQUÉN"" COD. BIP.  40.030.594-0.- 
COMPRA PARA LA I. MUNICIPALIDAD DE VICHUQUÉN
INCLUYE: Permiso Circulación, Placa Patente,  SOAP, Rev. Técnica, Logos.
LUGAR DE ENTREGA: Dependencias I. Municipalidad de Vichuquén, Plazo 05 días corridos 
",CM,Proveniente de convenio marco,No,No,9,CM,Convenio Marco,12,Recepcion Conforme,7,Recepcion Conforme,2023-10-31,2023-11-13,2023-10-31,2023-10-31,2023-11-13,,1,4,19,"102448382,82",CLP,"102448382,82","16357304,82",IVA,0,0,86091078,2592,72.227.000-2,Gobierno Regional del Maule,7223,GOBIERNO REGIONAL VII REGION,"Gob. Central, Universidades",Servicio Publico,Talca,Región del Maule ,CL,26569.0,91.502.000-3,Salinas y Fabres S.A.,26778.0,SALINAS Y FABRES SOCIEDAD ANONIMA,VENTA AL POR MAYOR DE VEHICULOS AUTOMOTORES (IMPOR,Santiago,Región Metropolitana de Santiago,Chile,2991,19,CL,22,2.0,,2239-5-LR21,131679856,25101500.0,Vehículos y equipamiento en general / Vehículos motorizados / Vehículos para pasajeros,25101507.0,SUV o todo terrenos,Vehículos y equipamiento en general,Vehículos motorizados,Vehículos para pasajeros,(1929217) CAMIONETA TOYOTA HILUX 2.4L DX CD 4X4 MACROZONA SUR 2023 1929217,"(1929217) CAMIONETA TOYOTA HILUX 2.4L DX CD 4X4 MACROZONA SUR 2023; Código:  ;Región : VII
",3,,CLP,28697026.0,0,0,0.0,86091078,30 dias contra la recepcion conforme de la factura,2023,11
49202120,4660-44-CM23,http://www.mercadopublico.cl/PurchaseOrder/Modules/PO/DetailsPurchaseOrder.aspx?codigoOC=4660-44-CM23,Orden de Compra generada por la Gran Compra: 69086,"GC ID N°69086 ""ADQUISICIÓN DE CUATRO CAMIONETAS JMC VIGUS WORK 2.5L 4X4, AÑO 2023 ID 1929036""
SOL.COMPRA N°14-2023
REX N°5041 APRUEBA GRAN COMPRA
REX N°5401 APRUEBA ACUERDO COMPLEMENTARIO
CONTACTO: ANDRÉS MUÑOZ, FONO 224066433",CM,Proveniente de convenio marco,No,No,9,CM,Convenio Marco,12,Recepcion Conforme,7,Recepcion Conforme,2023-11-02,2023-11-02,2023-11-02,2023-11-02,2023-11-02,,1,"4,93333333333333",3,85415582,CLP,85415582,13637782,IVA,0,0,71777800,5575,60.901.000-2,CM - ADMINISTRACIÓN INTERNA,6958,SUBSECRETARIA DEL MINISTERIO DE EDUCACION PUBLICA,"Gob. Central, Universidades",EDICION PRINCIPALMENTE DE LIBROS| AGENCIAS DE NOTICIAS,Alhué,Región Metropolitana de Santiago,CL,27324.0,96.642.160-6,PIAMONTE S.A.,27411.0,PIAMONTE S A,CULTIVO DE UVA DESTINADA A PRODUCCION DE VINO| VEN,Ñuñoa,Región Metropolitana de Santiago,Chile,,19,CL,22,2.0,,2239-5-LR21,131710464,25101500.0,Vehículos y equipamiento en general / Vehículos motorizados / Vehículos para pasajeros,25101507.0,SUV o todo terrenos,Vehículos y equipamiento en general,Vehículos motorizados,Vehículos para pasajeros,(1929036) CAMIONETA JMC VIGUS WORK 2.5L 4X4 MACROZONA METROPOLITANA 2023 1929036,"(1929036) CAMIONETA JMC VIGUS WORK 2.5L 4X4 MACROZONA METROPOLITANA 2023; Código:  ;Región : RM
",4,,CLP,17944450.0,0,0,0.0,71777800,30 dias contra la recepcion conforme de la factura,2023,11
49264409,634-989-CM23,http://www.mercadopublico.cl/PurchaseOrder/Modules/PO/DetailsPurchaseOrder.aspx?codigoOC=634-989-CM23,14 vehículos Gran Compra: 69397,"Coordinar con Sebastián González al correo electrónico sebastian.gonzalez@gendarmeria.cl

ver facturación y forma de pago en formulario N°1",CM,Proveniente de convenio marco,No,No,9,CM,Convenio Marco,12,Recepcion Conforme,7,Recepcion Conforme,2023-11-09,2023-11-09,2023-11-09,2023-11-09,2023-11-10,,1,0,0,293216000,CLP,293216000,46816000,IVA,0,0,246400000,1630,61.004.000-4,Dirección Nacional,6925,DIRECCION GENERAL DE GENDARMERIA DE CHIL,"Gob. Central, Universidades",Gubernamental,Santiago,Región Metropolitana de Santiago,CL,24507.0,84.807.200-1,BRUNO FRITSCH S.A.,24823.0,BRUNO FRITSCH S.A.,VENTA O COMPRAVENTA AL POR MENOR DE VEHICULOS AUTO,Maipú,Región Metropolitana de Santiago,Chile,3998,19,CL,7,2.0,,2239-5-LR21,131887383,25101500.0,Vehículos y equipamiento en general / Vehículos motorizados / Vehículos para turismo,25101503.0,Automóviles,Vehículos y equipamiento en general,Vehículos motorizados,Vehículos para turismo,(1928232) SUV TOYOTA RAV4 2.0L LE MACROZONA METROPOLITANA 2023 1928232,"(1928232) SUV TOYOTA RAV4 2.0L LE MACROZONA METROPOLITANA 2023; Código:  ;Región : RM
",14,,CLP,17600000.0,0,0,0.0,246400000,30 dias contra la recepcion conforme de la factura,2023,11
49302567,646-147-SE23,http://www.mercadopublico.cl/PurchaseOrder/Modules/PO/DetailsPurchaseOrder.aspx?codigoOC=646-147-SE23,PAGO DOCUMENTACION VEHICULO HYUNDAI GRAND CRETA,Pago de documentos vehículo Hyundai Grand Creta,SE,Proveniente de convenio marco,No,No,8,SE,Sin emisión automática,12,Recepcion Conforme,7,Recepcion Conforme,2023-11-15,2023-11-16,2023-11-15,2023-11-16,2023-11-17,,1,"4,34838709677419",62,479581,CLP,479581,0,Exento,0,0,479581,1642,61.816.000-9,SERVIU IV Región,6972,SERVICIO DE VIVIENDA Y URBANIZACION IV REGION,Obras Públicas,SERVICIO PUBLICO,La Serena,Región de Coquimbo ,CL,32637.0,79.649.140-k,Automotores Gildemeister - Casa Matriz,32413.0,AUTOMOTORES GILDEMEISTER SPA,REPARACION OTROS TIPOS DE MAQUINARIA Y EQUIPOS DE ,Vitacura,Región Metropolitana de Santiago,Chile,1442,0,CL,12,2.0,,,132001340,25101500.0,Vehículos y equipamiento en general / Vehículos motorizados / Vehículos para turismo,25101503.0,Automóviles,Vehículos y equipamiento en general,Vehículos motorizados,Vehículos para turismo,"Documentos vehículo Hyundai Grand Creta, inscripción, soap, impuesto verde, pc.",,1,Unidad no definida,CLP,479581.0,0,0,0.0,479581,30 dias contra la recepcion conforme de la factura,2023,11
49303117,646-148-SE23,http://www.mercadopublico.cl/PurchaseOrder/Modules/PO/DetailsPurchaseOrder.aspx?codigoOC=646-148-SE23,PAGO TRÁMITES VEHICULO HYUNDAI GRAND CRETA,PAGO TRÁMITES VEHICULO HYUNDAI GRAND CRETA,SE,Proveniente de convenio marco,No,No,8,SE,Sin emisión automática,12,Recepcion Conforme,7,Recepcion Conforme,2023-11-15,2023-11-16,2023-11-15,2023-11-16,2023-11-17,,1,"4,34838709677419",62,21420,CLP,21420,3420,IVA,0,0,18000,1642,61.816.000-9,SERVIU IV Región,6972,SERVICIO DE VIVIENDA Y URBANIZACION IV REGION,Obras Públicas,SERVICIO PUBLICO,La Serena,Región de Coquimbo ,CL,32637.0,79.649.140-k,Automotores Gildemeister - Casa Matriz,32413.0,AUTOMOTORES GILDEMEISTER SPA,REPARACION OTROS TIPOS DE MAQUINARIA Y EQUIPOS DE ,Vitacura,Región Metropolitana de Santiago,Chile,1442,19,CL,12,2.0,,,132002027,25101500.0,Vehículos y equipamiento en general / Vehículos motorizados / Vehículos para turismo,25101503.0,Automóviles,Vehículos y equipamiento en general,Vehículos motorizados,Vehículos para turismo,TRAMITES ADQUISICION VEHICULO HYUNDAI CRETA GRAND,,1,Unidad no definida,CLP,18000.0,0,0,0.0,18000,30 dias contra la recepcion conforme de la factura,2023,11
49323565,734-1150-CM23,http://www.mercadopublico.cl/PurchaseOrder/Modules/PO/DetailsPurchaseOrder.aspx?codigoOC=734-1150-CM23,Orden de Compra generada por la Gran Compra: 69588,"ADQUSICION DE 9 CAMIONETAS 4X4 DOBLE CABINA MARCA MITSUBISHI AÑO 2024 ,
",CM,Proveniente de convenio marco,No,No,9,CM,Convenio Marco,12,Recepcion Conforme,7,Recepcion Conforme,2023-11-17,2023-11-17,2023-11-17,2023-11-17,2023-11-20,,1,4,19,"294922501,65",CLP,"294922501,65","47088466,65",IVA,0,0,247834035,1730,61.607.800-3,DIRECCION,7206,SERVICIO DE SALUD AYSEN CARLOS IBANEZ DEL CAMPO,Salud,-,Coyhaique,Región Aysén del General Carlos Ibáñez del Campo,CL,26569.0,91.502.000-3,Salinas y Fabres S.A.,26778.0,SALINAS Y FABRES SOCIEDAD ANONIMA,VENTA AL POR MAYOR DE VEHICULOS AUTOMOTORES (IMPOR,Santiago,Región Metropolitana de Santiago,Chile,,19,CL,7,2.0,,2239-5-LR21,132060444,25101500.0,Vehículos y equipamiento en general / Vehículos motorizados / Vehículos para pasajeros,25101507.0,SUV o todo terrenos,Vehículos y equipamiento en general,Vehículos motorizados,Vehículos para pasajeros,(1929989) CAMIONETA MITSUBISHI L200 KATANA CRT 2.4L 4X4 MACROZONA AUSTRAL 2023 1929989,"(1929989) CAMIONETA MITSUBISHI L200 KATANA CRT 2.4L 4X4 MACROZONA AUSTRAL 2023; Código:  ;Región : XI
",9,,CLP,27537115.0,0,0,0.0,247834035,30 dias contra la recepcion conforme de la factura,2023,11
49356014,2568-341-SE23,http://www.mercadopublico.cl/PurchaseOrder/Modules/PO/DetailsPurchaseOrder.aspx?codigoOC=2568-341-SE23,Mantención de motos Previsión.,"Mantención de motos Previsión.
PATENTES  GLT-64 - RS-904  y GLT-74",SE,Proveniente de convenio marco,No,No,8,SE,Sin emisión automática,12,Recepcion Conforme,7,Recepcion Conforme,2023-11-21,2023-11-24,2023-11-21,2023-11-22,2023-11-27,,1,0,0,"1596926,45",CLP,"1596926,45","254971,45",IVA,0,0,1341955,3559,61.313.000-4,VI Region - U.G. Manejo Del Fuego,6924,CORP NACIONAL FORESTAL,"Gob. Central, Universidades",OTRAS ACTIVIDADES DE SERVICIOS CONEXAS A LA SILVICULTURA N.C.P.,Machalí,Región del Libertador General Bernardo O´Higgins,CL,1287342.0,77.730.969-2,FIRMUS SPA,1872757.0,FIRMUS SPA,,,Región del Libertador General Bernardo O´Higgins,,,19,CL,7,2.0,,,132155186,25101800.0,Vehículos y equipamiento en general / Vehículos motorizados / Bicicletas con motor,25101802.0,Escuters o motos pequeñas,Vehículos y equipamiento en general,Vehículos motorizados,Bicicletas con motor,"Mantención de motos prevención, cambio de neumáticos, bujías, baterías ,reparación de motor entre otros.
PATENTES  GLT-64 y RS-904.","Mantención de motos prevención, cambio de neumáticos, bujías, baterías ,reparación de motor entre otros.
PATENTES  GLT-64 y RS-904.",1,Unidad no definida,CLP,1341955.0,0,0,0.0,1341955,30 dias contra la recepcion conforme de la factura,2023,11
49416034,603663-563-CM23,http://www.mercadopublico.cl/PurchaseOrder/Modules/PO/DetailsPurchaseOrder.aspx?codigoOC=603663-563-CM23,ADQUISICIÓN DE 04 VEHÍCULOS TIPO SUV INDH,"Orden de Compra generada por la Gran Compra: 69693
P 63 Gastos Operacionales 
Solicitud  #2223",CM,Proveniente de convenio marco,No,No,9,CM,Convenio Marco,12,Recepcion Conforme,7,Recepcion Conforme,2023-11-29,2023-11-29,2023-11-29,2023-11-29,2023-11-30,,1,0,0,99998080,CLP,99998080,15966080,IVA,0,0,84032000,603663,65.028.707-K,Unidad de Administracion y Finanzas,1189679,INSTITUTO NACIONAL DE DERECHOS HUMANOS,"Gob. Central, Universidades",Corporacion autonoma de derecho publico,Providencia,Región Metropolitana de Santiago,CL,24507.0,84.807.200-1,BRUNO FRITSCH S.A.,24823.0,BRUNO FRITSCH S.A.,VENTA O COMPRAVENTA AL POR MENOR DE VEHICULOS AUTO,Maipú,Región Metropolitana de Santiago,Chile,4594,19,CL,9,2.0,,2239-5-LR21,132326756,25101500.0,Vehículos y equipamiento en general / Vehículos motorizados / Vehículos para turismo,25101503.0,Automóviles,Vehículos y equipamiento en general,Vehículos motorizados,Vehículos para turismo,(1930353) SUV HYUNDAI TUCSON NX4 2.0 AT 4WD PLUS MACROZONA METROPOLITANA 2023 1930353,"(1930353) SUV HYUNDAI TUCSON NX4 2.0 AT 4WD PLUS MACROZONA METROPOLITANA 2023; Código:  ;Región : RM
",1,,CLP,21008000.0,0,0,0.0,21008000,30 dias contra la recepcion conforme de la factura,2023,11
49416034,603663-563-CM23,http://www.mercadopublico.cl/PurchaseOrder/Modules/PO/DetailsPurchaseOrder.aspx?codigoOC=603663-563-CM23,ADQUISICIÓN DE 04 VEHÍCULOS TIPO SUV INDH,"Orden de Compra generada por la Gran Compra: 69693
P 63 Gastos Operacionales 
Solicitud  #2223",CM,Proveniente de convenio marco,No,No,9,CM,Convenio Marco,12,Recepcion Conforme,7,Recepcion Conforme,2023-11-29,2023-11-29,2023-11-29,2023-11-29,2023-11-30,,1,0,0,99998080,CLP,99998080,15966080,IVA,0,0,84032000,603663,65.028.707-K,Unidad de Administracion y Finanzas,1189679,INSTITUTO NACIONAL DE DERECHOS HUMANOS,"Gob. Central, Universidades",Corporacion autonoma de derecho publico,Providencia,Región Metropolitana de Santiago,CL,24507.0,84.807.200-1,BRUNO FRITSCH S.A.,24823.0,BRUNO FRITSCH S.A.,VENTA O COMPRAVENTA AL POR MENOR DE VEHICULOS AUTO,Maipú,Región Metropolitana de Santiago,Chile,4594,19,CL,9,2.0,,2239-5-LR21,132326753,25101500.0,Vehículos y equipamiento en general / Vehículos motorizados / Vehículos para turismo,25101503.0,Automóviles,Vehículos y equipamiento en general,Vehículos motorizados,Vehículos para turismo,(1930353) SUV HYUNDAI TUCSON NX4 2.0 AT 4WD PLUS MACROZONA METROPOLITANA 2023 1930353,"(1930353) SUV HYUNDAI TUCSON NX4 2.0 AT 4WD PLUS MACROZONA METROPOLITANA 2023; Código:  ;Región : II
",1,,CLP,21008000.0,0,0,0.0,21008000,30 dias contra la recepcion conforme de la factura,2023,11
49416034,603663-563-CM23,http://www.mercadopublico.cl/PurchaseOrder/Modules/PO/DetailsPurchaseOrder.aspx?codigoOC=603663-563-CM23,ADQUISICIÓN DE 04 VEHÍCULOS TIPO SUV INDH,"Orden de Compra generada por la Gran Compra: 69693
P 63 Gastos Operacionales 
Solicitud  #2223",CM,Proveniente de convenio marco,No,No,9,CM,Convenio Marco,12,Recepcion Conforme,7,Recepcion Conforme,2023-11-29,2023-11-29,2023-11-29,2023-11-29,2023-11-30,,1,0,0,99998080,CLP,99998080,15966080,IVA,0,0,84032000,603663,65.028.707-K,Unidad de Administracion y Finanzas,1189679,INSTITUTO NACIONAL DE DERECHOS HUMANOS,"Gob. Central, Universidades",Corporacion autonoma de derecho publico,Providencia,Región Metropolitana de Santiago,CL,24507.0,84.807.200-1,BRUNO FRITSCH S.A.,24823.0,BRUNO FRITSCH S.A.,VENTA O COMPRAVENTA AL POR MENOR DE VEHICULOS AUTO,Maipú,Región Metropolitana de Santiago,Chile,4594,19,CL,9,2.0,,2239-5-LR21,132326754,25101500.0,Vehículos y equipamiento en general / Vehículos motorizados / Vehículos para turismo,25101503.0,Automóviles,Vehículos y equipamiento en general,Vehículos motorizados,Vehículos para turismo,(1930353) SUV HYUNDAI TUCSON NX4 2.0 AT 4WD PLUS MACROZONA METROPOLITANA 2023 1930353,"(1930353) SUV HYUNDAI TUCSON NX4 2.0 AT 4WD PLUS MACROZONA METROPOLITANA 2023; Código:  ;Región : IX
",1,,CLP,21008000.0,0,0,0.0,21008000,30 dias contra la recepcion conforme de la factura,2023,11
49416034,603663-563-CM23,http://www.mercadopublico.cl/PurchaseOrder/Modules/PO/DetailsPurchaseOrder.aspx?codigoOC=603663-563-CM23,ADQUISICIÓN DE 04 VEHÍCULOS TIPO SUV INDH,"Orden de Compra generada por la Gran Compra: 69693
P 63 Gastos Operacionales 
Solicitud  #2223",CM,Proveniente de convenio marco,No,No,9,CM,Convenio Marco,12,Recepcion Conforme,7,Recepcion Conforme,2023-11-29,2023-11-29,2023-11-29,2023-11-29,2023-11-30,,1,0,0,99998080,CLP,99998080,15966080,IVA,0,0,84032000,603663,65.028.707-K,Unidad de Administracion y Finanzas,1189679,INSTITUTO NACIONAL DE DERECHOS HUMANOS,"Gob. Central, Universidades",Corporacion autonoma de derecho publico,Providencia,Región Metropolitana de Santiago,CL,24507.0,84.807.200-1,BRUNO FRITSCH S.A.,24823.0,BRUNO FRITSCH S.A.,VENTA O COMPRAVENTA AL POR MENOR DE VEHICULOS AUTO,Maipú,Región Metropolitana de Santiago,Chile,4594,19,CL,9,2.0,,2239-5-LR21,132326755,25101500.0,Vehículos y equipamiento en general / Vehículos motorizados / Vehículos para turismo,25101503.0,Automóviles,Vehículos y equipamiento en general,Vehículos motorizados,Vehículos para turismo,(1930353) SUV HYUNDAI TUCSON NX4 2.0 AT 4WD PLUS MACROZONA METROPOLITANA 2023 1930353,"(1930353) SUV HYUNDAI TUCSON NX4 2.0 AT 4WD PLUS MACROZONA METROPOLITANA 2023; Código:  ;Región : X
",1,,CLP,21008000.0,0,0,0.0,21008000,30 dias contra la recepcion conforme de la factura,2023,11
49430637,1020-544-CM23,http://www.mercadopublico.cl/PurchaseOrder/Modules/PO/DetailsPurchaseOrder.aspx?codigoOC=1020-544-CM23,Gran Compra: 69732 Adq Vehiculos SOP - CAMIONETAS,"SEGUN RESOLUCION SOP (Ex.) N° 466 DEL 14/12/2023.
FACTURAR A: Ministerio de Obras Públicas Dirección Gral de OOPP
RUT: 61.202.000-0
COD UDP: 2020
UNID: NIVEL_CENTRAL_SUBSECRETARIA
ENVIAR ARCHIVO XML CORREO: mop_dte@paperless.cl

COORDINAR LUGAR DE ENTREGA PREVIAMENTE CON:

patricio.bustos@mop.gov.cl - Fono +56-2-24493153
jorge.alvarez.g@mop.gov.cl - Fono +56-2-24493163",CM,Proveniente de convenio marco,No,No,9,CM,Convenio Marco,12,Recepcion Conforme,7,Recepcion Conforme,2023-11-30,2023-12-14,2023-11-30,2023-12-27,2023-12-15,,1,0,0,326000500,CLP,326000500,52050500,IVA,0,0,273950000,2016,61.202.000-0,MOP Subsecretaría ,7249,MINISTERIO DE OBRAS PUBLICAS DIREC CION GRAL DE OO PP DCYF,Obras Públicas,GOBIERNO CENTRAL Y ADMINISTRACION PUBLICA,Santiago,Región Metropolitana de Santiago,,24507.0,84.807.200-1,BRUNO FRITSCH S.A.,24823.0,BRUNO FRITSCH S.A.,VENTA O COMPRAVENTA AL POR MENOR DE VEHICULOS AUTO,Maipú,Región Metropolitana de Santiago,Chile,29.03.000,19,,12,2.0,,2239-5-LR21,132369847,25101500.0,Vehículos y equipamiento en general / Vehículos motorizados / Vehículos para pasajeros,25101507.0,SUV o todo terrenos,Vehículos y equipamiento en general,Vehículos motorizados,Vehículos para pasajeros,(1929217) CAMIONETA TOYOTA HILUX 2.4L DX CD 4X4 MACROZONA SUR 2023 1929217,"(1929217) CAMIONETA TOYOTA HILUX 2.4L DX CD 4X4 MACROZONA SUR 2023; Código:  ;Región : VIII
",10,,CLP,27395000.0,0,0,0.0,273950000,30 dias contra la recepcion conforme de la factura,2023,12
49530214,762-152-CM23,http://www.mercadopublico.cl/PurchaseOrder/Modules/PO/DetailsPurchaseOrder.aspx?codigoOC=762-152-CM23,Orden de Compra generada por la Gran Compra: 69766,"Para coordinar entrega de los vehiculos, tomar contacto con el Sr. Daniel Bustos al correo electrónico daniel.bustos@fosis.gob.cl",CM,Proveniente de convenio marco,No,No,9,CM,Convenio Marco,12,Recepcion Conforme,7,Recepcion Conforme,2023-12-14,2023-12-19,2023-12-19,2023-12-19,2023-12-20,,1,"4,34838709677419",62,"111051597,3",CLP,"111051597,3","17730927,3",IVA,0,0,93320670,1758,60.109.000-7,C - Subdireccion Administracion y Finanzas SAF,7182,FONDO DE SOLIDARIDAD E INVERSION SOCIAL,"Gob. Central, Universidades",GOBIERNO CENTRAL Y ADMINISTRACION PUBLICA,Santiago,Región Metropolitana de Santiago,CL,32636.0,79.649.140-k,Automotores Gildemeister CAMIONES,32413.0,AUTOMOTORES GILDEMEISTER SPA,REPARACION OTROS TIPOS DE MAQUINARIA Y EQUIPOS DE ,Pudahuel,Región Metropolitana de Santiago,Chile,1002,19,CL,7,2.0,,2239-5-LR21,132651137,25101500.0,Vehículos y equipamiento en general / Vehículos motorizados / Vehículos para turismo,25101503.0,Automóviles,Vehículos y equipamiento en general,Vehículos motorizados,Vehículos para turismo,(1930293) SUV HYUNDAI CRETA GRAND GRAND SU2I 2.0 MT PLUS MACROZONA METROPOLITANA 2023 1930293,"(1930293) SUV HYUNDAI CRETA GRAND GRAND SU2I 2.0 MT PLUS MACROZONA METROPOLITANA 2023; Código:  ;Región : RM
",6,,CLP,15553445.0,0,0,0.0,93320670,30 dias contra la recepcion conforme de la factura,2023,12
49537457,5240-394-CM23,http://www.mercadopublico.cl/PurchaseOrder/Modules/PO/DetailsPurchaseOrder.aspx?codigoOC=5240-394-CM23,ADQUISICIÓN DE CAMIONETAS 4X4 PARA CARABINEROS DE CHILE ,"ACUERDO COMPLEMENTARIO N°12-2023 
VIGENCIA Y DURACION DEL ACUERDO COMPLEMENTARIO: CONFORME CLAUSULA TERCERO 
PRECIO: CONFORME CLAUSULA CUARTO 
FORMA DE PAGO Y FACTURACION: CONFORME CLAUSULA QUINTO 
OBLIGACIONES DEL VENDEDOR: CONFORME CLAUSULA SEXTO 
PLAZO Y LUGAR DE ENTREGA: CONFORME CLAUSULA SEPTIMO 
MULTAS POR ATRASO EN LA ENTREGA: CONFORME CLAUSULA NOVENO
",CM,Proveniente de convenio marco,No,No,9,CM,Convenio Marco,12,Recepcion Conforme,7,Recepcion Conforme,2023-12-14,2023-12-29,2023-12-29,2024-01-22,2023-12-29,,1,5,3,333566996,CLP,333566996,53258596,IVA,0,0,280308400,6153,61.938.500-4,Direccion de Compras Publicas de Carabineros,113812,DIRECCION DE LOGISTICA DE CARABINEROS,FFAA,,Santiago,Región Metropolitana de Santiago,CL,62896.0,86.519.000-K,Maritano y Ebensperger Ltda.,61164.0,Maritano y Ebensperger Ltda.,VENTA O COMPRAVENTA AL POR MENOR DE VEHICULOS AUTO,Chillán,Región del Ñuble,Chile,,19,CL,12,2.0,,2239-5-LR21,132673128,25101500.0,Vehículos y equipamiento en general / Vehículos motorizados / Vehículos para pasajeros,25101507.0,SUV o todo terrenos,Vehículos y equipamiento en general,Vehículos motorizados,Vehículos para pasajeros,(1929215) CAMIONETA TOYOTA HILUX 2.4L DX CD 4X4 MACROZONA CENTRO 2023 1929215,"(1929215) CAMIONETA TOYOTA HILUX 2.4L DX CD 4X4 MACROZONA CENTRO 2023; Código:  ;Región : VI
",10,,CLP,28030840.0,0,0,0.0,280308400,30 dias contra la recepcion conforme de la factura,2023,12
49597236,4629-1179-CM23,http://www.mercadopublico.cl/PurchaseOrder/Modules/PO/DetailsPurchaseOrder.aspx?codigoOC=4629-1179-CM23,ADQUISICIÓN DE CAMIONETAS 4X4 PARA LA DIRECCIÓN DEL TRABAJO,"La Dirección del Trabajo, adquiere por el presente instrumento 14 (Catorce) camionetas doble cabina, tracción 4X4, año 2024, Mitsubishi L-200 Katana CRT, las cuales deber ser 0 kilómetro. Los vehículos deben ser entregados con toda la documentación vigente, a nombre de la Dirección del Trabajo, para circulación inmediata en todo el territorio nacional.",CM,Proveniente de convenio marco,No,No,9,CM,Convenio Marco,12,Recepcion Conforme,7,Recepcion Conforme,2023-12-22,2023-12-29,2023-12-29,2023-12-29,2023-12-29,,1,"4,56",5,404688060,CLP,404688060,64614060,IVA,0,0,340074000,5544,61.502.000-1,Nivel Central Santiago,7000,DIRECCION DEL TRABAJO,"Gob. Central, Universidades",,Santiago,Región Metropolitana de Santiago,CL,32639.0,79.853.470-K,SALAZAR ISRAEL,32414.0,AUTOMOTRIZ CORDILLERA S.A.,VENTA AL POR MAYOR DE VEHICULOS AUTOMOTORES (IMPOR,Concepción,Región del Biobío ,Chile,,19,CL,22,2.0,,2239-5-LR21,132849499,25101500.0,Vehículos y equipamiento en general / Vehículos motorizados / Vehículos para pasajeros,25101507.0,SUV o todo terrenos,Vehículos y equipamiento en general,Vehículos motorizados,Vehículos para pasajeros,(2035105) CAMIONETA MITSUBISHI L-200 D/C 4X4 TD KATANA CRT MACROZONA METROPOLITANA 2024 2035105,"(2035105) CAMIONETA MITSUBISHI L-200 D/C 4X4 TD KATANA CRT MACROZONA METROPOLITANA 2024; Código:  ;Región : RM
",14,,CLP,24291000.0,0,0,0.0,340074000,30 dias contra la recepcion conforme de la factura,2023,12
49630753,5284-93-CM23,http://www.mercadopublico.cl/PurchaseOrder/Modules/PO/DetailsPurchaseOrder.aspx?codigoOC=5284-93-CM23,Orden de Compra generada por la Gran Compra: 69814,"ADQUISICION DE 30 CAMIONETAS 4X4 ID 69.814
NOTA: Las facturas electrónicas, al momento de su emisión, deberán enviarse en formato XML al e-mail: mop_dte@paperless.cl, indicando en ""referencias"" el código, correspondiente a la unidad de pago: 2150:
NIVEL_CENTRAL_DIRECCION_DE_VIALIDAD_SUB_DE_MAQUINARIAS",CM,Proveniente de convenio marco,No,No,9,CM,Convenio Marco,6,Aceptada,4,Aceptada,2023-12-29,2023-12-29,2023-12-29,2023-12-29,2023-12-29,,1,"4,64444444444444",9,619316460,CLP,619316460,98882460,IVA,0,0,520434000,6197,61.202.000-0,Dirección de Vialidad - Nivel Central - Maestranza,7248,MINISTERIO DE OBRAS PUBLICAS DIREC CION GRAL DE OO PP DCYF,Obras Públicas,GOBIERNO CENTRAL Y ADMINISTRACION PUBLICA,Santiago,Región Metropolitana de Santiago,CL,824156.0,96.889.440-4,Mediterraneo Automotores SA,27979.0,MEDITERRANEO AUTOMOTORES S A,"VENTA, ARRIENDO, MANTENCION DE VEHICULOS",Ñuñoa,Región Metropolitana de Santiago,Chile,37151,19,CL,7,2.0,,2239-5-LR21,132943929,25101500.0,Vehículos y equipamiento en general / Vehículos motorizados / Vehículos para pasajeros,25101507.0,SUV o todo terrenos,Vehículos y equipamiento en general,Vehículos motorizados,Vehículos para pasajeros,(2033152) CAMIONETA MAXUS T60 4X4 DX MT E6 MACROZONA METROPOLITANA 2024 2033152,"(2033152) CAMIONETA MAXUS T60 4X4 DX MT E6 MACROZONA METROPOLITANA 2024; Código:  ;Región : RM
",30,,CLP,17347800.0,0,0,0.0,520434000,30 dias contra la recepcion conforme de la factura,2023,12
