marca,tipo producto,Model Name,Engine,Drive,Transmission,Year
changan,camioneta,hunter 1.9l comfort,,,,
changan,camioneta,hunter 1.9l comfort,,4X4,,
changan,camioneta,hunter 1.9l elite,,4X4,,
changan,camioneta,hunter 1.9l luxury,,,,
changan,camioneta,hunter 1.9l luxury,,4X4,,
changan,camioneta,hunter comfort 2.0t,,4X2,MT,2024
changan,camioneta,hunter comfort 2.0t,,4X4,MT,2024
changan,camioneta,hunter elite sport 2.0t,,4X4,MT,2024
changan,camioneta,hunter luxury 2.0t,,4X2,MT,2024
changan,camioneta,md 301 ac esp,,,MT,2024
changan,camioneta,md201 1.2l pick up,,,,
changan,camioneta,md201 1.2l pick up ac,,,,
changan,camioneta,md201 1.5l xl,,,,
changan,camioneta,md201 1.5l xl ac,,,,
changan,camioneta,md201,,,MT,2024
changan,camioneta,md201 xl 1.5l,,,MT,2024
changan,camioneta,ms 201,,,MT,2024
changan,camioneta,ms 301 plus ac esp,,,,2024
changan,camioneta,ms201 1.2l pick-up,,,,
changan,camioneta,ms201 1.2l pick-up plus,,,,
chevrolet,camioneta,colorado 2.8l high country aut,,4X4,,
chevrolet,camioneta,colorado 2.8l ltz,,4X4,,
chevrolet,camioneta,colorado 2.8l ltz aut,,4X4,,
chevrolet,camioneta,colorado hc 2.8td,,4WD,AT,
chevrolet,camioneta,colorado hc 2.8td l,,4WD,AT,
chevrolet,camioneta,colorado high country,,4X4,AT,2024
chevrolet,camioneta,colorado ls,,4X2,MT,2024
chevrolet,camioneta,colorado lt,,4X4,AT,2024
chevrolet,camioneta,colorado lt,,4X4,MT,2024
chevrolet,camioneta,colorado lt 2.8td m,,4WD,AT,
chevrolet,camioneta,colorado lt 2.8td m,,4WD,MT,
chevrolet,camioneta,colorado ltz,,4X4,AT,2024
chevrolet,camioneta,colorado ltz 2.8td,,4WD,AT,
chevrolet,camioneta,colorado ltz 2.8td l,,4WD,AT,
chevrolet,camioneta,colorado z71,,4X4,AT,2024
chevrolet,camioneta,montana t lt,1.2,,MT,2024
chevrolet,camioneta,montana t ltz,1.2,,AT,2024
chevrolet,camioneta,montana t premier,1.2,,AT,2024
chevrolet,camioneta,montana t premier,1.2,,MT,2024
chevrolet,camioneta,montana t rs,1.2,,AT,2024
chevrolet,camioneta,silverado 3.0l diesel ltz,,4X4,,
chevrolet,camioneta,silverado 5.3l lt trailboss,,4X4,,
chevrolet,camioneta,silverado 5.3l ltz,,4X4,,
chevrolet,camioneta,silverado cc lt tb 5.3l,,,,
chevrolet,camioneta,silverado cc lt tb 5.3l l,,,,
chevrolet,camioneta,silverado cc ltz 3.0td,,,,
chevrolet,camioneta,silverado cc ltz 5.3l,,,,
chevrolet,camioneta,silverado cc ltz 5.3l l,,,,
chevrolet,camioneta,silverado hc td,3.0,4X4,AT,2024
chevrolet,camioneta,silverado lt trail boss z71 5.3l v8,,4X4,AT,2024
chevrolet,camioneta,silverado zr2 6.2l v8,,4X4,AT,2024
dfsk,camioneta,d1 confort,,4X2,MT,2024
dfsk,camioneta,d1 luxury,,4X4,AT,2024
dfsk,camioneta,d1 luxury,,4X4,MT,2024
dongfeng,camioneta,df 212 cs,,,MT,2024
fiat,camioneta,ram 700 slt dc,1.4,,MT,
ford,camioneta,maverick lariat fx4 hev,,,AT,2024
ford,camioneta,maverick xlt,2.0,4X2,AT,2024
ford,camioneta,ranger 2.2l tdci xl,,4X2,,
ford,camioneta,ranger 2.2l tdci xl,,4X4,,
ford,camioneta,ranger 2.5l xlt,,4X2,,
ford,camioneta,ranger 3.2l tdci ltd aut,,4X4,,
ford,camioneta,ranger 3.2l tdci xls,,4X4,,
ford,camioneta,ranger 3.2l tdci xlt,,4X2,,
ford,camioneta,ranger 3.2l tdci xlt,,4X4,,
ford,camioneta,ranger 3.2l tdci xlt aut,,4X4,,
ford,camioneta,ranger dsl limited,3.0,4X4,AT,2024
ford,camioneta,ranger dsl limited 3.2l,,4X4,AT,
ford,camioneta,ranger dsl xl,2.0,4X2,MT,2024
ford,camioneta,ranger dsl xl,2.0,4X4,MT,2024
ford,camioneta,ranger dsl xl 2.2l,,4X2,,
ford,camioneta,ranger dsl xl 2.2l,,4X4,,
ford,camioneta,ranger dsl xls,2.0,4X2,MT,2024
ford,camioneta,ranger dsl xls,2.0,4X4,MT,2024
ford,camioneta,ranger dsl xls 3.2l,,4X4,,
ford,camioneta,ranger dsl xlt,2.0,4X2,AT,2024
ford,camioneta,ranger dsl xlt,2.0,4X4,AT,2024
ford,camioneta,ranger dsl xlt,2.0,4X4,MT,2024
ford,camioneta,ranger dsl xlt 3.2l,,4X2,,
ford,camioneta,ranger dsl xlt 3.2l,,4X4,,
ford,camioneta,ranger dsl xlt 3.2l,,4X4,AT,
ford,camioneta,ranger gas limited 2.5l cng,,,,
ford,camioneta,ranger gas xlt 2.5l cng,,,,
foton,camioneta,g7 lite,,4X4,,2024
foton,camioneta,g7 ultimate,,4X2,,2024
foton,camioneta,g7 ultimate,,4X4,,2024
great wall,camioneta,poer 2.0l deluxe,,4X2,,
great wall,camioneta,poer 2.0l deluxe,,4X4,,
great wall,camioneta,poer 2.0l deluxe plus aut,,4X4,,
great wall,camioneta,poer 2.0l elite,,4X2,,
great wall,camioneta,poer 2.0l elite,,4X4,,
great wall,camioneta,poer 2.0l elite plus aut,,4X4,,
great wall,camioneta,poer deluxe,,4X2,,2024
great wall,camioneta,poer elite,,4X2,,2024
great wall,camioneta,poer elite pant,,4X2,,2024
great wall,camioneta,poer deluxe,,4X4,,2024
great wall,camioneta,poer elite,,4X4,,2024
great wall,camioneta,poer elite pant,,4X4,,2024
great wall,camioneta,poer plus elite,,4X2,,2024
great wall,camioneta,poer plus deluxe,,4X4,,2024
great wall,camioneta,poer plus elite,,4X4,,2024
great wall,camioneta,wingle 7 elite,,4X2,,2024
great wall,camioneta,wingle 7 elite plus,,4X4,,2024
great wall,camioneta,wingle5 2.2l elite gasolina,,,,
great wall,camioneta,wingle7 2.0l deluxe,,4X4,,
great wall,camioneta,wingle7 2.0l elite,,4X2,,
great wall,camioneta,wingle7 2.0l elite,,4X4,,
honda,camioneta,ridgeline rtl sensing,3.5,4X4,AT,
jac,camioneta,t6 2.0l comfort,,4X2,,
jac,camioneta,t6 2.0l comfort diesel,,4X2,,
jac,camioneta,t8 2.0l advance,,4X2,,
jac,camioneta,t8 2.0l advance,,4X4,,
jac,camioneta,t8 2.0l comfort,,4X2,,
jac,camioneta,t8 2.0l comfort,,4X4,,
jac,camioneta,t8 ce comfort 2.0t,,4X2,MT,2024
jac,camioneta,t8 ce comfort 2.0t,,4X4,MT,2024
jac,camioneta,t8 pro advance,,4X4,MT,2024
jac,camioneta,t8 pro luxury,,4X2,MT,2024
jac,camioneta,t8 pro luxury,,4X4,MT,2024
jac,camioneta,t8 xe advance 2.0t,,4X2,MT,2024
jac,camioneta,t8 xe advance 2.0t,,4X4,MT,2024
jac,camioneta,x200 2.0l chasis comfort,,,,
jac,camioneta,x200 2.0l chasis luxury,,,,
jac,camioneta,x200 2.0l pickup comfort,,,,
jac,camioneta,x200 2.0l pickup dc,,,,
jac,camioneta,x200 2.0l pickup luxury,,,,
jmc,camioneta,grand avenue,,4X2,AT,2024
jmc,camioneta,grand avenue,,4X2,MT,2024
jmc,camioneta,grand avenue,,4X4,AT,2024
jmc,camioneta,grand avenue,,4X4,MT,2024
jmc,camioneta,vigus ev,,,AT,2024
jmc,camioneta,vigus new plus,,4X2,MT,2024
jmc,camioneta,vigus new plus,,4X4,MT,2024
jmc,camioneta,vigus new work,,4X2,MT,2024
jmc,camioneta,vigus new work,,4X4,MT,2024
jmc,camioneta,vigus pro,,4X2,AT,2024
jmc,camioneta,vigus pro,,4X4,AT,2024
karry,camioneta,q52 cd 1.6l,,,MT,2024
kia,camioneta,frontier c/c lx 2.5l av ab,,,MT,2024
kia,camioneta,frontier c/c lx 2.5l av,,,MT,2024
kia,camioneta,frontier d/c lx 2.5l av ab,,,MT,2024
kia,camioneta,frontier p/up lx 2.5l av ab,,,MT,2024
mahindra,camioneta,pik up 2.2l dc full,,4X2,,
mahindra,camioneta,pik up 2.2l dc work,,4X4,,
maxus,camioneta,c35,,,,
maxus,camioneta,c35 carroceria plana,,,,
maxus,camioneta,c35 l,,,,
maxus,camioneta,c35 l carroceria plana,,,,
maxus,camioneta,new v80 fl chasis cabina,,,,
maxus,camioneta,new v80 fl chasis carroceria carga general,,,,
maxus,camioneta,new v80 fl chassis carroceria plana,,,,
maxus,camioneta,t60 2.8l dx,,4X2,,
maxus,camioneta,t60 2.8l dx cs,,4X2,,
maxus,camioneta,t60 2.8l dx,,4X4,,
maxus,camioneta,t60 2.8l dx cs,,4X4,,
maxus,camioneta,t60 2.8l gl,,4X2,,
maxus,camioneta,t60 2.8l gl aut,,4X2,,
maxus,camioneta,t60 2.8l gl,,4X4,,
maxus,camioneta,t60 2.8l glx aut,,4X4,,
maxus,camioneta,t60 ancap e6,,4X4,MT,2024
maxus,camioneta,t60 dx,,4X2,MT,2024
maxus,camioneta,t60 dx d20,,4X4,,
maxus,camioneta,t60 dx e6,,4X2,MT,2024
maxus,camioneta,t60 dx e6,,4X4,MT,2024
maxus,camioneta,t60 e6 gl,,4X2,AT,2024
maxus,camioneta,t60 e6 gl,,4X2,MT,2024
maxus,camioneta,t60 e6 gl,,4X4,MT,2024
maxus,camioneta,t60 e6 glx,,4X4,AT,2024
maxus,camioneta,t60 gl d20,,4X4,,
maxus,camioneta,t60 glx d20,,4X4,,
maxus,camioneta,t60 sc dx e6,,4X2,MT,2024
maxus,camioneta,t60 sc dx e6,,4X4,MT,2024
maxus,camioneta,t90 e6,,4X4,AT,2024
maxus,camioneta,t90 e6,,4X4,MT,2024
maxus,camioneta,t90 ev,,4X2,AT,2024
mazda,camioneta,bt-50 core,,4X4,AT,2024
mazda,camioneta,bt-50 core,,4X4,MT,2024
mazda,camioneta,bt-50 high,,4X4,AT,2024
mazda,camioneta,bt-50 high plus,,4X4,AT,2024
mitsubishi,camioneta,l 200 dc td dakar crs,,4X4,AT,
mitsubishi,camioneta,l 200 dc td dakar crs hp,,4X4,AT,
mitsubishi,camioneta,l 200 dc td dakar crs,,4X4,MT,
mitsubishi,camioneta,l 200 dc td dakar crs hp,,4X4,MT,
mitsubishi,camioneta,l-200 -d/c td dakar crs,,4X2,AT,
mitsubishi,camioneta,l-200 -d/c td dakar crs hp,,4X2,AT,
mitsubishi,camioneta,l-200 -d/c td dakar crs,,4X2,MT,
mitsubishi,camioneta,l-200 -d/c td dakar crs hp,,4X2,MT,
mitsubishi,camioneta,l-200 -d/c td katana cr,,4X2,,
mitsubishi,camioneta,l-200 -d/c td katana crm,,4X2,,
mitsubishi,camioneta,l-200 -d/c td katana crt,,4X2,,
mitsubishi,camioneta,l-200 -d/c td work cr,,4X2,,
mitsubishi,camioneta,l-200 2.4l dakar crs,,4X4,AT,
mitsubishi,camioneta,l-200 2.4l dakar crs,,4X4,MT,
mitsubishi,camioneta,l-200 2.4l dakar hp,,4X4,AT,
mitsubishi,camioneta,l-200 2.4l dakar hp,,4X4,MT,
mitsubishi,camioneta,l-200 2.4l katana cr,,4X2,,
mitsubishi,camioneta,l-200 2.4l katana crm,,4X4,,
mitsubishi,camioneta,l-200 2.4l katana crt,,4X4,,
mitsubishi,camioneta,l-200 2.4l katana crt sc,,4X4,,
mitsubishi,camioneta,l-200 2.4l work cr,,4X2,,
mitsubishi,camioneta,l-200 2.4l work cr sc,,4X2,,
mitsubishi,camioneta,l200 katana cr,,4X2,,
mitsubishi,camioneta,l200 work cr,,4X2,,
mitsubishi,camioneta,l200 katana crm,,4X4,,
mitsubishi,camioneta,l200 katana crt,,4X4,,
mitsubishi,camioneta,l200 d/c td dakar crs,,4X4,MT,2024
mitsubishi,camioneta,l200 d/c td katana cr,,4X2,MT,2024
mitsubishi,camioneta,l200 d/c td katana crt,,4X4,MT,2024
mitsubishi,camioneta,l200 d/c td work cr,,4X2,MT,2024
mitsubishi,camioneta,l200 dakar,,,AT,
mitsubishi,camioneta,l200 dakar hp,,,AT,
mitsubishi,camioneta,l200 dakar high power,,,AT,
mitsubishi,camioneta,l200 dakar high power,,,MT,
mitsubishi,camioneta,l200 dakar,,,MT,
mitsubishi,camioneta,l200 dakar hp,,,MT,
mitsubishi,camioneta,l200 katana cr,,4X2,,
mitsubishi,camioneta,l200 katana crm,,4X4,,
mitsubishi,camioneta,l200 katana crt,,4X4,,
mitsubishi,camioneta,l200 katana crt sc,,4X4,,
mitsubishi,camioneta,l200 work cr,,4X2,,
mitsubishi,camioneta,l200 work cr sc,,4X2,,
nissan,camioneta,navara cd le,,4X4,AT,
nissan,camioneta,navara cd pro4x,,4X4,,
nissan,camioneta,navara cd le,,4X4,,
nissan,camioneta,navara cd se,,4X2,,
nissan,camioneta,navara cd se,,4X4,,
nissan,camioneta,navara cd xe,,4X2,,
nissan,camioneta,navara cd xe,,4X4,,
nissan,camioneta,navara cs s,,4X4,,
nissan,camioneta,navara dc p4x,,,,2024
nissan,camioneta,navara dc platinum 2.3d,,4X4,AT,2024
nissan,camioneta,navara dc platinum 2.3d,,4X4,MT,2024
nissan,camioneta,navara dc se 2.3d,,4X2,MT,2024
nissan,camioneta,navara dc se 2.3d,,4X4,MT,2024
nissan,camioneta,navara dc xe 2.3d,,4X2,MT,2024
nissan,camioneta,navara dc xe 2.3d,,4X4,AT,2024
nissan,camioneta,navara dc xe 2.3d,,4X4,MT,2024
nissan,camioneta,navara np300 2.3d dc se,,,,
nissan,camioneta,navara np300 2.3l le dc,,4X4,,
nissan,camioneta,navara np300 2.3l le dc audio,,4X4,,
nissan,camioneta,navara np300 2.3l le dc aut,,4X4,,
nissan,camioneta,navara np300 2.3l le dc aut audio,,4X4,,
nissan,camioneta,navara np300 2.3l le dc aut – audio,,4X4,,
nissan,camioneta,navara np300 2.3l le dc,,4X4,MT,
nissan,camioneta,navara np300 2.3l le dc mt- audio,,4X4,,
nissan,camioneta,navara np300 2.3l s sc,,4X4,,
nissan,camioneta,navara np300 2.3l se dc,,4X2,,
nissan,camioneta,navara np300 2.3l se dc,,4X4,,
nissan,camioneta,navara np300 2.3l xe dc,,4X2,,
nissan,camioneta,navara np300 2.3l xe dc audio,,4X2,,
nissan,camioneta,navara np300 2.3l xe dc,,4X4,,
nissan,camioneta,navara np300 2.3l xe dc audio,,4X4,,
nissan,camioneta,np300 navara d23 dc le 2.3d,,4WD,AT,
nissan,camioneta,np300 navara d23 dc le 2.3d - audio,,4WD,AT,
nissan,camioneta,np300 navara d23 dc le 2.3d,,4WD,MT,
nissan,camioneta,np300 navara d23 dc le 2.3d - audio,,4WD,MT,
nissan,camioneta,np300 navara d23 dc se 2.3d,,,MT,
nissan,camioneta,np300 navara d23 dc se 2.3d,,4WD,MT,
nissan,camioneta,np300 navara d23 dc xe 2.3d,,,MT,
nissan,camioneta,np300 navara d23 dc xe 2.3d - radio,,,MT,
nissan,camioneta,np300 navara d23 dc xe 2.3d,,4WD,MT,
nissan,camioneta,np300 navara d23 dc xe 2.3d - radio,,4WD,MT,
nissan,camioneta,np300 navara d23 sc s 2.3d,,4WD,MT,
nissan,camioneta,np300 navara dc xe,2.5,,MT,
nissan,camioneta,np300 navara sc s 2.3d,,,MT,
nissan,camioneta,np300 navara sc s 2.3d,,4WD,MT,
peugeot,camioneta,boxer cabina l3 bluehdi 160,,,,
peugeot,camioneta,boxer doble cabina l4 bluehdi 160,,,,
peugeot,camioneta,landtrek action4 bluehdi 180,,4X4,AT,2024
peugeot,camioneta,landtrek active bluehdi 180,,4X2,MT,2024
peugeot,camioneta,landtrek active bluehdi 180,,4X4,AT,2024
peugeot,camioneta,landtrek active bluehdi 180,,4X4,MT,2024
ram,camioneta,big horn at6 lx,1.8,,,1000
ram,camioneta,bighorn lx,1.8,,AT,2024
ram,camioneta,bighorn night edition,1.8,,AT,2024
ram,camioneta,laramie,2.0,4X4,AT,1000
ram,camioneta,rebel,2.0,4X4,AT,2024
ram,camioneta,big horn,,,,1500
ram,camioneta,big horn 3.6l e torque,,,,1500
ram,camioneta,crew cab bighorn 3.6l,,,AT,2024
ram,camioneta,crew cab limited 5.7l,,,AT,2024
ram,camioneta,crew cab rebel 5.7l,,,AT,2024
ram,camioneta,laramie sport,,,,1500
ram,camioneta,limited,,,,1500
ram,camioneta,big horn crew cab diesel,6.7,,,2500
ram,camioneta,700 bighorn cd,1.3,,AT,2024
ram,camioneta,700 bighorn cd 1.3l,,,MT,2024
ram,camioneta,700 laramie cd,1.3,,AT,2024
ram,camioneta,700 laramie cd 1.3l,,,MT,2024
ram,camioneta,700 longhorn cd,1.3,,AT,2024
ram,camioneta,700 slt cs 1.3l,,,MT,2024
ram,camioneta,700 slt dc 1.3l,,,MT,2024
ram,camioneta,new ram crew cab big horn 3.6l e-torque,,,,1500
ram,camioneta,new ram crew cab laramie 5.7l,,,,1500
ram,camioneta,new ram crew cab laramie sport 5.7l,,,,1500
ram,camioneta,new ram crew cab limited 5.7l,,,,1500
ram,camioneta,ram 100 big horn lx,,,,
ram,camioneta,ram 100 laramie diesel,,4X4,,
ram,camioneta,ram big horn,,,,1000
ram,camioneta,ram quad cab 3.6l,,4X4,,1500
ram,camioneta,ram big horn,,,,2500
ram,camioneta,ram 700 big horn,,,,
ram,camioneta,ram 700 laramie,,,,
ram,camioneta,ram 700 slt cs,,,,
ram,camioneta,ram 700 slt dc,,,,
ram,camioneta,rampage bighorn 2.0l,,,AT,2024
ram,camioneta,rampage laramie 2.0l,,,AT,2024
ram,camioneta,rampage r/t 2.0l,,,AT,2024
renault,camioneta,oroch 1.6l zen,,,,
renault,camioneta,oroch 1.6l zen kit outsider,,,,
renault,camioneta,oroch 2.0l intens,,4X4,,
renault,camioneta,oroch intens turbo,1.3,4X2,AT,2024
renault,camioneta,oroch intens turbo kit,1.3,4X2,AT,2024
renault,camioneta,oroch intens turbo kitmt,1.3,4X4,,2024
renault,camioneta,oroch intens turbo,1.3,4X4,MT,2024
renault,camioneta,oroch zen 1.6l,,4X2,MT,2024
ssangyong,camioneta,all new musso full qs723,,4WD,AT,
ssangyong,camioneta,all new musso qs722,,4WD,AT,
ssangyong,camioneta,"musso 2,2 deluxe",,4X4,AT,
ssangyong,camioneta,musso deluxe full 2.2l,,4X4,AT,
ssangyong,camioneta,musso full 2.2l,,4X4,AT,
ssangyong,camioneta,musso full 2.2l,,4X4,MT,
ssangyong,camioneta,musso deluxe diesel 2.2l,,,,
ssangyong,camioneta,musso full diesel 2.2l,,,,
ssangyong,camioneta,musso glx 2.2td,,4X4,MT,2024
ssangyong,camioneta,musso grand diesel 2.2l,,,AT,
ssangyong,camioneta,musso grand full diesel 2.2l,,,,
ssangyong,camioneta,musso grand full diesel 2.2l,,,AT,
ssangyong,camioneta,musso grand full diesel 2.2l,,,MT,
ssangyong,camioneta,musso grand full diesel 2.2l sc,,,MT,
ssangyong,camioneta,musso grand full diesel 2.2l,,4X4,,
ssangyong,camioneta,musso grand full diesel 2.2l,,4X4,MT,
ssangyong,camioneta,musso grand glx 2.2td,,4X2,AT,2024
ssangyong,camioneta,musso grand glx 2.2td,,4X2,MT,2024
ssangyong,camioneta,musso grand glx 2.2td,,4X4,MT,2024
ssangyong,camioneta,musso grand limited 2.2td,,4X4,AT,2024
ssangyong,camioneta,musso grand limited plus 2.2td,,4X4,AT,2024
ssangyong,camioneta,musso grand lx 2.2td,,4X2,MT,2024
ssangyong,camioneta,musso grand lx 2.2td,,4X4,MT,2024
ssangyong,camioneta,musso limited 2.2td,,4X4,AT,2024
ssangyong,camioneta,musso limited plus 2.2td,,4X4,AT,2024
ssangyong,camioneta,musso xdi 2.2l,,4X4,,
suzuki,camioneta,carry pick up,,,,
toyota,camioneta,dx,2.4,4X2,MT,
toyota,camioneta,hilux sr,2.4,4X2,MT,
toyota,camioneta,hilux dx cabina simple,2.4,4X4,,
toyota,camioneta,hilux dx,2.4,4X4,MT,
toyota,camioneta,hilux sr,2.4,4X4,MT,
toyota,camioneta,hilux 2.4l dx cd,,4X2,,
toyota,camioneta,hilux 2.4l dx cd,,4X4,,
toyota,camioneta,hilux 2.4l dx cs,,4X4,,
toyota,camioneta,hilux 2.4l sr cd,,4X2,,
toyota,camioneta,hilux 2.4l sr cd,,4X4,,
toyota,camioneta,hilux dx gasolina,2.7,4X2,MT,
toyota,camioneta,hilux sr gasolina,2.7,4X2,MT,
toyota,camioneta,hilux 2.7l dx gasolina cd,,4X2,,
toyota,camioneta,hilux 2.7l sr gasolina cd,,4X2,,
toyota,camioneta,hilux srv,2.8,4X4,AT,
toyota,camioneta,hilux sr,2.8,4X4,MT,
toyota,camioneta,hilux sr r,2.8,4X4,MT,
toyota,camioneta,hilux 2.8l sr cd,,4X4,,
toyota,camioneta,hilux 2.8l srv cd aut,,4X4,,
toyota,camioneta,hilux sr,2.8,4X4,MT,
toyota,camioneta,hilux dx,2.4,4X2,MT,2024
toyota,camioneta,hilux dx,2.4,4X4,MT,2024
toyota,camioneta,hilux dx,2.8,4X4,MT,2024
toyota,camioneta,hilux dx cs,2.8,4X4,MT,2024
toyota,camioneta,hilux dx dc,2.4,4X2,MT,2024
toyota,camioneta,hilux dx dc,2.4,4X4,MT,2024
toyota,camioneta,hilux sr,2.4,4X2,MT,2024
toyota,camioneta,hilux sr,2.4,4X4,MT,2024
toyota,camioneta,hilux sr,2.7,4X2,MT,2024
toyota,camioneta,hilux sr,2.8,4X4,MT,2024
toyota,camioneta,hilux sr dc,2.4,4X2,MT,2024
toyota,camioneta,hilux sr dc,2.4,4X4,MT,2024
toyota,camioneta,hilux srv,2.8,4X4,AT,2024
toyota,camioneta,tundra sr5,,4X4,,
volkswagen,camioneta,amarok 2.0l comfortline 4motion,,,,
volkswagen,camioneta,amarok 2.0l comfortline 4motion aut,,,,
volkswagen,camioneta,amarok 2.0l comfortline,,4X2,,
volkswagen,camioneta,amarok 2.0l highline 4motion aut,,,,
volkswagen,camioneta,amarok 2.0l trendline 4motion,,,,
volkswagen,camioneta,amarok 2.0l trendline,,4X2,,
volkswagen,camioneta,amarok 3.0l v6,,,,
volkswagen,camioneta,nueva amarok comfortline 4motion,,,,
volkswagen,camioneta,nueva amarok comfortline 4motion,,,AT,
volkswagen,camioneta,nueva amarok comfortline,,4X2,,
volkswagen,camioneta,nueva amarok highline 4motion,,,AT,
volkswagen,camioneta,nueva amarok trendline 4motion,,,,
volkswagen,camioneta,nueva amarok trendline,,4X2,,
volkswagen,camioneta,nueva amarok v6,,4X4,AT,
volkswagen,camioneta,nueva saveiro cross,,,,
volkswagen,camioneta,saveiro 1.6l cabina simple,,,,
volkswagen,camioneta,saveiro 1.6l doble cabina comfortline,,,,
volkswagen,camioneta,saveiro cross 1.6l,,,,
zna,camioneta,r6,,,AT,2024
baic,sedan,eu5 ev,,,,2024
byd,sedan,han ev,,,,2024
byd,sedan,qin plus dm,,,,2024
byd,sedan,seal ev,,,,2024
changan,sedan,alsvin 1.4l comfort,,,,
changan,sedan,alsvin 1.4l luxury,,,,
changan,sedan,alsvin comfort,,,,2024
changan,sedan,alsvin elite,,,AT,2024
changan,sedan,alsvin luxury,,,,2024
chery,sedan,arrizo 3 1.5l gls,,,,
chery,sedan,arrizo 3 1.5l gls sc,,,,
chery,sedan,arrizo 3 1.5l glx,,,,
chery,sedan,arrizo 3 gls,,,MT,
chery,sedan,arrizo 3 glx,,,MT,
chevrolet,sedan,onix lt r,1.0,,,2024
chevrolet,sedan,onix ltz p2,1.0,,,2024
chevrolet,sedan,onix premier r,1.0,,,2024
chevrolet,sedan,onix ls p,1.2,,,2024
chevrolet,sedan,onix ii ls nb,1.2,,MT,
chevrolet,sedan,onix ii lt 1.0t nb,,,MT,
chevrolet,sedan,onix ii pr 1.0t nb,,,AT,
chevrolet,sedan,onix ll ls nb,1.2,,MT,
chevrolet,sedan,onix ll lt t nb,1.0,,MT,
chevrolet,sedan,onix ll pr 1.0t nb,,,AT,
chevrolet,sedan,onix sedan 1.0l lt,,,,
chevrolet,sedan,onix sedan 1.2l ls,,,,
chevrolet,sedan,sail 1.5l ls abs nb,,,,
chevrolet,sedan,sail 1.5l ls nb,,,,
chevrolet,sedan,sail 1.5l lt nb,,,,
chevrolet,sedan,sail 1.5l lt nb smart,,,,
chevrolet,sedan,sail nb ls abs l,1.5,,,
chevrolet,sedan,sail nb lt l smart,1.5,,,
chevrolet,sedan,sail nb 1.5l lt,,,,2024
chevrolet,sedan,sail nb 1.5l ltz,,,,2024
chevrolet,sedan,sail nb 1.5l ltz,,,CVT,2024
citroen,sedan,hdi 100 bvm6 c-elysee feel pack,1.5,,,2024
citroen,sedan,c4 bluehdi 130 s&s feel pack,1.5,,EAT8,2024
citroen,sedan,c4 bluehdi 130 s&s shine,1.5,,EAT8,2024
citroen,sedan,new c-elysee 1.2l puretech 82 bvm feel,,,,
citroen,sedan,new c-elysee 1.6l hdi 92 bvm feel,,,,
citroen,sedan,new c-elysee 1.6l hdi 92 bvm shine,,,,
fiat,sedan,argo drive,1.3,,,
fiat,sedan,argo trekking,1.3,,,
honda,sedan,city ex,1.5,,AT,
honda,sedan,city ex,1.5,,MT,
honda,sedan,city lx,1.5,,AT,
honda,sedan,city lx,1.5,,MT,
honda,sedan,civic sedan ex,2.0,,CVT,
honda,sedan,civic sedan exl t,1.5,,,
hyundai,sedan,accent bn7i design,1.5,,,2024
hyundai,sedan,accent bn7i plus,1.5,,,2024
hyundai,sedan,grand i10 ai3 design fl,1.2,,,2024
hyundai,sedan,grand i10 ai3 plus fl,1.2,,,2024
hyundai,sedan,verna 1.4l plus,,,,
kia,sedan,ev6 ev gt-line 77.4kwh,,AWD,,2024
kia,sedan,soluto ex 1.4l g srf full,,,5MT,2024
kia,sedan,soluto lx 1.4l g ll,,,5MT,2024
mazda,sedan,2 1.5l s ipm,,,,
mazda,sedan,2 1.5l v aut ipm,,,,
mazda,sedan,2 1.5l v ipm,,,,
mazda,sedan,3 2.0l s,,,,
mazda,sedan,3 2.0l v,,,,
mazda,sedan,3 2.0l v aut,,,,
mazda,sedan,3 2.5l gtx aut,,,,
mazda,sedan,6 2.0l v,,,,
mazda,sedan,6 2.5l gtx turbo aut,,,,
mazda,sedan,6 sdn v cuero,2.5,,6AT,
mg,sedan,3 com,,,AT,2024
mg,sedan,5 1.5l com,,,CVT,2024
mg,sedan,5 1.5l dlx,,,CVT,2024
mg,sedan,5 1.5l com,,,MT,2024
mg,sedan,5 1.5l dlx,,,MT,2024
mg,sedan,6 1.5t com,,,MT,2024
mg,sedan,6 1.5t dlx,,,MT,2024
mg,sedan,gt 1.5l com,,2WD,CVT,2024
mg,sedan,gt 1.5l com,,2WD,MT,2024
mg,sedan,gt 1.5t dlx,,,DCT,2024
nissan,sedan,leaf,,,,
nissan,sedan,leaf,,,,2024
nissan,sedan,new sentra 2.0l advance,,,,
nissan,sedan,new sentra 2.0l advance aut,,,,
nissan,sedan,new sentra 2.0l advance,,,CVT,
nissan,sedan,new sentra 2.0l advance,,,MT,
nissan,sedan,new sentra 2.0l exclusive aut,,,,
nissan,sedan,new sentra 2.0l exclusive,,,CVT,
nissan,sedan,new sentra 2.0l sense,,,,
nissan,sedan,new sentra 2.0l sense,,,MT,
nissan,sedan,new versa 1.6l advance aut,,,,
nissan,sedan,new versa 1.6l advance,,,CVT,
nissan,sedan,new versa 1.6l advance,,,MT,
nissan,sedan,new versa 1.6l exclusive aut,,,,
nissan,sedan,new versa 1.6l exclusive,,,CVT,
nissan,sedan,new versa 1.6l sense aut,,,,
nissan,sedan,new versa 1.6l sense,,,CVT,
nissan,sedan,new versa 1.6l sense radio touch,,,CVT,
nissan,sedan,new versa 1.6l sense,,,MT,
nissan,sedan,new versa 1.6l sense radio touch,,,MT,
nissan,sedan,new versa advance,,,CVT,
nissan,sedan,new versa advance,,,MT,
nissan,sedan,new versa exclusive,,,CVT,
nissan,sedan,new versa sense,1.6,,,
nissan,sedan,new versa sense,1.6,,CVT,
nissan,sedan,new versa sense,,,CVT,
nissan,sedan,new versa sense,,,MT,
nissan,sedan,sentra 1.8l advance,,,,
nissan,sedan,sentra 1.8l advance aut,,,,
nissan,sedan,sentra 1.8l exclusive aut,,,,
nissan,sedan,sentra 1.8l sense,,,,
nissan,sedan,sentra 2.0l advance,,,,
nissan,sedan,sentra 2.0l advance aut,,,,
nissan,sedan,sentra 2.0l advance,,,MT,
nissan,sedan,sentra 2.0l exclusive aut,,,,
nissan,sedan,sentra 2.0l sense,,,,
nissan,sedan,sentra 2.0l sense,,,MT,
nissan,sedan,sentra advance,,,CVT,2024
nissan,sedan,sentra advance,,,MT,2024
nissan,sedan,sentra exclusive,,,CVT,2024
nissan,sedan,sentra sense,,,MT,2024
nissan,sedan,versa 1.6l advance,,,,
nissan,sedan,versa 1.6l advance aut,,,,
nissan,sedan,versa 1.6l advance,,,MT,
nissan,sedan,versa 1.6l drive,,,MT,
nissan,sedan,versa 1.6l exclusive aut,,,,
nissan,sedan,versa 1.6l sense,,,,
nissan,sedan,versa 1.6l sense aut,,,,
nissan,sedan,versa 1.6l sense,,,MT,
nissan,sedan,versa advance (radio touch),,,AT,
nissan,sedan,versa advance,,,CVT,2024
nissan,sedan,versa advance (radio touch),,,MT,
nissan,sedan,versa advance,,,MT,2024
nissan,sedan,versa exclusive,,,CVT,2024
nissan,sedan,versa sense,,,AT,
nissan,sedan,versa sense,,,CVT,2024
nissan,sedan,versa sense,,,MT,
nissan,sedan,versa sense,,,MT,2024
nissan,sedan,versa v -drive,,,MT,
nissan,sedan,versa v-drive,,,MT,
peugeot,sedan,301 1.6l active hdi 92hp,,,,
peugeot,sedan,301 1.6l active pack 92hp hdi,,,,
peugeot,sedan,301 1.6l allure hdi 92hp,,,,
peugeot,sedan,301 1.6l vti active 115hp,,,,
peugeot,sedan,301 1.6l vti active pack 115hp aut,,,,
peugeot,sedan,301 active hdi 92,,,,
peugeot,sedan,301 active pack hdi 92,,,,
peugeot,sedan,301 active pack vti 115,,,,
peugeot,sedan,301 active pack vti 115,,,EAT6,
peugeot,sedan,301 allure hdi 92,,,,
renault,sedan,symbol intens tech,,,,
renault,sedan,symbol zen,,,,
suzuki,sedan,dzire 1.2l gl,,,,
suzuki,sedan,dzire 1.2l gl sport,,,,
suzuki,sedan,dzire 1.2l gl sport aut,,,,
suzuki,sedan,dzire 1.2l glx,,,,
suzuki,sedan,dzire 1.2l glx aut,,,,
toyota,sedan,camry hv,,,,
toyota,sedan,"corolla 1,6 xli",,,MT,
toyota,sedan,corolla hev,1.8,,,
toyota,sedan,corolla 1.8l xei aut,,,,
toyota,sedan,corolla,2.0,,CVT,
toyota,sedan,corolla xei,2.0,,CVT,
toyota,sedan,corolla seg hev,1.8,,CVT,
toyota,sedan,corolla seg hev,1.8,,,2024
toyota,sedan,corolla xei,2.0,,6MT,
toyota,sedan,corolla xei,2.0,,CVT,
toyota,sedan,corolla xei,2.0,,MT,
toyota,sedan,corolla xli,1.6,,6MT,
toyota,sedan,prius,,,,
toyota,sedan,yaris i,1.5,,,2024
toyota,sedan,yaris 1.5l gli,,,,
toyota,sedan,yaris 1.5l gli aut,,,,
toyota,sedan,yaris 1.5l lei aut,,,,
toyota,sedan,yaris 1.5l xli,,,,
toyota,sedan,yaris sedan gli e,,,CVT,
toyota,sedan,yaris sedan gli e,,,MT,
toyota,sedan,yaris sedan lei h,,,CVT,
toyota,sedan,yaris sedan lei,,,MT,
toyota,sedan,yaris sedan xli c,,,MT,
volkswagen,sedan,virtus 1.6l comfortline,,,,
volkswagen,sedan,virtus 1.6l comfortline aut,,,,
volkswagen,sedan,virtus 1.6l trendline,,,,
volkswagen,sedan,voyage 1.6l comfortline,,,,
volkswagen,sedan,voyage 1.6l highline,,,,
volkswagen,sedan,voyage 1.6l trendline,,,,
baic,suv,bj40p diesel premium,,4X4,,2024
baic,suv,bj40p gasolina elite,,4X2,,2024
baic,suv,bj40p gasolina luxury,,4X4,,2024
baic,suv,x35 1.5t luxury,,,CVT,2024
baic,suv,x35 1.5t comfort,,,MT,2024
baic,suv,x35 1.5t elite,,,MT,2024
baic,suv,x55 e6 1.5t comfort,,,MT,2024
baic,suv,x55 e6 1.5t elite,,,MT,2024
baic,suv,x55 plus comfort,,,,2024
baic,suv,x55 plus elite,,,,2024
baic,suv,x55 plus luxury,,,,2024
byd,suv,song plus dm gl,,,AT,2024
byd,suv,song plus dm gs,,,AT,2024
byd,suv,yuan plus ev gl,,,AT,2024
byd,suv,yuan plus ev gs,,,AT,2024
changan,suv,cs15 1.5l comfort,,,,
changan,suv,cs15 1.5l comfort connect,,,,
changan,suv,cs15 1.5l comfort,,,MT,2024
changan,suv,cs15 1.5l elite,,,,
changan,suv,cs15 1.5l elite,,,AT,2024
changan,suv,cs15 1.5l elite aut,,,,
changan,suv,cs15 1.5l elite,,,MT,2024
changan,suv,cs15 1.5l luxury,,,,
changan,suv,cs15 1.5l luxury,,,MT,2024
changan,suv,cs35 1.4l plus elite,,,AT,2024
changan,suv,cs35 1.4l plus lux,,,AT,2024
changan,suv,cs35 1.6l plus comfort,,,MT,2024
changan,suv,cs35 1.6l plus luxury,,,MT,2024
changan,suv,cs35 plus 1.4l elite,,,,
changan,suv,cs35 plus 1.4l luxury,,,,
changan,suv,cs35 plus 1.6l comfort,,,,
changan,suv,cs35 plus 1.6l luxury,,,,
changan,suv,cs55 1.5l comfort,,,,
changan,suv,cs55 1.5l comfort,,,MT,2024
changan,suv,cs55 1.5l elite aut,,,,
changan,suv,cs55 1.5l luxury,,,,
changan,suv,cs55 1.5l luxury,,,AT,2024
changan,suv,cs55 1.5l luxury,,,MT,2024
changan,suv,cs55 1.5l plus elite,,,AT,2024
changan,suv,cs55 1.5l plus luxury,,,AT,2024
changan,suv,cx70 1.5l elite plus turbo aut,,,,
changan,suv,cx70 1.5l elite turbo,,,,
changan,suv,cx70 1.5l elite turbo aut,,,,
changan,suv,cx70 1.6l comfort,,,,
changan,suv,cx70 1.6l luxury,,,,
changan,suv,cx70 1.6l luxury connect,,,,
chery,suv,k60 1.5l gl,,,,
chery,suv,k60 1.5l gls,,,,
chery,suv,tiggo 2 1.0l pro glx,,,AT,2024
chery,suv,tiggo 2 1.0l pro glx,,,MT,2024
chery,suv,tiggo 2 1.5l gl,,,MT,
chery,suv,tiggo 2 1.5l gls,,,AT,2024
chery,suv,tiggo 2 1.5l gls,,,MT,
chery,suv,tiggo 2 1.5l glx,,,MT,
chery,suv,tiggo 2 1.5l l,,,,
chery,suv,tiggo 2 1.5l pro gls,,,AT,2024
chery,suv,tiggo 2 1.5l pro gls,,,MT,2024
chery,suv,tiggo 2 gl,,,MT,
chery,suv,tiggo 2 gls,,,MT,
chery,suv,tiggo 2 glx,,,MT,
chery,suv,tiggo 2 l,,,MT,
chery,suv,tiggo 3 1.5l gl,,,MT,
chery,suv,tiggo 3 1.5l gls,,,,
chery,suv,tiggo 3 1.5l gls,,,MT,
chery,suv,tiggo 3 1.5l pro gls,,,AT,2024
chery,suv,tiggo 3 1.5l pro glx,,,AT,2024
chery,suv,tiggo 3 1.5l pro glx,,,MT,2024
chery,suv,tiggo 3 gls,,,MT,
chery,suv,tiggo 7 1.5l pro gls,,,AT,2024
chery,suv,tiggo 7 1.5l pro glx,,,AT,2024
chery,suv,tiggo 8 1.5l gls,,,MT,2024
chery,suv,tiggo 8 1.5l glx,,,AT,2024
chery,suv,tiggo 8 1.6l pro glx,,,AT,2024
chery,suv,tiggo 8 1.6l pro max glx,,,AT,2024
chery,suv,tiggo 8 2.0l pro max glx,,AWD,AT,2024
chevrolet,suv,blazer 3.6l rs,,AWD,,
chevrolet,suv,blazer 3.6l rs,,AWD,AT,2024
chevrolet,suv,blazer rs 3.6l l,,AWD,AT,
chevrolet,suv,bolt euv,,,AT,2024
chevrolet,suv,captiva 1.5l lt,,,,
chevrolet,suv,captiva 1.5l lt aut,,,,
chevrolet,suv,captiva 1.5l ltz p,,,AT,2024
chevrolet,suv,captiva 1.5l ltz p,,,MT,2024
chevrolet,suv,captiva 1.5l premier,,,,
chevrolet,suv,captiva 1.5l premier aut,,,,
chevrolet,suv,captiva 1.5l premier p,,,AT,2024
chevrolet,suv,captiva 1.5l premier p,,,MT,2024
chevrolet,suv,captiva lt 1.5t,,2WD,MT,
chevrolet,suv,captiva lt 1.5t l,,2WD,MT,
chevrolet,suv,captiva lt 1.5t,,,CVT,
chevrolet,suv,captiva premier 1.5t,,2WD,MT,
chevrolet,suv,captiva premier 1.5t l,,2WD,MT,
chevrolet,suv,captiva premier 1.5t,,,CVT,
chevrolet,suv,groove 1.5l ltz r,,,MT,2024
chevrolet,suv,groove 1.5l premier r,,,MT,2024
chevrolet,suv,groove lt,,,MT,
chevrolet,suv,groove premier,,,MT,
chevrolet,suv,new suburban 5.3l,,4X4,,
chevrolet,suv,new tahoe 5.3l,,4X4,,
chevrolet,suv,new trailblazer premier 2.8d,,4WD,AT,
chevrolet,suv,spin 1.8l activ 7p,,,AT,2024
chevrolet,suv,spin 1.8l premier 7p,,,MT,2024
chevrolet,suv,spin ii 1.8l activ,,,AT,
chevrolet,suv,spin ii 1.8l premier,,,AT,
chevrolet,suv,spin ii 1.8l premier,,,MT,
chevrolet,suv,suburban,5.3,4X4,,
chevrolet,suv,suburban 5.3l lt,,4X4,,
chevrolet,suv,suburban z71 5.3l p,,4WD,AT,2024
chevrolet,suv,tahoe,5.3,4X4,,
chevrolet,suv,tahoe 5.3l lt,,4X4,,
chevrolet,suv,tahoe 5.3l premier,,4X4,,
chevrolet,suv,tahoe z71 5.3l p,,4WD,AT,2024
chevrolet,suv,tracker t premier,1.2,,AT,
chevrolet,suv,tracker 1.2l ls r,,,MT,2024
chevrolet,suv,tracker 1.2l ltz p,,,MT,2024
chevrolet,suv,tracker 1.2l ltz r,,,AT,2024
chevrolet,suv,tracker 1.2l premier p3,,,AT,2024
chevrolet,suv,tracker 1.2l premier p4,,,AT,2024
chevrolet,suv,tracker 1.2l rs r,,,AT,2024
chevrolet,suv,tracker 1.2t ls,,,MT,
chevrolet,suv,tracker 1.2t ltz,,,AT,
chevrolet,suv,tracker 1.2t ltz,,,MT,
chevrolet,suv,tracker premier 1.2t,,,AT,
chevrolet,suv,trailblazer 2.8l ltz aut,,4X4,,
chevrolet,suv,trailblazer premier 2.8d l,,AWD,AT,
chevrolet,suv,traverse 3.6l lt,,,,
chevrolet,suv,traverse 3.6l lt,,4X4,,
chevrolet,suv,traverse 3.6l lt,,AWD,,
chevrolet,suv,traverse 3.6l lt,,AWD,AT,2024
chevrolet,suv,traverse 3.6l lt l,,AWD,,
chevrolet,suv,traverse 3.6l lt,,FWD,,
chevrolet,suv,traverse 3.6l lt l,,FWD,,
chevrolet,suv,traverse 3.6l premier,,4X4,,
chevrolet,suv,traverse 3.6l premier,,AWD,,
chevrolet,suv,traverse 3.6l premier,,AWD,AT,2024
chevrolet,suv,traverse 3.6l premier l,,AWD,,
chevrolet,suv,traverse 3.6l rs,,AWD,AT,2024
citroen,suv,berlingo multispace m bluehdi 100 bvm 5 p,1.6,,,
citroen,suv,berlingo multispace xl bluehdi 130 7 p,1.5,,EAT8,
citroen,suv,berlingo multispace xl bluehdi 100 bvm 7 p,1.6,,,
citroen,suv,c3 aircross puretech 110 s&s feel,1.2,,EAT6,
citroen,suv,c3 aircross puretech 110 s&s live,1.2,,EAT6,
citroen,suv,c3 aircross puretech 110 s&s shine,1.2,,EAT6,
citroen,suv,c3 aircross bluehdi 100 s&s bvm6 feel,1.5,,,
citroen,suv,c3 aircross bluehdi 100 s&s bvm6 live,1.5,,,
citroen,suv,c3 aircross bluehdi 100 s&s bvm6 origins,1.5,,,
citroen,suv,c3 aircross bluehdi 100 s&s bvm6 shine,1.5,,,
citroen,suv,c5 aircross bluehdi 130 s&s aut feel,1.5,,,
citroen,suv,c5 aircross bluehdi 130 s&s aut live,1.5,,,
citroen,suv,c5 aircross 1.5l bluehdi 130 s&s feel,,,AT,2024
citroen,suv,c5 aircross 1.5l bluehdi 130 s&s feel pack,,,AT,2024
citroen,suv,c5 aircross 1.5l bluehdi 130 s&s shine,,,AT,2024
citroen,suv,c5 aircross hybrid 225 shine,,,AT,2024
citroen,suv,new c5 aircross bluehdi 130 s&s bvm6 live,1.5,,,
citroen,suv,new c5 aircross bluehdi 130 s&s feel,1.5,,EAT8,
citroen,suv,new c5 aircross bluehdi 130 s&s live,1.5,,EAT8,
citroen,suv,new c5 aircross puretech 165 feel,1.6,,EAT6,
citroen,suv,new c5 aircross puretech 165 live,1.6,,EAT6,
citroen,suv,new c5 aircross bluehdi 180 s&s feel,2.0,,EAT8,
citroen,suv,new c5 aircross bluehdi 180 s&s shine,2.0,,EAT8,
citroen,suv,new c5 aircross bluehdi 180 s&s shine pack,2.0,,EAT8,
dfsk,suv,suv 500 comfort,1.5,,,2024
dfsk,suv,suv 500 luxury,1.5,,,2024
dfsk,suv,suv 500 luxury,1.5,,CVT,2024
dfsk,suv,suv 560 comfort,1.8,2R,,2024
dfsk,suv,suv 560 1.8l comfort,,,,2024
dfsk,suv,suv 600 comfort 1.5t,,,AT,2024
dfsk,suv,suv 600 comfort 1.5t,,,MT,2024
dfsk,suv,suv 600 luxury 1.5t,,,AT,2024
exeed,suv,lx 1.5t advanced,,,AT,2024
exeed,suv,lx 1.5t unlimited,,,AT,2024
exeed,suv,lx 1.5t unlimited,,AWD,AT,2024
exeed,suv,txl 2.0t unlimited,,,AT,2024
exeed,suv,txl 2.0t unlimited,,AWD,AT,2024
fiat,suv,fastback audace 1.0l,,,AT,2024
fiat,suv,fastback drive 1.0l,,,AT,2024
fiat,suv,fastback impetus 1.0l,,,AT,2024
fiat,suv,pulse drive 1.3l,,,AT,2024
fiat,suv,pulse drive 1.3l,,,MT,2024
fiat,suv,pulse impetus 1.0l,,,AT,2024
fiat,suv,"qubo dynamic 1,4",,,,
fiat,suv,qubo dynamic,1.4,,,
ford,suv,ecosport 1.5l freestyle,,,,
ford,suv,ecosport 1.5l se,,,,
ford,suv,ecosport 1.5l se aut,,,,
ford,suv,ecosport 1.5l se titanium,,,,
ford,suv,ecosport 2.0l se titanium aut,,,,
ford,suv,ecosport 2.0l storm aut,,4X4,,
ford,suv,ecosport freestyle 1.5l,,,,
ford,suv,ecosport freestyle 1.5l,,,MT,
ford,suv,ecosport se 1.5l,,,AT,
ford,suv,ecosport se 1.5l,,,MT,
ford,suv,ecosport storm,2.0,4X4,AT,
ford,suv,ecosport titanium 1.5l,,,MT,
ford,suv,ecosport titanium 2.0l,,,AT,
ford,suv,edge 2.0l se,,,,
ford,suv,edge 2.0l sel,,,,
ford,suv,edge 2.0l sel,,4X4,,
ford,suv,edge 2.7l st v6,,4X4,,
ford,suv,edge se ecoboost 2.0l,,,,
ford,suv,edge sel ecoboost 2.0l,,,,
ford,suv,edge sel ecoboost 2.0l,,AWD,,
ford,suv,edge st ecoboost 2.7l,,,,
ford,suv,escape platinum 2.0l ecoboost,,AWD,AT,2024
ford,suv,escape platinum 2.5l hev,,AWD,AT,2024
ford,suv,escape st line 2.5l fhev,,,AT,2024
ford,suv,expedition 3.5l limited,,,,
ford,suv,expedition 3.5l xlt,,4X2,,
ford,suv,explorer 2.3l limited ecoboost,,4X4,,
ford,suv,explorer xlt,,4X4,,
ford,suv,territory titanium plus 1.5l,,4X2,,
ford,suv,territory trend,1.5,4X2,,
ford,suv,territory trend 1.5l,,4X2,AT,2024
gac,suv,emkoo 1.5t gdi ge,,,AT,2024
gac,suv,emkoo 1.5t gdi gl,,,AT,2024
gac,suv,emzoom 1.5t gb,,,AT,2024
gac,suv,emzoom 1.5t gl,,,AT,2024
gac,suv,emzoom 1.5t gl r-style,,,AT,2024
gac,suv,gs3 power 1.5t gb,,,AT,2024
gac,suv,gs3 power 1.5t gs,,,AT,2024
gac,suv,gs3 power 1.5t gb,,,MT,2024
gac,suv,gs3 power 1.5t gs,,,MT,2024
gac,suv,gs4 power 1.5t gb,,,AT,2024
gac,suv,gs4 power 1.5t ge,,,AT,2024
gac,suv,gs4 power 1.5t gl,,,AT,2024
gac,suv,gs4 power 1.5t gb,,,MT,2024
gac,suv,gs8 2.0t gl,,2WD,AT,2024
gac,suv,gs8 2.0t gt,,2WD,AT,2024
gac,suv,gs8 2.0t gt,,4WD,AT,2024
gac,suv,gs8 2.0t gx,,4WD,AT,2024
haval,suv,h6 2.0l active,,,,
haval,suv,h6 2.0l deluxe,,,,
haval,suv,h6 2.0l deluxe,,AWD,,
haval,suv,h6 2.0l elite,,,,
haval,suv,h6 active,,2WD,AT,2024
haval,suv,h6 deluxe,,2WD,AT,2024
haval,suv,h6 deluxe,,AWD,AT,2024
haval,suv,h6 elite,,2WD,AT,2024
haval,suv,h6 gt deluxe,,AWD,AT,2024
haval,suv,h6 gt elite,,2WD,AT,2024
haval,suv,h6 hibrida deluxe,,2WD,AT,2024
haval,suv,h6 hidrida elite,,2WD,AT,2024
haval,suv,jolion 1.5l active,,,,
haval,suv,jolion 1.5l deluxe aut,,,,
haval,suv,jolion 1.5l elite,,,,
haval,suv,jolion 1.5l elite aut,,,,
haval,suv,jolion active,,,MT,2024
haval,suv,jolion deluxe,,,AT,2024
haval,suv,jolion elite,,,AT,2024
haval,suv,jolion elite,,,MT,2024
haval,suv,jolion hibrido deluxe,,2WD,AT,2024
haval,suv,jolion hibrido elite,,2WD,AT,2024
honda,suv,new cr-v ex,2.4,4X2,CVT,
honda,suv,new cr-v exl-t turbo,1.5,4X2,CVT,
honda,suv,new cr-v touring turbo,1.5,4X4,CVT,
honda,suv,new hr-v ex,1.8,,CVT,
honda,suv,new hr-v exl,1.8,4X2,CVT,
honda,suv,new hr-v exl,1.8,4X4,CVT,
honda,suv,new hr-v lx,1.8,,CVT,
honda,suv,new pilot elite,3.5,4X4,AT,
honda,suv,new pilot ex,3.5,4X2,AT,
honda,suv,new pilot touring,3.5,4X4,AT,
honda,suv,wr-v ex,1.5,,CVT,
honda,suv,wr-v ex,1.5,,MT,
honda,suv,wr-v exl,1.5,,CVT,
honda,suv,wr-v lx,1.5,,CVT,
honda,suv,wr-v lx smart,1.5,,CVT,
honda,suv,wr-v lx,1.5,,MT,
honda,suv,wr-v lx smart,1.5,,MT,
hyundai,suv,creta grand su2i value,2.0,,AT,2024
hyundai,suv,creta grand su2i plus,2.0,,MT,2024
hyundai,suv,creta su2id design,1.5,,CVT,2024
hyundai,suv,creta su2id plus,1.5,,CVT,2024
hyundai,suv,creta su2id premium,1.5,,CVT,2024
hyundai,suv,creta su2id go,1.5,,MT,2024
hyundai,suv,creta su2id design,1.5,,MT,2024
hyundai,suv,creta su2id plus,1.5,,MT,2024
hyundai,suv,ioniq 5 ne ev limited,,AWD,AT,2024
hyundai,suv,ioniq 5 ne ev limited,,,AT,2024
hyundai,suv,ioniq 5 ne ev premium,,,AT,2024
hyundai,suv,kona os ev premium,,,AT,2024
hyundai,suv,palisade lx2 premium fl,3.5,AWD,AT,2024
hyundai,suv,santa fe mx5 gdi design,2.5,,AT,2024
hyundai,suv,santa fe mx5 gdi plus,2.5,,AT,2024
hyundai,suv,santa fe mx5 2.5t gdi calligraphy,,,AT,2024
hyundai,suv,santa fe mx5 2.5t gdi limited,,,AT,2024
hyundai,suv,santa fe tm value fl,2.5,,AT,2024
hyundai,suv,tucson nx4 limited,1.6,4WD,AT,2024
hyundai,suv,tucson nx4 plus,1.6,,AT,2024
hyundai,suv,tucson nx4 hev limited,1.6,,AT,2024
hyundai,suv,tucson nx4 hev value,1.6,,AT,2024
hyundai,suv,tucson nx4 plus,2.0,4WD,AT,2024
hyundai,suv,tucson nx4 plus,2.0,,AT,2024
hyundai,suv,tucson nx4 value,2.0,,AT,2024
hyundai,suv,tucson nx4 plus,2.0,,MT,2024
hyundai,suv,venue qx value,1.6,,AT,2024
hyundai,suv,venue qx plus,1.6,,MT,2024
hyundai,suv,venue qx value,1.6,,MT,2024
jac,suv,js2 1.5l comfort,,,,
jac,suv,js2 1.5l comfort aut,,,,
jac,suv,js2 1.5l comfort bicolor,,,,
jac,suv,js2 1.5l comfort smart,,,,
jac,suv,js2 1.5l luxury,,,,
jac,suv,js2 1.5l luxury aut,,,,
jac,suv,js2 1.5l luxury bicolor,,,,
jac,suv,js2 comfort,,,MT,2024
jac,suv,js2 luxury,,,AT,2024
jac,suv,js2 luxury,,,MT,2024
jac,suv,js3 1.6l advance,,,,
jac,suv,js3 1.6l advance aut,,,,
jac,suv,js3 1.6l comfort,,,,
jac,suv,js3 1.6l luxury,,,,
jac,suv,js3 1.6l luxury aut,,,,
jac,suv,js3 se luxury,1.6,,MT,2024
jac,suv,js3 xe advance,1.6,,AT,2024
jac,suv,js3 xe advance,1.6,,MT,2024
jac,suv,js3 xe luxury,1.6,,AT,2024
jac,suv,js4 1.5l advance aut,,,,
jac,suv,js4 1.5l advance bicolor aut,,,,
jac,suv,js4 1.5l luxury,,,,
jac,suv,js4 1.5l luxury aut,,,,
jac,suv,js4 1.5l luxury bicolor,,,,
jac,suv,js4 1.5l luxury bicolor aut,,,,
jac,suv,js4 1.6l comfort,,,,
jac,suv,js4 1.6l comfort bicolor,,,,
jac,suv,js4 advance 1.5t,,,AT,2024
jac,suv,js4 advance bicolor 1.5t,,,AT,2024
jac,suv,js4 comfort,1.6,,MT,2024
jac,suv,js4 comfort bicolor,1.6,,MT,2024
jac,suv,js4 luxury 1.5t,,,AT,2024
jac,suv,js4 luxury 1.5t,,,MT,2024
jac,suv,js4 luxury bicolor 1.5t,,,AT,2024
jac,suv,js4 luxury bicolor 1.5t,,,MT,2024
jac,suv,js6 advance,,,AT,2024
jac,suv,js6 comfort,,,AT,2024
jac,suv,js6 luxury,,,AT,2024
jac,suv,js8 advance xe,,,AT,2024
jac,suv,js8 comfort ce,,,MT,2024
jac,suv,js8 luxury se,,,AT,2024
jac,suv,js8 luxury se,,,MT,2024
jac,suv,s3 1.6l advance,,,,
jac,suv,s3 1.6l comfort,,,,
jac,suv,s3 1.6l comfort smart,,,,
jac,suv,s3 1.6l comfort smart aut,,,,
jac,suv,s3 1.6l luxury,,,,
jeep,suv,all new compass sport,,4X2,,
jeep,suv,all new compass sport,,4X2,AT,
jeep,suv,commander limited,1.3,4X2,AT,2024
jeep,suv,commander limited,2.0,4X4,AT,2024
jeep,suv,commander limited g,2.0,4X4,AT,2024
jeep,suv,commander overland,1.3,4X2,AT,2024
jeep,suv,commander overland g,2.0,4X4,AT,2024
jeep,suv,compass 2.4l sport,,,,
jeep,suv,compass 2.4l sport aut,,,,
jeep,suv,compass 2.4l sport lx,,,,
jeep,suv,compass limited,,4X2,AT,2024
jeep,suv,compass longitude,,4X2,AT,2024
jeep,suv,compass sport,,4X2,AT,2024
jeep,suv,gran cherokee laredo 3.6l v6,,4X4,,
jeep,suv,gran cherokee limited 3.6l,,4X4,,
jeep,suv,gran cherokee srt8 6.4l,,,,
jeep,suv,grand cherokee 3.0l limited td aut,,4X4,,
jeep,suv,grand cherokee 3.6l laredo aut,,4X2,,
jeep,suv,grand cherokee 3.6l laredo aut,,4X4,,
jeep,suv,grand cherokee 3.6l limited lx aut,,4X4,,
jeep,suv,grand cherokee 3.6l limited x aut,,4X4,,
jeep,suv,grand cherokee 6.4l srt8 aut,,4X4,,
jeep,suv,grand cherokee l summit 3.6l 3row,,,AT,2024
jeep,suv,grand cherokee laredo 3.6l,,4X2,,
jeep,suv,"grand cherokee limited 3,0l td",,4X4,,
jeep,suv,renegade 1.8l sport lx,,,,
jeep,suv,renegade 1.8l sport lx aut,,,,
jeep,suv,renegade longitude,1.3,,AT,2024
jeep,suv,renegade longitude x,1.3,,AT,2024
jeep,suv,renegade sport,1.3,,AT,2024
jeep,suv,renegade sport lx,,4X2,,
jeep,suv,renegade sport lx,,4X2,AT,
jeep,suv,wrangler 3.6l sport,,,,
jeep,suv,wrangler 3.6l unlimited rubicon,,,,
jeep,suv,wrangler 3.6l unlimited sport,,,,
jeep,suv,wrangler sport,,,,
jeep,suv,wrangler unlimited rubicon 3.6l,,,AT,2024
jeep,suv,wrangler unlimited sport,,,,
jetour,suv,dashing 1.5l turbo lux,,,MT,2024
jetour,suv,dashing 1.5l turbo lux,,,AT,2024
jetour,suv,dashing 1.6l turbo gdi limited,,,AT,2024
jetour,suv,x70 1.5t lux,,,AT,2024
jetour,suv,x70 1.5t lux,,,MT,2024
jetour,suv,x70 1.5t std,,,AT,2024
jetour,suv,x70 1.5t std,,,MT,2024
jetour,suv,x70 plus 1.5t,,,AT,2024
jetour,suv,x70 plus 1.6t,,,AT,2024
jetour,suv,x90 plus 2.0t gdi,,,AT,2024
kaiyi,suv,kyx3 lux,,,MT,2024
kaiyi,suv,kyx3 std,,,MT,2024
kaiyi,suv,kyx3 lux,,,AT,2024
kaiyi,suv,kyx3 pro 1.5t,,,AT,2024
kia,suv,carens ex 1.4l turbo-gdi 7p,,,7DCT,2024
kia,suv,carens ex 1.4l turbo-gdi full 7p,,,7DCT,2024
kia,suv,carens lx 1.5l 7p,,,6MT,2024
kia,suv,niro ev ex 64.8kwh full,,2WD,,2024
kia,suv,niro ev lx 64.8kwh,,2WD,,2024
kia,suv,niro ev6 gt-line 77.4kwh,,AWD,,2024
kia,suv,niro ev9 gt-line 99.8kwh 6p1,,AWD,,2024
kia,suv,niro ev9 gt-line 99.8kwh 6p2,,AWD,,2024
kia,suv,niro ev9 gt-line 99.8kwh 6p3,,AWD,,2024
kia,suv,niro ev9 gt-line 99.8kwh 7p,,AWD,,2024
kia,suv,seltos ex 1.4l turbo,,,7DCT,2024
kia,suv,seltos ex 1.4l turbo full,,,7DCT,2024
kia,suv,seltos ex 1.5l,,,6MT,2024
kia,suv,seltos ex 1.5l ivt,,,,2024
kia,suv,sonet ex 1.5l ac ri,,,6MT,2024
kia,suv,sonet ex 1.5l ri full,,,6MT,2024
kia,suv,sonet ex 1.5l ivt acc plus,,,,2024
kia,suv,sonet ex 1.5l ivt full,,,,2024
kia,suv,sonet ex 1.5l ivt ir full,,,,2024
kia,suv,sorento ex 2.2l dsl,,2WD,8DCT,2024
kia,suv,sorento ex 2.5l gsl,,2WD,6AT,2024
kia,suv,sorento ex 2.5l gsl full,,2WD,6AT,2024
kia,suv,sorento ex 2.5l gsl full,,AWD,6AT,2024
kia,suv,sportage ex 1.6l turbo-gdi gsl,,AWD,7DCT,2024
kia,suv,sportage ex 2.0l gsl,,,6AT,2024
kia,suv,sportage ex 2.0l gsl bs,,,6AT,2024
kia,suv,sportage ex 2.0l gsl,,,6MT,2024
kia,suv,sportage ex 2.0l dsl,,AWD,8AT,2024
kia,suv,sportage ex 2.0l dsl bs,,,8AT,2024
kia,suv,sprotage ex 2.0l gsl,,AWD,6AT,2024
kia,suv,sprotage ex 2.0l dsl,,,8AT,2024
mahindra,suv,xuv300 comfort,,,MT,2024
mahindra,suv,xuv300 elite,,,MT,2024
mahindra,suv,xuv300 luxury,,,MT,2024
maxus,suv,d60 elite,,4X2,AT,2024
maxus,suv,d60 luxury,,4X2,AT,2024
maxus,suv,d90 elite,,4X4,AT,2024
maxus,suv,d90 flagship,,4X4,AT,2024
maxus,suv,d90 luxury,,4X4,AT,2024
maxus,suv,euniq 6,,,AT,2024
maxus,suv,g90 elite,,,AT,2024
maxus,suv,g90 luxury,,,AT,2024
mazda,suv,cx-3 2.0l r aut,,2WD,,
mazda,suv,cx-3 2.0l r,,AWD,,
mazda,suv,cx-3 2.0l r aut,,AWD,,
mazda,suv,cx-30 2.0l gtx aut,,,,
mazda,suv,cx-30 2.0l gtx aut,,AWD,,
mazda,suv,cx-30 2.0l s,,,,
mazda,suv,cx-30 2.0l s aut,,,,
mazda,suv,cx-30 2.0l v,,,,
mazda,suv,cx-30 2.0l v aut,,,,
mazda,suv,cx-30 2.0l v aut,,AWD,,
mazda,suv,cx-30 2.5l gtx aut,,AWD,,
mazda,suv,cx-5 2.0l gt aut ipm,,AWD,,
mazda,suv,cx-5 2.0l r aut ipm,,2WD,,
mazda,suv,cx-5 2.0l r ipm,,2WD,,
mazda,suv,cx-5 2.0l r aut ipm,,AWD,,
mazda,suv,cx-5 2.0l r ipm,,AWD,,
mazda,suv,cx-5 2.2l gt diesel aut ipm,,AWD,,
mazda,suv,cx-5 2.5l gt aut ipm,,AWD,,
mazda,suv,cx-5 2.5l gtx turbo plus ipm,,,,
mazda,suv,cx-9 2.5l gtx turbo ipm,,AWD,,
mazda,suv,cx-9 2.5l gtx turbo plus ipm,,AWD,,
mazda,suv,cx-9 2.5l r turbo ipm,,2WD,,
mg,suv,3 std,1.5,,AT,2024
mg,suv,hs 1.5t com,,,,2024
mg,suv,hs 1.5t dlx,,,DCT,2024
mg,suv,hs 1.5t trophy,,,DCT,2024
mg,suv,marvel r dlx,,,AT,2024
mg,suv,mg zs 1.5l com,,,AT,2024
mg,suv,mg zs 1.5l std,,,AT,2024
mg,suv,one 1.5t com,,,CVT,2024
mg,suv,one 1.5t dlx,,,CVT,2024
mg,suv,rx5 1.5t com,,,,2024
mg,suv,rx5 1.5t com,,,DCT,2024
mg,suv,rx5 1.5t dlx,,,DCT,2024
mg,suv,zs 1.5l com,,,,2024
mg,suv,zs 1.5l std,,,,2024
mg,suv,zs ev dlx,,,AT,2024
mg,suv,zx 1.3t 6 trophy,,,AT,2024
mg,suv,zx 1.5l com,,,,2024
mg,suv,zx 1.5l dlx,,,CVT,2024
mg,suv,zx 1.5l dlx,,,,2024
mitsubishi,suv,asx entry,1.6,,MT,
mitsubishi,suv,asx 1.6l gl,,4X2,,
mitsubishi,suv,asx 1.6l gl,,4X2,MT,2024
mitsubishi,suv,asx 1.6l gls,,4X2,,
mitsubishi,suv,asx 1.6l gls,,4X2,MT,2024
mitsubishi,suv,asx,2.0,4X4,AT,
mitsubishi,suv,asx 2.0l gls,,4X2,AT,2024
mitsubishi,suv,asx 2.0l gls aut,,4X4,,
mitsubishi,suv,asx,,4X2,MT,
mitsubishi,suv,asx,,4X4,AT,
mitsubishi,suv,eclipse cross rs,1.5,4X2,AT,
mitsubishi,suv,eclipse cross rx,1.5,4X2,AT,
mitsubishi,suv,eclipse cross rs aut,1.5,4X2,,
mitsubishi,suv,eclipse cross rs aut,1.5,4X4,,
mitsubishi,suv,eclipse cross rx aut,1.5,4X2,,
mitsubishi,suv,eclipse cross rx,1.5,4X2,MT,
mitsubishi,suv,eclipse cross 1.5l rs aut,,4X2,,
mitsubishi,suv,eclipse cross 1.5l rs aut,,4X4,,
mitsubishi,suv,eclipse cross 1.5l rx,,4X2,,
mitsubishi,suv,eclipse cross 1.5l rx aut,,4X2,,
mitsubishi,suv,eclipse cross rs,1.5,4X2,AT,2024
mitsubishi,suv,eclipse cross rx,1.5,4X2,AT,2024
mitsubishi,suv,montero sport,2.4,2WD,AT,
mitsubishi,suv,montero sport,2.4,2WD,MT,
mitsubishi,suv,montero sport,2.4,4WD,AT,
mitsubishi,suv,montero sport limited,2.4,4WD,,
mitsubishi,suv,montero sport,2.4,4WD,MT,
mitsubishi,suv,montero sport,2.4,4X2,AT,
mitsubishi,suv,montero sport,2.4,4X2,MT,
mitsubishi,suv,montero sport,2.4,4X4,AT,
mitsubishi,suv,montero sport,2.4,4X4,MT,
mitsubishi,suv,montero sport limited,2.4,4X4,AT,
mitsubishi,suv,montero sport,3.0,2WD,AT,2024
mitsubishi,suv,montero sport,3.0,4WD,AT,2024
mitsubishi,suv,montero sport limited,3.0,4WD,AT,2024
mitsubishi,suv,outlander 2.0l,,4X2,AT,
mitsubishi,suv,outlander 2.0l,,4X2,MT,
mitsubishi,suv,outlander 2.4l gl,,4X2,,
mitsubishi,suv,outlander 2.4l gl aut,,4X2,,
mitsubishi,suv,outlander 2.4l gls aut,,4X4,,
mitsubishi,suv,outlander 2.4l glx aut,,4X4,,
mitsubishi,suv,outlander,,4X2,AT,
mitsubishi,suv,outlander gl,,4X2,AT,2024
mitsubishi,suv,outlander,,4X2,MT,
mitsubishi,suv,outlander gls,,4X4,,
mitsubishi,suv,outlander gls,,4X4,AT,
mitsubishi,suv,outlander glx,,4X4,,
mitsubishi,suv,outlander glx,,4X4,6AT,
mitsubishi,suv,outlander gls,,4X4,AT,2024
mitsubishi,suv,outlander gls limited,,4X4,AT,2024
mitsubishi,suv,outlander glx,,4X2,AT,2024
mitsubishi,suv,outlander phev,,,,
mitsubishi,suv,xpander cross,,,AT,2024
mitsubishi,suv,xpander gl,,,MT,2024
mitsubishi,suv,xpander glx,,,AT,2024
nissan,suv,kicks 1.6l advance aut,,,,
nissan,suv,kicks 1.6l advance,,,CVT,
nissan,suv,kicks 1.6l advance,,,MT,
nissan,suv,kicks 1.6l exclusive aut,,,,
nissan,suv,kicks 1.6l rock edition,,,,
nissan,suv,kicks 1.6l sense,,,,
nissan,suv,kicks 1.6l sense,,,MT,
nissan,suv,kicks advance 1.6l colors,,,MT,
nissan,suv,kicks advance,,,CVT,2024
nissan,suv,kicks advance,,,MT,2024
nissan,suv,kicks exclusive,,,CVT,2024
nissan,suv,kicks sense,,,MT,2024
nissan,suv,murano 3.5l advance aut,,,,
nissan,suv,murano 3.5l exclusive aut,,,,
nissan,suv,new qashqai mc 2.0l advance,,,CVT,
nissan,suv,new qashqai mc 2.0l advance,,,MT,
nissan,suv,new qashqai mc 2.0l exclusive,,4WD,CVT,
nissan,suv,new qashqai mc 2.0l sense,,,MT,
nissan,suv,nueva mc -qashqai 2.0l exclusive,,4X4,CVT,
nissan,suv,nueva mc- qashqai 2.0l advance,,,CVT,
nissan,suv,nueva mc- qashqai 2.0l advance,,,MT,
nissan,suv,nueva mc- qashqai 2.0l sense,,,MT,
nissan,suv,nueva pathfinder advance 3.5l,,4X2,CVT,
nissan,suv,nueva pathfinder advance 3.5l,,4X4,CVT,
nissan,suv,nueva pathfinder exclusive 3.5l,,4X4,CVT,
nissan,suv,nueva pathfinder sense 3.5l,,4X2,CVT,
nissan,suv,nueva x-trail 2.5l advance 3filas -multimedia,,,CVT,
nissan,suv,nueva x-trail 2.5l exclusive 3filas – multimedia,,4X4,CVT,
nissan,suv,nueva x-trail 2.5l sense -multimedia,,,CVT,
nissan,suv,nueva x-trail 2.5l sense -multimedia,,2WD,CVT,
nissan,suv,nueva x-trail 2.5l sense -multimedia,,4WD,CVT,
nissan,suv,pathfinder 3.5l advance,,4X2,,
nissan,suv,pathfinder 3.5l advance,,4X4,,
nissan,suv,pathfinder 3.5l exclusive,,4X4,,
nissan,suv,pathfinder 3.5l sense,,4X2,,
nissan,suv,pathfinder advance 3.5l,,,CVT,
nissan,suv,pathfinder advance 3.5l,,4WD,CVT,
nissan,suv,pathfinder advance,,2WD,AT,2024
nissan,suv,pathfinder advance,,4WD,AT,2024
nissan,suv,pathfinder exclusive 3.5l,,4WD,CVT,
nissan,suv,pathfinder exclusive,,4WD,AT,2024
nissan,suv,pathfinder sense 3.5l,,,CVT,
nissan,suv,pathfinder sense,,2WD,AT,2024
nissan,suv,qashqai 2.0l advance,,,,
nissan,suv,qashqai 2.0l advance aut,,,,
nissan,suv,qashqai 2.0l advance aut mc,,,,
nissan,suv,qashqai 2.0l advance aut rm,,,,
nissan,suv,qashqai 2.0l advance – multimedia,,,CVT,
nissan,suv,qashqai 2.0l advance mc,,,,
nissan,suv,qashqai 2.0l advance – multimedia,,,MT,
nissan,suv,qashqai 2.0l advance rm,,,,
nissan,suv,qashqai 2.0l exclusive aut,,4X4,,
nissan,suv,qashqai 2.0l exclusive aut mc,,4X4,,
nissan,suv,qashqai 2.0l exclusive aut rm,,4X4,,
nissan,suv,qashqai 2.0l exclusive – multimedia,,4X4,CVT,
nissan,suv,qashqai 2.0l sense,,,,
nissan,suv,qashqai 2.0l sense mc,,,,
nissan,suv,qashqai 2.0l sense – multimedia,,,MT,
nissan,suv,qashqai 2.0l sense rm,,,,
nissan,suv,qashqai advance,,,CVT,2024
nissan,suv,qashqai advance plus,,,CVT,2024
nissan,suv,qashqai advance,,,MT,2024
nissan,suv,qashqai exclusive,,4WD,CVT,2024
nissan,suv,qashqai sense,,,MT,2024
nissan,suv,x-trail 2.5l advance aut 3filas,,,,
nissan,suv,x-trail 2.5l exclusive aut 3filas,,4X4,,
nissan,suv,x-trail 2.5l sense aut 2 filas,,,,
nissan,suv,x-trail 2.5l sense aut 2 filas,,4WD,,
nissan,suv,x-trail 2.5l sense aut 2 filas,,4X4,,
nissan,suv,x-trail 2.5l sense aut 2filas,,,,
nissan,suv,x-trail 2.5l sense aut 3 filas,,,,
nissan,suv,x-trail 2.5l sense aut 3filas,,,,
nissan,suv,x-trail 2.5l sense aut,,4WD,,
nissan,suv,x-trail advance 3 row e-power,,AWD,,2024
nissan,suv,x-trail advance,,,CVT,
nissan,suv,x-trail advance 3row,,,CVT,2024
nissan,suv,x-trail exclusive 3 row e-power,,AWD,,2024
nissan,suv,x-trail exclusive 3row -,,AWD,CVT,2024
nissan,suv,x-trail exclusive,,4WD,CVT,
nissan,suv,x-trail semse 3row,,,CVT,2024
nissan,suv,x-trail sense 2 row,,4X2,,
nissan,suv,x-trail sense 2 row,,4X4,,
nissan,suv,x-trail sense 2row,,4X2,,
nissan,suv,x-trail sense 2row,,4X4,,
nissan,suv,x-trail sense,,,CVT,
nissan,suv,x-trail sense 2row,,,CVT,2024
opel,suv,crossland edition 1.2t at6 e6.4,,,,2024
opel,suv,crossland edition 1.2t mt6,,,,2024
opel,suv,crossland x 1.2l enjoy aut,,,,
opel,suv,crossland x 1.2l innovation aut,,,,
opel,suv,crossland x 1.5l td enjoy,,,,
opel,suv,grandland grandland gs 1.2t at8,,,,2024
opel,suv,grandland grandland gs 1.2t mt6,,,,2024
opel,suv,grandland grandland gs 1.5td at8,,,,2024
opel,suv,grandland grandland ultimate 1.2t at8,,,,2024
opel,suv,grandland x 1.2l dynamic,,,MT,
opel,suv,grandland x 1.6l innovation aut,,,,
opel,suv,grandland x 1.6l td limited aut,,,,
opel,suv,"grandland x dynamic 1,2",,,MT,
opel,suv,"grandland x dynamic 1,5 td at8",,,,
opel,suv,grandland x dynamic 1.2t mt6,,,,
opel,suv,grandland x dynamic 1.5td at8,,,,
opel,suv,grandland x dynamic 1.6t,,,AT,
opel,suv,grandland x innovation 1.6t,,,AT,
opel,suv,grandland x innovation td at8,2.0,,,
opel,suv,grandland x innovation 2.0td at8,,,,
opel,suv,mokka elegance 130hp mt6 e6.4,1.2,,,2024
opel,suv,mokka 1.2t elegance 130hp at8,,,,2024
opel,suv,mokka 1.2t gs line 130hp at8,,,,2024
opel,suv,mokka 1.5td elegance 110hp mt6,,,,2024
peugeot,suv,active pack puretech 130hp,1.2,,,2024
peugeot,suv,alture pack puretech 130hp,1.2,,,2024
peugeot,suv,alture pack bluehdi 130hp,1.5,,EAT8,2024
peugeot,suv,electrico 136hp,,,,2024
peugeot,suv,active puretech 130 hp,1.2,,MT,3008
peugeot,suv,allure bluehdi 130,1.5,,EAT6,3008
peugeot,suv,1.5l active bluehdi 130hp,,,,3008
peugeot,suv,1.5l allure bluehdi 130hp aut8,,,,3008
peugeot,suv,1.5l gt-line bluehdi 130hp aut,,,,3008
peugeot,suv,gt-line puretech 180,1.6,,EAT8,3008
peugeot,suv,active bluehdi 130,,,,3008
peugeot,suv,active pack puretech 130hp,1.2,,,2024
peugeot,suv,active puretech 130,,,,3008
peugeot,suv,allure bluehdi 130,,,EAT6,3008
peugeot,suv,allure thp 165,,,EAT6,3008
peugeot,suv,alture bluehdi 130hp,1.5,,EAT8,2024
peugeot,suv,alture pack thp 1650hp,1.6,,EAT6,2024
peugeot,suv,gt bluehdi 130hp,1.5,,EAT8,2024
peugeot,suv,gt puretech 180hp,1.6,,EAT8,2024
peugeot,suv,gt bluehdi 130,,,EAT8,3008
peugeot,suv,gt bluehdi 180,,,EAT8,3008
peugeot,suv,gt-line bluehdi 130,,,EAT8,3008
peugeot,suv,gt-line puretech 180,,,EAT8,3008
peugeot,suv,hybrid4 300 eeat8,,,,2024
peugeot,suv,alture bluehdi 130hp,1.5,,EAT8,2024
peugeot,suv,gt bluehdi 130hp,1.5,,EAT8,2024
peugeot,suv,1.5l active bluehdi 130hp aut8,,,,5008
peugeot,suv,1.5l allure bluehdi 130hp aut8,,,,5008
peugeot,suv,1.5l gt-line bluehdi 130hp aut8,,,,5008
peugeot,suv,alturethp 165hp,1.6,,EAT6,2024
peugeot,suv,gt puretech 180hp,1.6,,EAT8,2024
peugeot,suv,allure bluehdi 130,,,EAT6,5008
peugeot,suv,allure thp 165,,,EAT6,5008
peugeot,suv,gt black pack bluehdi 130,,,EAT8,2024
peugeot,suv,gt black pack puretech 180,,,EAT8,2024
peugeot,suv,gt bluehdi 180,,,EAT8,5008
peugeot,suv,gt-line bluehdi 130,,,EAT8,5008
peugeot,suv,gt-line puretech 180,,,EAT8,5008
peugeot,suv,nuevo active bluehdi 100,,,,2008
peugeot,suv,nuevo active puretech 130,,,,2008
peugeot,suv,nuevo allure puretech 130,,,EAT8,2008
peugeot,suv,nuevo gt-line bluehdi 130,,,EAT8,2008
peugeot,suv,rifter allure bluehdi 100,,,,
peugeot,suv,rifter allure bluehdi 130,,,EAT8,
peugeot,suv,rifter allure puretech 130,,,EAT8,
peugeot,suv,rifter alure bluehdi 100,,,MT,2024
peugeot,suv,rifter alure bluehdi 130,,,AT,2024
peugeot,suv,rifter alure puretech 130,,,AT,2024
peugeot,suv,rifter allure bluehdi 100,,,,
peugeot,suv,rifter allure bluehdi 130,,,EAT8,
peugeot,suv,rifter allure puretech 130,,,EAT8,
renault,suv,arkana life,,,,
renault,suv,arkana zen,,,,
renault,suv,new duster 1.6l life,,,,
renault,suv,new duster 1.6l zen,,,,
ssangyong,suv,korando glx 1.5t 6ab,,2WD,AT,2024
ssangyong,suv,korando glx 1.5t 6ab,,2WD,MT,2024
ssangyong,suv,korando glx 1.6td 6ab,,2WD,AT,2024
ssangyong,suv,korando glx 1.6td 6ab,,2WD,MT,2024
ssangyong,suv,korando limited 1.5t 6ab,,2WD,AT,2024
ssangyong,suv,korando lx 1.5t,,2WD,MT,2024
ssangyong,suv,new rexton yrx100,,2WD,MT,
ssangyong,suv,new rexton yrx111,,2WD,AT,
ssangyong,suv,new rexton yrx201,,2WD,AT,
ssangyong,suv,new rexton yrx211,,4WD,AT,
ssangyong,suv,new rexton yrx212,,4WD,AT,
ssangyong,suv,rexton glx 2.2td 6ab,,2WD,AT,2024
ssangyong,suv,rexton glx 2.2td 6ab,,2WD,MT,2024
ssangyong,suv,rexton glx 2.2td 6ab,,4WD,AT,2024
ssangyong,suv,rexton lx 2.0t 6ab,,4WD,AT,2024
ssangyong,suv,rexton lx 2.0t 6ab,,2WD,MT,2024
ssangyong,suv,rexton lx 2.2td 2ab,,2WD,AT,2024
ssangyong,suv,rexton lx 2.2td 2ab,,2WD,MT,2024
ssangyong,suv,tivoli glx,1.6,2WD,MT,2024
ssangyong,suv,tivoli limited 6 ab,1.6,2WD,AT,2024
ssangyong,suv,tivoli lx,1.6,2WD,MT,2024
ssangyong,suv,tivoli tv1010,,,,
ssangyong,suv,tivoli tv1011,,,,
ssangyong,suv,tivoli tv1111,,,,
ssangyong,suv,torres glx 1.5t,,2WD,AT,2024
ssangyong,suv,torres glx 1.5t,,2WD,MT,2024
ssangyong,suv,torres glx 1.5t,,4WD,AT,2024
ssangyong,suv,torres limited plus 1.5t bitono,,4WD,AT,2024
ssangyong,suv,torres limited plus 1.5t sunroof,,4WD,AT,2024
subaru,suv,crosstrek 2.0i,,AWD,AT,2024
subaru,suv,crosstrek 2.0i dynamic eyesigh,,AWD,AT,2024
subaru,suv,crosstrek 2.0i touring eyesigh,,AWD,AT,2024
suzuki,suv,jimny 1.5l glx aut,,,,
suzuki,suv,s-cross 1.4l limited boosterjet,,4X4,,
suzuki,suv,s-cross 1.6l gl,,,,
suzuki,suv,s-cross 1.6l gl aut,,,,
suzuki,suv,s-cross 1.6l glx,,,,
suzuki,suv,s-cross 1.6l glx,,4X4,,
suzuki,suv,s-cross 1.6l glx aut,,,,
suzuki,suv,vitara 1.4l limited boosterjet,,AWD,,
suzuki,suv,vitara 1.6l gls,,,,
suzuki,suv,vitara 1.6l gls,,AWD,,
suzuki,suv,vitara 1.6l glx,,,,
suzuki,suv,vitara 1.6l glx aut,,,,
suzuki,suv,vitara 1.6l glx,,AWD,,
suzuki,suv,vitara 1.6l limited,,AWD,,
suzuki,suv,xl7 1.4l gl,,,,
suzuki,suv,xl7 1.4l glx,,,,
suzuki,suv,xl7 1.4l glx aut,,,,
toyota,suv,4runner 4.0l sr5,,4X2,,
toyota,suv,4runner 4.0l limited,,4X4,,
toyota,suv,4runner 4.0l sr5,,4X4,,
toyota,suv,4runner sr5 control volante,,4X2,,
toyota,suv,4runner sr5 control volante *nueva,,4X2,,
toyota,suv,4runner limited *nueva,,4X4,,
toyota,suv,4runner sr5 control volante * nueva,,4X4,,
toyota,suv,4runner limited,,4X4,AT,2024
toyota,suv,4runner sr5,,4X2,AT,2024
toyota,suv,4runner sr5,,4X4,AT,2024
toyota,suv,c-hr luxury hv,1.8,4X2,CVT,
toyota,suv,corolla cross seg hv hibrido,1.8,,CVT,
toyota,suv,corolla cross xei hv hibrido,1.8,,CVT,
toyota,suv,corolla cross hev seg hev,1.8,,AT,2024
toyota,suv,corolla cross hev xei hev,1.8,,AT,2024
toyota,suv,fortuner 2.7l sr5,,4X2,,
toyota,suv,fortuner 2.7l srx,,4X2,,
toyota,suv,fortuner 2.7l srx,,4X4,,
toyota,suv,fortuner 2.8l tdi,,4X4,MT,
toyota,suv,fortuner 2.8l tdi sr5,,4X4,,
toyota,suv,fortuner 2.8l tdi srx,,4X4,,
toyota,suv,fortuner sr5 2.7l,,4X2,,
toyota,suv,fortuner sr5 2.7l,,4X2,AT,2024
toyota,suv,fortuner sr5 tdi 2.8l,,4X4,MT,
toyota,suv,fortuner sr5 tdi,2.8,4X4,AT,2024
toyota,suv,fortuner sr5 tdi,2.8,4X4,MT,2024
toyota,suv,fortuner sr5 tdi 2.8l,,4X4,,
toyota,suv,fortuner srv 2.7l,,4X2,,
toyota,suv,fortuner srx 2.7l,,4X2,,
toyota,suv,fortuner srx 2.7l,,4X4,,
toyota,suv,fortuner srx tdi,2.8,4X4,AT,2024
toyota,suv,fortuner srx tdi 2.8l,,4X4,,
toyota,suv,land cruiser prado 2.7l tx-l 3p,,,,
toyota,suv,land cruiser prado 3d tx-l,,,,
toyota,suv,land cruiser prado 4.0l vx aut,,4WD,,
toyota,suv,land cruiser prado 4.0l vx-l limited aut,,4WD,,
toyota,suv,land cruiser prado 5d vx,,,,
toyota,suv,land cruiser prado vx-l limited,,,,
toyota,suv,raize gas e,1.2,,MT,2024
toyota,suv,raize gas,1.2,,MT,2024
toyota,suv,rav 4 limited hv,2.5,4X4,CVT,
toyota,suv,rav4 2.0l le,,,,
toyota,suv,rav4 2.0l le,,4X4,,
toyota,suv,rav4 2.0l le aut,,,,
toyota,suv,rav4 2.0l xle aut,,,,
toyota,suv,rav4 2.5l adventure aut,,4X4,,
toyota,suv,rav4 2.5l xle aut,,4X4,,
toyota,suv,rav4 2.5l xle aut,,,,
toyota,suv,rav4 adventure,2.5,4X4,AT,
toyota,suv,rav4 hibrido 2.5l le aut,,,,
toyota,suv,rav4 hibrido 2.5l limited aut,,4X4,,
toyota,suv,rav4 hibrido 2.5l xle aut,,,,
toyota,suv,rav4 le,2.0,4X2,CVT,
toyota,suv,rav4 le,2.0,4X2,AT,2024
toyota,suv,rav4 le,2.0,4X2,MT,
toyota,suv,rav4 le,2.0,4X2,MT,2024
toyota,suv,rav4 le,2.0,4X4,MT,
toyota,suv,rav4 le,2.0,4X4,MT,2024
toyota,suv,rav4 le hv,2.5,4X2,CVT,
toyota,suv,rav4 limited hv,2.5,4X4,AT,2024
toyota,suv,rav4 new xle,2.0,4X2,CVT,
toyota,suv,rav4 xle,2.0,4X2,CVT,
toyota,suv,rav4 xle,2.0,4X2,AT,2024
toyota,suv,rav4 xle,2.5,4X2,AT,
toyota,suv,rav4 xle hv,2.5,4X2,CVT,
toyota,suv,rav4 xle hv,2.5,4X2,AT,2024
toyota,suv,rav4 xle,2.5,4X4,AT,
toyota,suv,rav4 xse hv,2.5,4X2,AT,2024
toyota,suv,rush xei,1.5,,AT,
toyota,suv,rush xei,1.5,,MT,
toyota,suv,rush xli,1.5,,AT,
toyota,suv,rush xli,1.5,,MT,
toyota,suv,yaris cross xi,1.5,,AT,2024
volkswagen,suv,t-cross 1.6l comfortline,,,,
volkswagen,suv,t-cross 1.6l comfortline aut,,,,
volkswagen,suv,t-cross 1.6l highline aut,,,,
volkswagen,suv,t-cross 1.6l trendline,,,,
volkswagen,suv,tiguan 1.4l tsi comfortline aut 5a,,,,
volkswagen,suv,tiguan 1.4l tsi comfortline aut 7a,,,,
volkswagen,suv,tiguan 1.4l tsi highline 7a aut,,,,
volkswagen,suv,tiguan 1.4l tsi trendline 5a aut,,,,
volkswagen,suv,tiguan tsi limited 180hp 4 motion,,,AT,
volkswagen,suv,touareg 3.0l tdi v6 limited,,,,
volkswagen,suv,touareg 3.0l tdi v6 r-line,,,,
chevrolet,minibus,spin ii 1.8l activ l,,,AT,
chevrolet,minibus,spin ii 1.8l premier l,,,AT,
chevrolet,minibus,spin ii 1.8l premier l,,,MT,
citroen,minibus,jumper 2.2l l3h2 bluehdi escolar,,,,
citroen,minibus,spacetourer bluehdi 150 s&s bvm6 business talla xl,,,,2024
citroen,minibus,spacetourer xl bluehdi 150 s&s bvm6 business,,,,
citroen,minibus,spacetourer xl bluehdi 180 s&s business,,,EAT8,
fiat,minibus,ducato 16+1 ejecutivo l3h2,,,,
fiat,minibus,ducato minibus 16 + 1 l3h2 aa,,,,
fiat,minibus,ducato minibus 16 + 1 l3h2 aa class a,,,,
fiat,minibus,ducato minibus 16 + 1 l3h2 doble aa,,,,
fiat,minibus,ducato minibus 16 + 1 l3h2 doble aa class a,,,,
fiat,minibus,ducato minibus 16 + 1 l3h2 ejecutivo doble aa,,,,
fiat,minibus,ducato minibus 16+1 ejecutivo l3 h2 doble aa,,,,
fiat,minibus,ducato minibus 16+1 l3 h2 aa,,,,
fiat,minibus,ducato minibus 16+1 l3 h2 doble aa,,,,
ford,minibus,transit 2.2l minibus 17+1 pas,,,,
hyundai,minibus,solati h350 pasajeros,,,,
hyundai,minibus,solati h350 pasajeros / rampa hidraulica,,,,
hyundai,minibus,solati h350 pasajeros escolar,,,,
hyundai,minibus,solati h350 pasajeros escolar / rampa hidraulica,,,,
hyundai,minibus,solati pasajeros,,,,
hyundai,minibus,staria mb cedi 11p,2.2,,,2024
hyundai,minibus,staria mb crdi 9p luxury,2.2,4WD,,2024
hyundai,minibus,staria mb crdi 9p,2.2,,,2024
hyundai,minibus,staria us4 mb crdi 9p,2.2,,AT,
jac,minibus,refine 1.9l executive 10pas,,,,
jac,minibus,refine 1.9l executive 8pas,,,,
jac,minibus,sunray 1.9l green jet 11+1 pas,,,,
jac,minibus,sunray 13+1,,,MT,2024
jac,minibus,sunray 14+1,,,MT,2024
jac,minibus,sunray 16+1,,,MT,2024
jac,minibus,sunray 17+1,,,MT,2024
jac,minibus,sunray 2.0l green jet 21+1 pas escolar,,,,
jac,minibus,sunray 2.7l green jet 13+1 pas,,,,
jac,minibus,sunray 2.7l green jet 14+1 pas,,,,
jac,minibus,sunray 2.7l green jet 16+1 pas,,,,
jac,minibus,sunray 2.7l green jet 17+1 pas,,,,
jac,minibus,sunray 2.7l green jet 27+1 pas escolar,,,,
maxus,minibus,ev80 minibus 15+1,,,,
maxus,minibus,g10 6+1,,,,
maxus,minibus,g10 6+1 ejecutiva,,,,
maxus,minibus,g10 9+1,,,,
maxus,minibus,g10 escolar 18+1,,,,
maxus,minibus,g10 minibus 6+1,,,,
maxus,minibus,g10 minibus 6+1 e6,,,,2024
maxus,minibus,g10 minibus 9+1,,,,
maxus,minibus,g10 minibus 9+1 e6,,,,2024
maxus,minibus,g10 van escolar e5,,,,
maxus,minibus,g90 minibus elite 6+1,,,,2024
maxus,minibus,g90 minibus luxury 6+1,,,,2024
maxus,minibus,mifa 9 90 kwh luxury,,,,2024
maxus,minibus,new v80 fl minibus 12+1 e5,,,,
maxus,minibus,new v80 fl minibus 12+1 e5 dlx,,,,
maxus,minibus,new v80 fl minibus 15+1 e5 dlx,,,,
maxus,minibus,new v80 fl van escolar e5,,,,
maxus,minibus,v80 12+1,,,,
maxus,minibus,v80 15+1,,,,
maxus,minibus,v90 escolar,,,,
maxus,minibus,v90 minibus 15+1 a3,,,,
maxus,minibus,v90 minibus 15+1 a4,,,AT,
maxus,minibus,v90 minibus 15+1 dr,,,AT,
maxus,minibus,v90 minibus 16+1 a4 dr,,,,
maxus,minibus,v90 minibus techo alto 15+1 a4,,,,
maxus,minibus,v90 minibus techo medio 15+1 a3,,,,
nissan,minibus,nv350 2.5l,,,,
nissan,minibus,nv350 2.5l bus wide s long 15 pas,,,,
nissan,minibus,nv350 2.5l escolar 24pas,,,,
nissan,minibus,nv350 2.5l pasajeros 15,,,,
nissan,minibus,nv350 2.5l turismo confort,,,,
nissan,minibus,nv350 2.5l wide s-long cargo,,,,
nissan,minibus,nv350 2.5l wide s-long,,,MT,
nissan,minibus,nv350 2.5l wide s-long school bus,,,MT,
nissan,minibus,nv350 wide s-long bus 2.5d,,,MT,
nissan,minibus,nv350 wide s-long bus 2.5d (school bus),,,MT,
nissan,minibus,nv350 wide s-long bus 2.5l,,,MT,
nissan,minibus,nv350 wide s-long bus 2.5l (school bus),,,MT,
peugeot,minibus,boxer escolar l2h2 25p bluehdi 160,,,,
peugeot,minibus,traveller active l3 8p bluehdi 150 mt6,2.0,,,
peugeot,minibus,traveller active l3 8p bluehdi 180,2.0,,EAT8,
peugeot,minibus,traveller business l3 8p bluehdi 180,,,EAT8,2024
peugeot,minibus,traveller business l3 9p bluehdi 145,,,,2024
peugeot,minibus,traveller business l3 9p bluehdi 150,,,,
toyota,minibus,hiace pasajeros 2.8l l1h1 11pas,,,,
toyota,minibus,hiace pasajeros 2.8l l2h2 9pas,,,,
toyota,minibus,hiace turismo l1h1 gl,,,,
toyota,minibus,hiace turismo l1h1,,,MT,2024
toyota,minibus,hiace turismo l2h2 gl,,,,
toyota,minibus,turismo l1h1 gl,,,,
toyota,minibus,turismo l2h2 gl,,,,
changan,furgon,m 201 cargo,,,,2024
changan,furgon,m 201 cargo ac,,,,2024
changan,furgon,m201 1.2l furgon,,,,
changan,furgon,m201 1.2l furgon ac,,,,
changan,furgon,md201 1.2l cargo box,,,,
changan,furgon,md201 1.2l cargo box ac,,,,
chevrolet,furgon,n 400 max l ac p,1.5,,MT,2024
chevrolet,furgon,n 400 max l p,1.5,,MT,2024
chevrolet,furgon,n400 max 1.5l,,,,
chevrolet,furgon,n400 max 1.5l ac,,,,
chevrolet,furgon,n400 max ii 1.5l,,,MT,
chevrolet,furgon,n400 max ii 1.5l ac,,,MT,
chevrolet,furgon,n400 max ll l,1.5,,MT,
chevrolet,furgon,n400 max ll l ac,1.5,,MT,
citroen,furgon,berlingo cargo hdi 92 bvm5 m,1.6,,,2024
citroen,furgon,berlingo cargo hdi 92 bvm5 xl,1.6,,,2024
citroen,furgon,jumper cargo l2h2 bluehdi 165 s&s bvm6,,,,2024
citroen,furgon,jumper cargo l3h2 bluehdi 165 s&s bvm6,,,,2024
citroen,furgon,jumper cargo l4h2 bluehdi 165 s&s bvm6,,,,2024
citroen,furgon,jumper l1h1 bluehdi 163 s&s bvm6,,,,
citroen,furgon,jumper l2h2 bluehdi 163 s&s bvm6,,,,
citroen,furgon,jumper l2h2 bluehdi 163 s&s bvm6 escolar,,,,
citroen,furgon,jumper l3 chasis cabina bluehdi 163 s&s bvm6,,,,
citroen,furgon,jumper l3h2 bluehdi 163 s&s bvm6,,,,
citroen,furgon,jumper l4h2 bluehdi 163 s&s bvm6,,,,
citroen,furgon,jumpy cargo bluehdi 150 s&s bvm6 xl,,,,2024
citroen,furgon,new berlingo m hdi 92 bvm,1.6,,,
citroen,furgon,new berlingo xl hdi 92 bvm,1.6,,,
citroen,furgon,new jumpy comfort xl hdi 150 bvm6,,,,
citroen,furgon,new jumpy comfort xl hdi 150 bvm6 escolar,,,,
farizon,furgon,v6e,,,AT,2024
fiat,furgon,ducato 2.3l maxi cargo l1h1,,,,
fiat,furgon,ducato 2.3l maxi cargo l1h1 aa 8mt3,,,,
fiat,furgon,ducato 2.3l maxi cargo l2h2,,,,
fiat,furgon,ducato 2.3l maxi cargo l2h2 aa mt3,11.5,,,
fiat,furgon,ducato 2.3l maxi cargo l3h2,,,,
fiat,furgon,ducato 2.3l maxi cargo l3h2 aa 13 mt3,,,,
fiat,furgon,ducato 2.3l maxi cargo l3h2 aa 17 mt3,,,,
fiat,furgon,ducato 2.3l maxi cargo l3h2 ac,,,,
fiat,furgon,ducato maxi cargo l1 h1,,,,
fiat,furgon,ducato maxi cargo l1 h1 aa(8mt3),,,,
fiat,furgon,ducato maxi cargo l1 h1,,,MT,2024
fiat,furgon,ducato maxi cargo l2 h2,,,,
fiat,furgon,"ducato maxi cargo l2 h2 aa (11,5mt3)",,,,
fiat,furgon,ducato maxi cargo l3 h2,,,,
fiat,furgon,ducato maxi cargo l3 h2 aa (13mt3),,,,
fiat,furgon,ducato maxi cargo l4 h3,,,,
fiat,furgon,ducato maxi cargo l4 h3 aa (17mt3),,,,
ford,furgon,transit 2.2l tdci techo alto,,,,
ford,furgon,transit furgon largo-techo alto,,,,
hyundai,furgon,h-350 furgon solati cargo van,,,,
hyundai,furgon,h-350 furgon solati cargo van / carga refrigerada,,,,
hyundai,furgon,h-350 furgon solati cargo van / carga refrigerada /plataforma,,,,
jac,furgon,refine 1.9l furgon,,,,
jac,furgon,sunray cargo,,,,
kyc,furgon,v3 cargo van,,,MT,2024
kyc,furgon,v5 cargo van,,,MT,2024
maxus,furgon,deliver 9 cargo l2h2,,,,2024
maxus,furgon,edeliver 9 l2h2,,,,2024
maxus,furgon,edeliver 9 l3h2,,,,2024
maxus,furgon,ev30 cargo van,,,,
maxus,furgon,ev80 cargo van,,,,
maxus,furgon,g-10 1.9l cargo,,,,
maxus,furgon,g10 cargo,,,,
maxus,furgon,g10 cargo,,,,2024
maxus,furgon,"new v80 fl cargo van 11,5 m3 e5",,,,
maxus,furgon,v90 12m3 l3h3,,,,
maxus,furgon,v90 13m3 l3h3,,,,
nissan,furgon,nv350 2.5l,,,,
nissan,furgon,nv350 2.5l cargo wide s-long,,,,
nissan,furgon,nv350 2.5l escolar 24pas,,,,
nissan,furgon,nv350 wide s-long cargo 2.5d,,,MT,
nissan,furgon,nv350 wide s-long cargo 2.5l,,,MT,
opel,furgon,combo td,1.5,,MT,2024
opel,furgon,combo 1.6l hdi l1,,,,
opel,furgon,movano cargo van l2h2,,,MT,2024
opel,furgon,vivaro td,2.0,,,
opel,furgon,vivaro td,2.0,,MT,2024
peugeot,furgon,boxer 2.0l furgon l2h2,,,,
peugeot,furgon,boxer 2.0l furgon l3h2,,,,
peugeot,furgon,boxer 2.0l furgon l4h2,,,,
peugeot,furgon,boxer furgon d/c l4h2 bluehdi 165,,,,2024
peugeot,furgon,boxer furgon l2h2 bluehdi 160,,,,
peugeot,furgon,boxer furgon l2h2 bluehdi 165,,,MT,2024
peugeot,furgon,boxer furgon l3h2 bluehdi 160,,,,
peugeot,furgon,boxer furgon l3h2 bluehdi 165,,,MT,2024
peugeot,furgon,boxer furgon l4h2 bluehdi 160,,,,
peugeot,furgon,boxer furgon l4h2 bluehdi 165,,,MT,2024
peugeot,furgon,expert l3 bluehdi 145,,,MT,2024
peugeot,furgon,expert l3 hdi 150,,,,
peugeot,furgon,partner 1.6l l1,,,,
peugeot,furgon,partner 1.6l l2,,,,
peugeot,furgon,partner l1 bluehdi 100,,,MT,2024
peugeot,furgon,partner l1 ev,,,AT,2024
peugeot,furgon,partner l1 hdi 90,,,,
peugeot,furgon,partner l2 bluehdi 100,,,MT,2024
peugeot,furgon,partner l2 hdi 90,,,,
peugeot,furgon,traveller active l3 8p bluehdi 180,,,AT,2024
peugeot,furgon,traveller business l3 9p bluehdi 145,,,MT,2024
ram,furgon,ram v700 city multijet 16v euro v,1.3,,,
ram,furgon,ram v700 city evo 8v euro vi,1.4,,,
ram,furgon,ram v700 city diesel,,,,
ram,furgon,ram v700 city gasolina,,,,
ram,furgon,"ram van 700 rapid 1,4l st (3,1mts3)",,,,
ram,furgon,"ram van 700 rapid 1,4l st aa (3,1mts3)",,,,
ram,furgon,v 700 city 1.3l,,,,2024
ram,furgon,v1000 100o cargo xl 1.6l 5mt3,,,,
ram,furgon,v1000 cargo corto 1.3l mt3,3.4,,,
ram,furgon,v1000 cargo largo 1.3l mt3,3.8,,,
ram,furgon,v1000 corto,,,,
ram,furgon,v1000 corto 1.3l,,,,2024
ram,furgon,v1000 largo,,,,
ram,furgon,v1000 xl,,,,
ram,furgon,v700 city 1.4l,,,,
ram,furgon,v700 city diesel,,,,
ram,furgon,v700 rapid 1.4l,,,,2024
ram,furgon,v700 rapid 1.4l st,,,,
ram,furgon,v700 rapid 1.4l st aa,,,,
ram,furgon,van cargo corto,,,,1000
ram,furgon,"van cargo corto 1,3l (3,4mts3)",,,,1000
ram,furgon,van cargo l,,,,1000
ram,furgon,"van cargo large 1,3l (3,8mts3)",,,,1000
ram,furgon,van cargo xl,,,,1000
ram,furgon,"van cargo xl 1,6l (5mts3)",,,,1000
ram,furgon,"van 700 rapid 1,4l st",,,,
renault,furgon,dokker 1.5l furgon ac,,,,
renault,furgon,kangoo z.e l1,,,,
renault,furgon,kangoo z.e l2,,,,
toyota,furgon,hiace cargo l1h1,,,,2024
toyota,furgon,hiace furgon 2.8l l1h1,,,,
toyota,furgon,hiace furgon 2.8l l1h1b,,,,
toyota,furgon,hiace furgon 2.8l l2h2b,,,,
chery,hatchback,iq 1.0l gls,,,,
chevrolet,hatchback,spark gt ii activ,1.2,,MT,
chevrolet,hatchback,spark gt ii lt ac,1.2,,MT,
chevrolet,hatchback,spark gt ii lt ac full,1.2,,MT,
chevrolet,hatchback,spin activ 1.8l aut,,,,
citroen,hatchback,c3 1.2l puretech 110 feel aut,,,,
citroen,hatchback,c3 1.2l puretech 82 feel,,,,
citroen,hatchback,c3 1.2l puretech 82 live,,,,
citroen,hatchback,c3 1.5l bluehdi 100 s&s feel,,,,
citroen,hatchback,c3 1.5l bluehdi 100 s&s live,,,,
citroen,hatchback,c3 1.5l bluehdi 100 s&s shine,,,,
fiat,hatchback,500 1.2l pop,,,,
fiat,hatchback,500 1.2l pop aut,,,,
fiat,hatchback,500 1.2l pop,,,MT,
fiat,hatchback,500 1.4l lounge,,,,
fiat,hatchback,500 1.4l lounge aut,,,,
fiat,hatchback,500 lounge,1.4,,AT,
fiat,hatchback,500 lounge,1.4,,MT,
fiat,hatchback,500 pop,1.2,,AT,
fiat,hatchback,500 pop,1.2,,MT,
fiat,hatchback,500 sport,1.4,,,
fiat,hatchback,500 sport,1.4,,AT,
fiat,hatchback,500c l pop,1.2,,AT,
fiat,hatchback,500c l pop,1.2,,MT,
fiat,hatchback,500c l pop,1.4,,AT,
fiat,hatchback,500c l pop,1.4,,MT,
fiat,hatchback,argo 1.3l drive elx,,,,
fiat,hatchback,argo 1.3l drive gse,,,,
fiat,hatchback,"argo drive 1,3 gse",,,,
fiat,hatchback,"argo drive elx 1,3 gse",,,,
fiat,hatchback,argo trekking 1.3l trekking,,,,
fiat,hatchback,mobi 1.0l way cross plus,,,,
fiat,hatchback,qubo dynamic,,,,
fiat,hatchback,qubo dynamic,1.4,,,
honda,hatchback,civic si t,1.5,,MT,
honda,hatchback,civic si t sensing (new),1.5,,MT,
mazda,hatchback,3 sport 2.0l s,,,,
mazda,hatchback,3 sport 2.0l v,,,,
mazda,hatchback,3 sport 2.0l v aut,,,,
mazda,hatchback,3 sport 2.5l gtx,,,,
mazda,hatchback,3 sport 2.5l gtx aut,,,,
mitsubishi,hatchback,mirage 1.2l gl,,,,
mitsubishi,hatchback,mirage 1.2l gls,,,,
mitsubishi,hatchback,mirage 1.2l glx,,,,
mitsubishi,hatchback,mirage gl,,,,
mitsubishi,hatchback,mirage gl,,,MT,
mitsubishi,hatchback,mirage gls,,,,
mitsubishi,hatchback,mirage gls,,,MT,
mitsubishi,hatchback,mirage glx,,,,
mitsubishi,hatchback,mirage glx,,,MT,
nissan,hatchback,leaf,,,,
opel,hatchback,corsa 1.2l edition,,,,
opel,hatchback,corsa 1.2t edition,,,,
opel,hatchback,corsa 1.2t edition aut,,,,
opel,hatchback,corsa edition 1.2t at8,,,,
opel,hatchback,corsa edition 1.2t mt6,,,,
opel,hatchback,corsa edition 1.5td mt6,,,,
opel,hatchback,corsa gs line 1.2t at8,,,,
peugeot,hatchback,308 1.2l active puretech 130 hp,,,,
peugeot,hatchback,308 1.6l allure thp 165,,,EAT6,
peugeot,hatchback,308 allure thp 165,,,EAT6,
renault,hatchback,kwid 1.0l intens,,,,
renault,hatchback,kwid 1.0l life,,,,
renault,hatchback,kwid 1.0l outsider,,,,
suzuki,hatchback,alto 800 0.8l gl,,,,
suzuki,hatchback,alto 800 0.8l glx,,,,
suzuki,hatchback,alto 800 0.8l glx ac,,,,
suzuki,hatchback,baleno 1.4l gl,,,,
suzuki,hatchback,baleno 1.4l gls,,,,
suzuki,hatchback,baleno 1.4l gls aut,,,,
suzuki,hatchback,baleno 1.4l glx,,,,
suzuki,hatchback,baleno 1.4l glx aut,,,,
suzuki,hatchback,s-presso 1.0l glx ac,,,,
suzuki,hatchback,s-presso 1.0l glx adventure,,,,
suzuki,hatchback,swift 1.0l boosterjet glx,,,,
suzuki,hatchback,swift sport 1.4l,,,,
suzuki,hatchback,swift sport 1.4l aut,,,,
toyota,hatchback,aygo 5 puertas x-r5,,,,
toyota,hatchback,aygo x-cite,,,,
toyota,hatchback,aygo x-g3,,,,
toyota,hatchback,aygo x-g5,,,,
toyota,hatchback,aygo x-r3,,,,
toyota,hatchback,corolla sport 1.2l se,,,,
toyota,hatchback,corolla sport 1.2l se aut,,,,
toyota,hatchback,corolla sport s hv,1.8,,CVT,
toyota,hatchback,corolla sport se turbo,1.2,,CVT,
toyota,hatchback,corolla sport se turbo,1.2,,MT,
toyota,hatchback,corolla sport se hv,1.8,,CVT,
toyota,hatchback,corolla sport turbo 1.2l se,,,CVT,
toyota,hatchback,prius c,,,,
toyota,hatchback,prius hibrido,,,,
toyota,hatchback,yaris sport 1.5l gle,,,AT,
toyota,hatchback,yaris sport 1.5l gle,,,MT,
toyota,hatchback,yaris sport 1.5l gli,,,,
toyota,hatchback,yaris sport 1.5l gli aut,,,,
toyota,hatchback,yaris sport 1.5l sport,,,,
toyota,hatchback,yaris sport 1.5l sport aut,,,,
toyota,hatchback,yaris sport 1.5l sport,,,MT,
toyota,hatchback,yaris sport gle,,,AT,
toyota,hatchback,yaris sport gle,,,MT,
toyota,hatchback,yaris sport sport,,,AT,
toyota,hatchback,yaris sport sport,,,MT,
volkswagen,hatchback,gol 1.6l comfortline,,,,
volkswagen,hatchback,gol 1.6l highline,,,,
volkswagen,hatchback,gol 1.6l highline aut,,,,
volkswagen,hatchback,gol 1.6l trendline,,,,
volkswagen,hatchback,polo 1.6l msi comfortline,,,,
volkswagen,hatchback,polo 1.6l msi comfortline aut,,,,
volkswagen,hatchback,polo 1.6l msi highline,,,,
volkswagen,hatchback,polo 1.6l msi highline aut,,,,
volkswagen,hatchback,polo 1.6l msi trendline,,,,